Date/Time,BLOCK TESTBLOCK STOREY 0:Zone Mean Air Temperature [C](Hourly),BLOCK TESTBLOCK STOREY 1:Zone Mean Air Temperature [C](Hourly) 
 01/01  01:00:00,10.107978355439546,5.335879760645611 
 01/01  02:00:00,9.728736265192822,4.913944689050158 
 01/01  03:00:00,9.518941820604825,4.6232847975044299 
 01/01  04:00:00,9.334822206737082,4.346298838201326 
 01/01  05:00:00,9.134322007425008,4.051882060126164 
 01/01  06:00:00,8.95218231837733,3.7655627554694766 
 01/01  07:00:00,8.865982477573736,3.546760526134612 
 01/01  08:00:00,8.805941640152567,3.3371175079544477 
 01/01  09:00:00,8.997927178866762,3.385228767447395 
 01/01  10:00:00,10.715382042846788,4.917653281999444 
 01/01  11:00:00,11.92068725592061,6.217593564453096 
 01/01  12:00:00,12.781517040824973,7.10907494747057 
 01/01  13:00:00,13.544631676545116,7.910917119569937 
 01/01  14:00:00,13.897286322523712,8.381212293377513 
 01/01  15:00:00,14.478573484203123,9.084467393929569 
 01/01  16:00:00,14.265095439184244,8.959841226156709 
 01/01  17:00:00,12.979338060326326,7.7611951063215109 
 01/01  18:00:00,12.238864738760274,7.11961547571852 
 01/01  19:00:00,11.855150552945908,6.829120499105933 
 01/01  20:00:00,11.357713652786402,6.477564419224995 
 01/01  21:00:00,11.084757380193322,6.266082195382989 
 01/01  22:00:00,10.913696211738472,6.116710297203024 
 01/01  23:00:00,10.760034272584714,5.964729678955699 
 01/01  24:00:00,10.600034368597964,5.787454610370954 
 01/02  01:00:00,10.483461726683054,5.624068445082003 
 01/02  02:00:00,10.391621067973551,5.469326286115395 
 01/02  03:00:00,10.305362113048468,5.312444082956822 
 01/02  04:00:00,10.27198575592923,5.17942816847884 
 01/02  05:00:00,10.263589617703131,5.067599175306484 
 01/02  06:00:00,10.27619870588227,4.978867651435506 
 01/02  07:00:00,10.244376208384713,4.886068101724426 
 01/02  08:00:00,10.22783623319643,4.823558019381421 
 01/02  09:00:00,10.248566025636638,4.804592325789086 
 01/02  10:00:00,10.38768246628808,4.899618405487641 
 01/02  11:00:00,10.631016921778456,5.107842637989967 
 01/02  12:00:00,10.884008615363534,5.343574177123048 
 01/02  13:00:00,11.24367821521371,5.692663962892569 
 01/02  14:00:00,11.740395804548993,6.2266929137149769 
 01/02  15:00:00,12.190787940332035,6.742485884416383 
 01/02  16:00:00,12.09115551139002,6.751613995345357 
 01/02  17:00:00,11.656688277604433,6.4000086275696159 
 01/02  18:00:00,11.319605679611075,6.150542686099843 
 01/02  19:00:00,11.194782500388435,6.105122823987639 
 01/02  20:00:00,11.165166268441969,6.14427345905233 
 01/02  21:00:00,11.136795659152615,6.170197702304072 
 01/02  22:00:00,11.093684007985962,6.175739689423112 
 01/02  23:00:00,11.044092315290385,6.171139169661523 
 01/02  24:00:00,11.01127257186531,6.176645066315951 
 01/03  01:00:00,10.754952239195085,5.983263726442459 
 01/03  02:00:00,10.41190556659137,5.666175844428295 
 01/03  03:00:00,9.98398221464632,5.240530791990807 
 01/03  04:00:00,9.693631875141428,4.937140295894679 
 01/03  05:00:00,9.393303789867162,4.620993214052984 
 01/03  06:00:00,9.088586472981288,4.284220576138841 
 01/03  07:00:00,8.83321373023214,3.9898821544713716 
 01/03  08:00:00,8.607104193254717,3.708774298123715 
 01/03  09:00:00,8.491272752286209,3.5300283927914335 
 01/03  10:00:00,9.36488852209216,4.368649736551378 
 01/03  11:00:00,10.438594842225538,5.408170618082759 
 01/03  12:00:00,11.155079396108747,6.13253413466158 
 01/03  13:00:00,11.795768463394138,6.736567995456318 
 01/03  14:00:00,11.944404365650888,6.894213715434334 
 01/03  15:00:00,11.829706416700706,6.806165400780546 
 01/03  16:00:00,11.553156335756933,6.515159477410351 
 01/03  17:00:00,10.772701664278474,5.688258227831428 
 01/03  18:00:00,10.008652727975786,4.892505471360824 
 01/03  19:00:00,9.68300986192115,4.518245315446721 
 01/03  20:00:00,9.321475710192403,4.077416872726486 
 01/03  21:00:00,9.13856411081435,3.7954444020467656 
 01/03  22:00:00,8.92992474842585,3.5066944260275458 
 01/03  23:00:00,8.733014171209938,3.2328321973719067 
 01/03  24:00:00,8.503013447347446,2.9022243244274414 
 01/04  01:00:00,8.329530506582485,2.6119123699661745 
 01/04  02:00:00,8.178771170281776,2.3321133562071245 
 01/04  03:00:00,8.031208048653662,2.053120095615227 
 01/04  04:00:00,7.870816724956028,1.7722473510975654 
 01/04  05:00:00,7.714278283654569,1.4979398671329328 
 01/04  06:00:00,7.5603038198383649,1.2253538385858609 
 01/04  07:00:00,7.457523559579739,0.9702945812162858 
 01/04  08:00:00,7.390227377277863,0.7352837297369702 
 01/04  09:00:00,7.587746934287322,0.7891365783464761 
 01/04  10:00:00,9.442839425860097,2.4012624535857789 
 01/04  11:00:00,10.76307959959194,3.890295976749683 
 01/04  12:00:00,11.522068946758937,4.7273213693561149 
 01/04  13:00:00,12.313022549025263,5.577153536685897 
 01/04  14:00:00,12.864496879495516,6.2691313687731509 
 01/04  15:00:00,13.467292293135529,7.010029823198895 
 01/04  16:00:00,13.601857690842625,7.2184010872978379 
 01/04  17:00:00,12.484590011730712,6.2976129438094079 
 01/04  18:00:00,11.379195268206065,5.3288611822053248 
 01/04  19:00:00,11.04852065878018,5.126884118072514 
 01/04  20:00:00,10.75768562429253,4.993440635697297 
 01/04  21:00:00,10.546478264065227,4.896455950053467 
 01/04  22:00:00,10.403049669926319,4.816275493197801 
 01/04  23:00:00,10.303895555185973,4.742428308519276 
 01/04  24:00:00,10.199622478424323,4.650699912047584 
 01/05  01:00:00,10.103838746319476,4.552873151501977 
 01/05  02:00:00,9.997582450102677,4.4364098341582489 
 01/05  03:00:00,9.917773487503228,4.337382698360852 
 01/05  04:00:00,9.821915852925145,4.218919501389751 
 01/05  05:00:00,9.745459261252125,4.110139692416833 
 01/05  06:00:00,9.684422674454752,4.013442937821064 
 01/05  07:00:00,9.644793746269619,3.945205865038018 
 01/05  08:00:00,9.607441148485412,3.8829940297719278 
 01/05  09:00:00,9.606505953135523,3.85828128832365 
 01/05  10:00:00,9.693718287893024,3.925696298667395 
 01/05  11:00:00,9.850811817184736,4.07064163539366 
 01/05  12:00:00,9.63878048852743,4.088278220348211 
 01/05  13:00:00,10.059619514478087,4.32736253039822 
 01/05  14:00:00,10.27773624458872,4.494029782635868 
 01/05  15:00:00,10.050300776163129,4.511151596005552 
 01/05  16:00:00,10.033962529301359,4.403952056350792 
 01/05  17:00:00,9.945485960925803,4.212652883105202 
 01/05  18:00:00,9.52864873813042,4.0773059510279989 
 01/05  19:00:00,9.567100486926654,3.9820649374914787 
 01/05  20:00:00,9.60537803342439,3.933506494195263 
 01/05  21:00:00,9.558841679159896,3.913344253934289 
 01/05  22:00:00,9.560359300764472,3.9196680029003199 
 01/05  23:00:00,9.604710065110514,3.938972902573197 
 01/05  24:00:00,9.649623544441259,3.953844779978733 
 01/06  01:00:00,9.591906375773015,3.8974595904544278 
 01/06  02:00:00,9.479895049669807,3.7983109695461625 
 01/06  03:00:00,9.373533774968209,3.6989240425932 
 01/06  04:00:00,9.32369285604165,3.6393473194403715 
 01/06  05:00:00,9.282334840647497,3.58636499726704 
 01/06  06:00:00,9.235633415947174,3.5275629537965385 
 01/06  07:00:00,9.181197939094572,3.4662378400517697 
 01/06  08:00:00,9.123307630783117,3.4019626672392349 
 01/06  09:00:00,9.098027669616041,3.37050146127673 
 01/06  10:00:00,9.369687541588333,3.6226774799153644 
 01/06  11:00:00,9.874792459320148,4.087804824026245 
 01/06  12:00:00,10.52908726260996,4.727666809870714 
 01/06  13:00:00,11.250562926154505,5.585113005310963 
 01/06  14:00:00,12.24015260360192,6.815910679552415 
 01/06  15:00:00,13.208658209775738,7.988270352263285 
 01/06  16:00:00,13.547926103427895,8.54159117490051 
 01/06  17:00:00,12.928897407761962,7.915459634536251 
 01/06  18:00:00,12.230978183352719,7.333560814095166 
 01/06  19:00:00,11.790033667648349,7.008884471779693 
 01/06  20:00:00,11.347435936542258,6.6331536472368939 
 01/06  21:00:00,11.077142368018695,6.410369922065627 
 01/06  22:00:00,10.952119853945746,6.336751286889121 
 01/06  23:00:00,10.871589138842012,6.291568353506863 
 01/06  24:00:00,10.782624394028668,6.2138491940679529 
 01/07  01:00:00,10.665540950024207,6.083840054699319 
 01/07  02:00:00,10.543465950289415,5.931777329909247 
 01/07  03:00:00,10.426990696417459,5.774792523949086 
 01/07  04:00:00,10.3976600075096,5.692703067243757 
 01/07  05:00:00,10.388288094625097,5.628944993312072 
 01/07  06:00:00,10.397333847347929,5.579626748126284 
 01/07  07:00:00,10.383902590365138,5.503945738387663 
 01/07  08:00:00,10.355597893165378,5.40924088254372 
 01/07  09:00:00,10.378698920156742,5.364402907938595 
 01/07  10:00:00,10.587892334696118,5.52714199334388 
 01/07  11:00:00,10.881891049240869,5.777225273255997 
 01/07  12:00:00,11.222232436124799,6.090052876959994 
 01/07  13:00:00,11.363154994150575,6.262089283711105 
 01/07  14:00:00,11.384685308667797,6.331643795221959 
 01/07  15:00:00,11.319844916699429,6.325906475525429 
 01/07  16:00:00,11.178045422064774,6.231244695476023 
 01/07  17:00:00,10.971611581915042,6.06402018036381 
 01/07  18:00:00,10.768067456910906,5.886323285165238 
 01/07  19:00:00,10.632093190325595,5.795997890620573 
 01/07  20:00:00,10.533286661554403,5.746014398235588 
 01/07  21:00:00,10.440717328664747,5.684575546189223 
 01/07  22:00:00,10.363353004753604,5.599539045358304 
 01/07  23:00:00,10.295746762685165,5.507276284448643 
 01/07  24:00:00,10.247953800214284,5.423152709019202 
 01/08  01:00:00,10.003205159918819,5.192344329966444 
 01/08  02:00:00,9.716069902811882,4.9168322209852068 
 01/08  03:00:00,9.345991431466159,4.5409608278371069 
 01/08  04:00:00,9.08115806476159,4.2433257070161229 
 01/08  05:00:00,8.876246640383844,3.982524682839579 
 01/08  06:00:00,8.663166890144029,3.7004745245374717 
 01/08  07:00:00,8.453965230273554,3.4427149667182719 
 01/08  08:00:00,8.154098409455316,3.076003045265759 
 01/08  09:00:00,8.029126811559215,2.8928851063014178 
 01/08  10:00:00,9.264216648969255,4.087961453415708 
 01/08  11:00:00,10.376037154201154,5.159201903849562 
 01/08  12:00:00,11.10292967041154,5.914772701476592 
 01/08  13:00:00,11.843771983505955,6.666563554924067 
 01/08  14:00:00,12.096724884039798,6.931195087926299 
 01/08  15:00:00,12.643939328890893,7.483810917537491 
 01/08  16:00:00,12.783919259403508,7.669414951052656 
 01/08  17:00:00,11.649482184811447,6.518334221911615 
 01/08  18:00:00,10.534182546318306,5.4265974105484029 
 01/08  19:00:00,9.936245449164682,4.820084198105231 
 01/08  20:00:00,9.592148930071584,4.454207787153354 
 01/08  21:00:00,9.173053911754124,3.9785475496937146 
 01/08  22:00:00,8.978346210345603,3.7127710358710415 
 01/08  23:00:00,8.781728239564723,3.4358883429440545 
 01/08  24:00:00,8.60139327598068,3.1558371462877674 
 01/09  01:00:00,8.435104251184003,2.879811169970541 
 01/09  02:00:00,8.208079526294828,2.51151812268575 
 01/09  03:00:00,8.055805582472093,2.2087072845441577 
 01/09  04:00:00,7.905115019357113,1.9433642804447049 
 01/09  05:00:00,7.759825533353874,1.6913445307374775 
 01/09  06:00:00,7.625484487972174,1.450504799437173 
 01/09  07:00:00,7.56691212999678,1.2406657228282375 
 01/09  08:00:00,7.562030013733565,1.0527024973179636 
 01/09  09:00:00,7.848285278264592,1.1656666513804606 
 01/09  10:00:00,9.544932345407429,2.694178945597627 
 01/09  11:00:00,10.654465305112721,3.971825855217855 
 01/09  12:00:00,11.433955921399841,4.810736825796681 
 01/09  13:00:00,12.178958670114453,5.610282703034836 
 01/09  14:00:00,12.53772803110611,6.09836100059797 
 01/09  15:00:00,13.143387903040497,6.836001857933118 
 01/09  16:00:00,13.259825641964629,7.022910066312846 
 01/09  17:00:00,12.232343815212018,6.180805045303918 
 01/09  18:00:00,11.136961119962077,5.198017091387527 
 01/09  19:00:00,10.643627715122144,4.8076008618353189 
 01/09  20:00:00,10.371718889416942,4.602794072412662 
 01/09  21:00:00,10.10604536070005,4.389799858154626 
 01/09  22:00:00,9.819608751244461,4.128615205722497 
 01/09  23:00:00,9.5307048656371,3.8461915548639928 
 01/09  24:00:00,9.268622223657554,3.5654263782651607 
 01/10  01:00:00,9.073727599141531,3.3350935827320429 
 01/10  02:00:00,8.887566707339479,3.1041734419227637 
 01/10  03:00:00,8.712229275376022,2.8722126770014988 
 01/10  04:00:00,8.539779445969371,2.626698714319085 
 01/10  05:00:00,8.377218523106116,2.3817534045300094 
 01/10  06:00:00,8.215470057543034,2.1337576926168366 
 01/10  07:00:00,8.131133557883749,1.9329269904534384 
 01/10  08:00:00,8.081809567289339,1.7388831143127904 
 01/10  09:00:00,8.30707123328341,1.843496488343899 
 01/10  10:00:00,9.96677773120844,3.3847467456701718 
 01/10  11:00:00,11.289885440190798,4.882047936203378 
 01/10  12:00:00,11.975721795877626,5.66024439008751 
 01/10  13:00:00,12.740733554120965,6.4979421884015109 
 01/10  14:00:00,13.226298424172079,7.146124175366213 
 01/10  15:00:00,13.816621586258979,7.889663114176551 
 01/10  16:00:00,14.023853645845698,8.168576691389461 
 01/10  17:00:00,12.957129280046753,7.271101013386485 
 01/10  18:00:00,11.844628208271349,6.251877010876618 
 01/10  19:00:00,11.313794401841646,5.829717839213039 
 01/10  20:00:00,11.007823166739679,5.603946855071204 
 01/10  21:00:00,10.621553571840398,5.300666029977048 
 01/10  22:00:00,10.398934359260961,5.102634394383742 
 01/10  23:00:00,10.236516323816648,4.917011073470472 
 01/10  24:00:00,10.074397779223283,4.707871411070155 
 01/11  01:00:00,9.890674870066741,4.475714867864819 
 01/11  02:00:00,9.696214048079817,4.2226753599152009 
 01/11  03:00:00,9.515628693332208,3.9720718746167096 
 01/11  04:00:00,9.349638762966864,3.7262293227474947 
 01/11  05:00:00,9.189247461563295,3.4780749875570708 
 01/11  06:00:00,9.026824644247612,3.223741691754314 
 01/11  07:00:00,8.935793141856723,3.0254996906212048 
 01/11  08:00:00,8.880893383867857,2.857631335889943 
 01/11  09:00:00,9.084469788061322,2.976899482584318 
 01/11  10:00:00,9.849119890319513,3.6925341139976024 
 01/11  11:00:00,10.226713317988981,4.0237339883416489 
 01/11  12:00:00,10.35891851090857,4.08849030980008 
 01/11  13:00:00,10.483398936372112,4.19946507533671 
 01/11  14:00:00,10.644875427910137,4.4080581377132959 
 01/11  15:00:00,10.714526422600122,4.543741447847143 
 01/11  16:00:00,10.86015555958812,4.753398421583994 
 01/11  17:00:00,10.754515092022775,4.691379237037305 
 01/11  18:00:00,10.282662726228037,4.218506059898348 
 01/11  19:00:00,9.90001354663728,3.9008317792214539 
 01/11  20:00:00,9.66081256370108,3.7322910275925116 
 01/11  21:00:00,9.45940764016204,3.57845738237422 
 01/11  22:00:00,9.30254885064654,3.422521193231284 
 01/11  23:00:00,9.183508093438319,3.275339112080313 
 01/11  24:00:00,9.0612438267794,3.114992634768035 
 01/12  01:00:00,8.875298218110292,2.894761284308363 
 01/12  02:00:00,8.655517689353716,2.6372540258327437 
 01/12  03:00:00,8.442011502119515,2.374481216651446 
 01/12  04:00:00,8.294584961914753,2.161252328585116 
 01/12  05:00:00,8.177366644560437,1.9681712700511028 
 01/12  06:00:00,8.058019113452558,1.770080845259476 
 01/12  07:00:00,7.958928458747422,1.6040625980733488 
 01/12  08:00:00,7.886645845839327,1.4628836533102823 
 01/12  09:00:00,8.063722086501139,1.5966367309467698 
 01/12  10:00:00,9.827620322294229,3.2563600577538605 
 01/12  11:00:00,11.335753897631707,4.98587024336147 
 01/12  12:00:00,12.321014376156299,6.093334554741033 
 01/12  13:00:00,13.234454092204113,7.088442402425844 
 01/12  14:00:00,13.832288392241614,7.874105058805508 
 01/12  15:00:00,14.587981834010778,8.7895119864049 
 01/12  16:00:00,14.666790542503538,9.05215923327566 
 01/12  17:00:00,13.926833367205808,8.407395982239346 
 01/12  18:00:00,12.903870657514102,7.56177596053732 
 01/12  19:00:00,12.40806330711392,7.221963171229923 
 01/12  20:00:00,12.079150515420374,7.026093235261464 
 01/12  21:00:00,11.728279873988165,6.794173100249475 
 01/12  22:00:00,11.498367057727501,6.663332973916733 
 01/12  23:00:00,11.292880220838577,6.5295844750174949 
 01/12  24:00:00,11.089008084263682,6.364375657821345 
 01/13  01:00:00,10.9167021395416,6.190149732193672 
 01/13  02:00:00,10.782604610887044,6.025732328553832 
 01/13  03:00:00,10.66142107420268,5.861519830280373 
 01/13  04:00:00,10.548000256000803,5.709353684286305 
 01/13  05:00:00,10.455965883900469,5.572371228676403 
 01/13  06:00:00,10.373263023415161,5.437536876789165 
 01/13  07:00:00,10.289663621727934,5.299122532526586 
 01/13  08:00:00,10.22580160696071,5.172777858963327 
 01/13  09:00:00,10.216947293511206,5.108908559728892 
 01/13  10:00:00,10.655768900802169,5.503726385766665 
 01/13  11:00:00,11.228148002089008,5.989985823383278 
 01/13  12:00:00,11.901884605776934,6.583245992148759 
 01/13  13:00:00,12.199023533874933,6.895330142180006 
 01/13  14:00:00,12.565160853913996,7.303564859966645 
 01/13  15:00:00,12.725984559797043,7.533648917900024 
 01/13  16:00:00,12.557025117605,7.495506407875305 
 01/13  17:00:00,12.20716526059911,7.26081827826963 
 01/13  18:00:00,11.897295286289058,7.039251979117852 
 01/13  19:00:00,11.649206758235673,6.89091704763349 
 01/13  20:00:00,11.473900598606889,6.808616251153469 
 01/13  21:00:00,11.301876549951342,6.709719878892851 
 01/13  22:00:00,11.191122139000532,6.629952901068931 
 01/13  23:00:00,11.119785904657004,6.562872407868692 
 01/13  24:00:00,11.058552722559899,6.490078121115524 
 01/14  01:00:00,11.0361584007421,6.453538514009695 
 01/14  02:00:00,11.02200794600157,6.420357020728633 
 01/14  03:00:00,11.002714773884739,6.375761152628068 
 01/14  04:00:00,10.903903837714358,6.245469282652616 
 01/14  05:00:00,10.762908241748307,6.067764746328689 
 01/14  06:00:00,10.302238790160909,5.782610106379465 
 01/14  07:00:00,10.385273660701854,5.712838316786778 
 01/14  08:00:00,10.448126169662445,5.656741575145937 
 01/14  09:00:00,10.075776318621223,5.4794963538861289 
 01/14  10:00:00,10.316418133532832,5.587639752866006 
 01/14  11:00:00,10.5819676329327,5.777043698274426 
 01/14  12:00:00,10.534803186617733,5.889318640057273 
 01/14  13:00:00,10.907217327123562,6.117345222344583 
 01/14  14:00:00,11.15426046981584,6.298580912111173 
 01/14  15:00:00,11.240678630290445,6.384106850566138 
 01/14  16:00:00,11.186376524727143,6.320994815378275 
 01/14  17:00:00,11.063587543421752,6.1716130439091929 
 01/14  18:00:00,10.937033077244342,6.014466052622351 
 01/14  19:00:00,10.791132050772545,5.874784838010483 
 01/14  20:00:00,10.645582975006274,5.741569788819679 
 01/14  21:00:00,10.4972083171988,5.594399998192268 
 01/14  22:00:00,10.436993874434263,5.512622654709355 
 01/14  23:00:00,10.41915859798869,5.464816451191541 
 01/14  24:00:00,10.387786073778436,5.399772508200286 
 01/15  01:00:00,10.295238183122042,5.284774199243674 
 01/15  02:00:00,10.1706343113047,5.1408201641077959 
 01/15  03:00:00,10.05533014187699,5.004120227629956 
 01/15  04:00:00,10.012082977532586,4.918040278722813 
 01/15  05:00:00,9.973651765060664,4.833251792016056 
 01/15  06:00:00,9.940988649662917,4.754185022817102 
 01/15  07:00:00,9.896646124055329,4.67075053654955 
 01/15  08:00:00,9.857560817243332,4.59568445099731 
 01/15  09:00:00,9.83706026798377,4.543786666466872 
 01/15  10:00:00,9.945528409190807,4.614700769271849 
 01/15  11:00:00,10.150821697625416,4.794422542077788 
 01/15  12:00:00,10.378392833732546,5.00888599755051 
 01/15  13:00:00,10.521620599265795,5.1700921465426499 
 01/15  14:00:00,10.592006862640436,5.266790305609619 
 01/15  15:00:00,10.590448333481643,5.294207063633395 
 01/15  16:00:00,10.482797704663968,5.215750347002914 
 01/15  17:00:00,10.285032003518957,5.049756258986729 
 01/15  18:00:00,10.088663563597134,4.88470663256654 
 01/15  19:00:00,9.991825728119287,4.801476848193434 
 01/15  20:00:00,9.936782694046763,4.750685515870566 
 01/15  21:00:00,9.896677873590554,4.701835285205047 
 01/15  22:00:00,9.778777478446719,4.590876588284161 
 01/15  23:00:00,9.628381061978946,4.440303691096291 
 01/15  24:00:00,9.48231785339614,4.285335798334186 
 01/16  01:00:00,9.312854470793349,4.092124601831405 
 01/16  02:00:00,9.133414990668057,3.876598038010702 
 01/16  03:00:00,8.951002249797064,3.650236783437451 
 01/16  04:00:00,8.778845128758512,3.438311046528137 
 01/16  05:00:00,8.607534766585827,3.2260043308296915 
 01/16  06:00:00,8.435118258958625,3.0007596447995819 
 01/16  07:00:00,8.279565241612444,2.771891227828202 
 01/16  08:00:00,8.132537683263044,2.5389167353722015 
 01/16  09:00:00,8.273620922233459,2.6148243046992225 
 01/16  10:00:00,9.833184525514664,4.104495639673946 
 01/16  11:00:00,11.06294179461379,5.50082051760409 
 01/16  12:00:00,11.628305653335865,6.121977477102993 
 01/16  13:00:00,12.34704703866607,6.909092294874382 
 01/16  14:00:00,12.612172124850469,7.2467042684796809 
 01/16  15:00:00,13.144082163946412,7.866606207523505 
 01/16  16:00:00,13.353650963356554,8.132495377409413 
 01/16  17:00:00,12.558297398562708,7.417052391385859 
 01/16  18:00:00,11.349026487276355,6.226445508564662 
 01/16  19:00:00,10.700854707305247,5.631145356347066 
 01/16  20:00:00,10.305620128945457,5.269232226203407 
 01/16  21:00:00,9.85662350387701,4.828671205219621 
 01/16  22:00:00,9.622611762816132,4.559149703283878 
 01/16  23:00:00,9.404564643037862,4.279038894534395 
 01/16  24:00:00,9.203769322431084,4.001256154221574 
 01/17  01:00:00,8.999287963880132,3.7124311931705256 
 01/17  02:00:00,8.792615441364257,3.413682244610448 
 01/17  03:00:00,8.605536835733253,3.132749407143321 
 01/17  04:00:00,8.50448347965922,2.91653050367329 
 01/17  05:00:00,8.445705426182079,2.7261037662460168 
 01/17  06:00:00,8.389636741195478,2.5355724015757934 
 01/17  07:00:00,8.30648730977795,2.306044947388079 
 01/17  08:00:00,8.213303630598612,2.0637726330546606 
 01/17  09:00:00,8.191811361173077,1.9053896347678055 
 01/17  10:00:00,8.638514582746291,2.2535178583484924 
 01/17  11:00:00,9.562764890089696,3.1326478707995846 
 01/17  12:00:00,10.696474060226166,4.2665280738496469 
 01/17  13:00:00,11.345636814312283,4.979409972595442 
 01/17  14:00:00,11.89204119896181,5.643617357936064 
 01/17  15:00:00,12.28431959730246,6.144739918444653 
 01/17  16:00:00,12.76239248915223,6.763466314316629 
 01/17  17:00:00,11.971081803940783,6.1186404776208909 
 01/17  18:00:00,10.907630156779652,5.125186647363799 
 01/17  19:00:00,10.207489194359987,4.536029980900738 
 01/17  20:00:00,9.537817763773872,4.002787609678512 
 01/17  21:00:00,9.59076202060234,4.067350449580561 
 01/17  22:00:00,9.585539772177589,4.035670898137361 
 01/17  23:00:00,9.375184493046119,3.8223402403421686 
 01/17  24:00:00,9.133231211896066,3.579497480606134 
 01/18  01:00:00,8.905717507408183,3.3141980968041016 
 01/18  02:00:00,8.690813091090503,3.0381045681271887 
 01/18  03:00:00,8.470342293868564,2.7517741460641544 
 01/18  04:00:00,8.309094001929669,2.5043353159916497 
 01/18  05:00:00,8.183213158028469,2.276643868872352 
 01/18  06:00:00,8.067839234108897,2.0465655419693715 
 01/18  07:00:00,7.990385221944946,1.8525124069860549 
 01/18  08:00:00,7.938606671551828,1.6831768535497338 
 01/18  09:00:00,8.210935567576213,1.862641337057597 
 01/18  10:00:00,9.889534601500844,3.4269125111127538 
 01/18  11:00:00,11.17715927871492,4.903572467416261 
 01/18  12:00:00,11.814535322373136,5.623198565444267 
 01/18  13:00:00,12.597549933735847,6.501363363450824 
 01/18  14:00:00,12.928426121254799,6.954012460137703 
 01/18  15:00:00,13.524183643530968,7.686271437331694 
 01/18  16:00:00,13.7579534825331,7.975883887512869 
 01/18  17:00:00,12.994028025742495,7.384913383507529 
 01/18  18:00:00,11.720878835111606,6.180977917829335 
 01/18  19:00:00,11.141496228357724,5.673345197806253 
 01/18  20:00:00,10.841125152524981,5.404189679928571 
 01/18  21:00:00,10.550090334555059,5.13854770712782 
 01/18  22:00:00,10.30891268834385,4.912677279797886 
 01/18  23:00:00,10.11166673272484,4.712108556747129 
 01/18  24:00:00,9.945661859438689,4.517291963521196 
 01/19  01:00:00,9.731029422927814,4.253154718346427 
 01/19  02:00:00,9.498010340989968,3.9608504209094077 
 01/19  03:00:00,9.269441566093356,3.6656070276438545 
 01/19  04:00:00,9.045663312567985,3.37774960847565 
 01/19  05:00:00,8.838365542365441,3.0987410580172538 
 01/19  06:00:00,8.622971419616152,2.809400837047212 
 01/19  07:00:00,8.55757369915613,2.6180982353691637 
 01/19  08:00:00,8.562607345384965,2.4616614217829797 
 01/19  09:00:00,8.626868602290659,2.3659852463890949 
 01/19  10:00:00,8.989332067615543,2.626616742973793 
 01/19  11:00:00,9.586809034719924,3.1349066961016289 
 01/19  12:00:00,10.184050918952558,3.713394464877091 
 01/19  13:00:00,10.443657457252721,3.9781278692140438 
 01/19  14:00:00,10.611777977324128,4.155483351646494 
 01/19  15:00:00,10.583742909554286,4.1636212121919879 
 01/19  16:00:00,10.345000712080049,3.9827431549302605 
 01/19  17:00:00,10.025357050433219,3.7176600476564856 
 01/19  18:00:00,9.6529603123983,3.4046049798234128 
 01/19  19:00:00,9.461835894487108,3.250867506198917 
 01/19  20:00:00,9.363633669424465,3.168435185064262 
 01/19  21:00:00,9.270025522292359,3.072694867190209 
 01/19  22:00:00,9.193101158335228,2.9861907009199335 
 01/19  23:00:00,9.116737666298877,2.8927123461121098 
 01/19  24:00:00,9.040406725403483,2.7864354392592096 
 01/20  01:00:00,8.994482237131212,2.7019991929847917 
 01/20  02:00:00,8.952542842697241,2.6219782159881386 
 01/20  03:00:00,8.924430180056634,2.5521963891550016 
 01/20  04:00:00,8.886406307796408,2.471810627499205 
 01/20  05:00:00,8.799766012443678,2.342578892401914 
 01/20  06:00:00,8.741102902012607,2.2308447904028307 
 01/20  07:00:00,8.716960115798808,2.1651965789705476 
 01/20  08:00:00,8.682083004208284,2.110189979470805 
 01/20  09:00:00,8.703512572790615,2.117448658495602 
 01/20  10:00:00,9.071503290713406,2.4693559301184075 
 01/20  11:00:00,9.915867889610942,3.3054332780193027 
 01/20  12:00:00,10.883887571553226,4.531724500955228 
 01/20  13:00:00,11.198811479956966,4.821455121313809 
 01/20  14:00:00,11.195002098595076,4.933316720528916 
 01/20  15:00:00,10.912926140473193,4.819543912750224 
 01/20  16:00:00,10.884300490624046,4.934409392240057 
 01/20  17:00:00,10.863854430262565,5.058641422431842 
 01/20  18:00:00,10.347025461849665,4.606739495640944 
 01/20  19:00:00,9.984759127500656,4.35634537670914 
 01/20  20:00:00,9.845747707935655,4.321122996430699 
 01/20  21:00:00,9.772340546513782,4.329530927344154 
 01/20  22:00:00,9.657613930208055,4.2476345710638869 
 01/20  23:00:00,9.530880939045794,4.12026729541106 
 01/20  24:00:00,9.423916701859798,3.994605931298882 
 01/21  01:00:00,9.267403458697367,3.815218726806599 
 01/21  02:00:00,9.09112544274909,3.6053594238649899 
 01/21  03:00:00,8.907612502521415,3.3801845083947414 
 01/21  04:00:00,8.76378801649475,3.186308436153738 
 01/21  05:00:00,8.637882943179866,3.0066027335477356 
 01/21  06:00:00,8.506538223137092,2.817112086853134 
 01/21  07:00:00,8.420720365149255,2.6490800080683316 
 01/21  08:00:00,8.373513322633661,2.5026450072116477 
 01/21  09:00:00,8.587748590355839,2.62899406336578 
 01/21  10:00:00,9.630389183545379,3.6673788808411995 
 01/21  11:00:00,10.589120005181512,4.659725517192332 
 01/21  12:00:00,11.082375526560924,5.1871818041917969 
 01/21  13:00:00,11.31814646508456,5.4388163782753848 
 01/21  14:00:00,11.462963952342447,5.654770079046253 
 01/21  15:00:00,11.378584009140266,5.666329258352105 
 01/21  16:00:00,11.148755442172876,5.532483964946449 
 01/21  17:00:00,10.769207129121057,5.217779315150919 
 01/21  18:00:00,10.257144654235772,4.757693194983519 
 01/21  19:00:00,9.971540854340141,4.53151402011611 
 01/21  20:00:00,9.786463140904639,4.403842886687628 
 01/21  21:00:00,9.632727453180623,4.283524711557064 
 01/21  22:00:00,9.485022701778736,4.1276380646502919 
 01/21  23:00:00,9.338329865390165,3.9446347683665126 
 01/21  24:00:00,9.196824268378446,3.7477008428736124 
 01/22  01:00:00,9.05479661748236,3.562662234473277 
 01/22  02:00:00,8.913990582017988,3.382521438280843 
 01/22  03:00:00,8.773614426763457,3.19124868922693 
 01/22  04:00:00,8.67156960940316,3.001676292224911 
 01/22  05:00:00,8.585904180782013,2.8092971003073035 
 01/22  06:00:00,8.509348303315257,2.6174824918381285 
 01/22  07:00:00,8.471335430147989,2.487183655645835 
 01/22  08:00:00,8.44873874951293,2.3838955345350629 
 01/22  09:00:00,8.60068626505794,2.466931074066546 
 01/22  10:00:00,9.663711291899383,3.5136214604957005 
 01/22  11:00:00,10.76215052098554,4.626105809441012 
 01/22  12:00:00,11.55368464402964,5.533609862351241 
 01/22  13:00:00,11.926873599312558,5.888093457471551 
 01/22  14:00:00,12.27279434988504,6.339484757669739 
 01/22  15:00:00,12.338599342495531,6.533907627519788 
 01/22  16:00:00,12.31934715157697,6.69006603798955 
 01/22  17:00:00,12.116060545276448,6.6802925841871849 
 01/22  18:00:00,11.310289750407076,5.99542407089362 
 01/22  19:00:00,10.956960345177606,5.750668508345878 
 01/22  20:00:00,10.589874152091781,5.515017213691827 
 01/22  21:00:00,10.420494961653866,5.427407246877026 
 01/22  22:00:00,10.301773326848594,5.342189739784246 
 01/22  23:00:00,10.178312468827289,5.2165270370898899 
 01/22  24:00:00,10.041241880545839,5.057114670092852 
 01/23  01:00:00,9.8804345778671,4.873113100715672 
 01/23  02:00:00,9.712316786825962,4.676161908483402 
 01/23  03:00:00,9.545680775256792,4.4705062325298539 
 01/23  04:00:00,9.369246982867788,4.246305640992659 
 01/23  05:00:00,9.17568781743506,3.999848949281091 
 01/23  06:00:00,8.984284863723542,3.7513738938784044 
 01/23  07:00:00,8.877209258964433,3.5746870725480166 
 01/23  08:00:00,8.800912437015305,3.421418098987986 
 01/23  09:00:00,9.135192248325712,3.7245865294924105 
 01/23  10:00:00,9.94307786819969,4.494169645355896 
 01/23  11:00:00,10.329366777237827,4.857272768263519 
 01/23  12:00:00,10.473054972609818,4.9605869547880669 
 01/23  13:00:00,10.897419340274038,5.387820184306414 
 01/23  14:00:00,11.51461128546667,6.049392931723819 
 01/23  15:00:00,12.289976136131119,6.958988700854221 
 01/23  16:00:00,12.54205532337696,7.256241765019702 
 01/23  17:00:00,12.037517188223934,6.8296854712020169 
 01/23  18:00:00,11.139528399455726,5.90818625371991 
 01/23  19:00:00,10.633022948260996,5.462582120667157 
 01/23  20:00:00,10.317273337010697,5.202960887458156 
 01/23  21:00:00,9.932511956303829,4.871832825460489 
 01/23  22:00:00,9.688806990217503,4.62398650514334 
 01/23  23:00:00,9.51229464979142,4.396089684961005 
 01/23  24:00:00,9.338290450708785,4.144325007707254 
 01/24  01:00:00,9.163906259730786,3.880334020365623 
 01/24  02:00:00,8.988172844588802,3.606005110055882 
 01/24  03:00:00,8.837564973785808,3.345303225380621 
 01/24  04:00:00,8.66995280150361,3.1104473049263419 
 01/24  05:00:00,8.48494109019036,2.8855568257557158 
 01/24  06:00:00,8.346649766281296,2.688702001834145 
 01/24  07:00:00,8.27446700621981,2.498823079243117 
 01/24  08:00:00,8.230561149400236,2.318571323782102 
 01/24  09:00:00,8.624512309742736,2.637680120287801 
 01/24  10:00:00,10.214136227854507,4.125025671013777 
 01/24  11:00:00,11.596984594286175,5.634391814544645 
 01/24  12:00:00,12.10995405738069,6.248468123432826 
 01/24  13:00:00,12.863819057479072,7.059588764975524 
 01/24  14:00:00,13.218855768466693,7.507278653475727 
 01/24  15:00:00,13.852867168527548,8.266863182661665 
 01/24  16:00:00,14.136782828534422,8.613264405288743 
 01/24  17:00:00,13.556133781636726,8.251777806596582 
 01/24  18:00:00,12.170016664420011,6.954769198663177 
 01/24  19:00:00,11.474083354067718,6.375411869466206 
 01/24  20:00:00,11.08112780820941,6.08872733614718 
 01/24  21:00:00,10.612184261778915,5.7185791067891149 
 01/24  22:00:00,10.342727914177403,5.477944835834059 
 01/24  23:00:00,10.066134347998317,5.198672484837591 
 01/24  24:00:00,9.8156954750195,4.920631192387688 
 01/25  01:00:00,9.531661966997327,4.580228053856173 
 01/25  02:00:00,9.312368157709344,4.280400779116633 
 01/25  03:00:00,9.091536886577098,3.96672223865849 
 01/25  04:00:00,8.913781550619892,3.7007121296561826 
 01/25  05:00:00,8.75866385296572,3.4518061528131298 
 01/25  06:00:00,8.612253482195156,3.2066594515537436 
 01/25  07:00:00,8.495676359657594,2.9766736668287976 
 01/25  08:00:00,8.412304883663431,2.767544829664842 
 01/25  09:00:00,8.795957247473737,3.070845201919238 
 01/25  10:00:00,10.442475415722289,4.560130525118139 
 01/25  11:00:00,11.688685774752669,5.874923173063494 
 01/25  12:00:00,12.293751969799486,6.537586629452024 
 01/25  13:00:00,13.013026078518829,7.296014747903785 
 01/25  14:00:00,13.315009298147956,7.696408913403193 
 01/25  15:00:00,13.88971209852842,8.39241042496908 
 01/25  16:00:00,14.23155390621491,8.79598753771636 
 01/25  17:00:00,13.642116281065736,8.368254867542048 
 01/25  18:00:00,12.213534798893124,6.993865938002894 
 01/25  19:00:00,11.356188808521904,6.283253739913419 
 01/25  20:00:00,10.807025442526318,5.830420786492758 
 01/25  21:00:00,10.410565575721109,5.488822894590526 
 01/25  22:00:00,9.929744548892098,5.028263590114424 
 01/25  23:00:00,9.618409020123498,4.677953281642293 
 01/25  24:00:00,9.29960075670133,4.297669281095615 
 01/26  01:00:00,9.094584016421852,4.001970706178107 
 01/26  02:00:00,8.933942758415542,3.7370262715459394 
 01/26  03:00:00,8.777641300497864,3.4567937608697036 
 01/26  04:00:00,8.660578606552745,3.2022304919093775 
 01/26  05:00:00,8.588273936288827,2.9786765020647465 
 01/26  06:00:00,8.512056385034765,2.749064918011052 
 01/26  07:00:00,8.430856777019136,2.516717157034329 
 01/26  08:00:00,8.337647010638009,2.2823498767017269 
 01/26  09:00:00,8.788824303829252,2.6368940177528747 
 01/26  10:00:00,10.466423266972623,4.145806435686447 
 01/26  11:00:00,11.666850158765067,5.460158459452563 
 01/26  12:00:00,12.229539241271317,6.0878137055861079 
 01/26  13:00:00,12.988728588993523,6.896216558899061 
 01/26  14:00:00,13.356490159566843,7.380079269976801 
 01/26  15:00:00,13.995945537140426,8.167710719926762 
 01/26  16:00:00,14.3840150522058,8.618404741272049 
 01/26  17:00:00,13.8404176082792,8.295035494219864 
 01/26  18:00:00,12.403383729618504,6.952403211498126 
 01/26  19:00:00,11.680134585184023,6.370161043616857 
 01/26  20:00:00,11.299669032746547,6.096078424218978 
 01/26  21:00:00,10.85894629400445,5.7599863667712889 
 01/26  22:00:00,10.679703956631063,5.620650494376219 
 01/26  23:00:00,10.605229184507035,5.53791437173695 
 01/26  24:00:00,10.534773013149714,5.431841456046143 
 01/27  01:00:00,10.427482588806923,5.244839229175279 
 01/27  02:00:00,10.35598631851312,5.064704253014936 
 01/27  03:00:00,10.344670512823316,4.9364238520986218 
 01/27  04:00:00,10.22447654440211,4.749835456875056 
 01/27  05:00:00,10.055573657053956,4.534707166675158 
 01/27  06:00:00,9.885405753803264,4.321226620180969 
 01/27  07:00:00,9.671778334211649,4.095393421184489 
 01/27  08:00:00,9.48937386423473,3.9049028996341197 
 01/27  09:00:00,9.460408360663376,3.866910395915822 
 01/27  10:00:00,9.88183515844947,4.236002537111526 
 01/27  11:00:00,10.304502438430454,4.595967168624122 
 01/27  12:00:00,10.51883367132986,4.7607818539551058 
 01/27  13:00:00,10.635354728763213,4.8792065420369739 
 01/27  14:00:00,10.739987542653234,5.014477687116411 
 01/27  15:00:00,10.796281701588884,5.103290175032709 
 01/27  16:00:00,10.744562470190571,5.099429191348136 
 01/27  17:00:00,10.579859780707274,4.985231578145228 
 01/27  18:00:00,10.31459955766423,4.766437611821404 
 01/27  19:00:00,10.083302260001274,4.5658269663984749 
 01/27  20:00:00,9.930945224792494,4.435406744484232 
 01/27  21:00:00,9.808139573713408,4.320699543059076 
 01/27  22:00:00,9.700443843655418,4.228048612503743 
 01/27  23:00:00,9.614428202752868,4.154104317880803 
 01/27  24:00:00,9.52614656588055,4.066628067766405 
 01/28  01:00:00,9.470993107748335,3.986107700617815 
 01/28  02:00:00,9.425415913159459,3.9017897753527728 
 01/28  03:00:00,9.386300967334743,3.826192081754142 
 01/28  04:00:00,9.339887220506139,3.737911127096049 
 01/28  05:00:00,9.292343622173325,3.6446328758370205 
 01/28  06:00:00,9.250506076414743,3.5547262356272046 
 01/28  07:00:00,9.22751378558164,3.5012011097403845 
 01/28  08:00:00,9.21770670712058,3.469184622082373 
 01/28  09:00:00,9.25002026066973,3.483813807306784 
 01/28  10:00:00,9.520947943571367,3.7097170481939956 
 01/28  11:00:00,9.89367938230573,4.013539321638238 
 01/28  12:00:00,10.365841235705151,4.419457179836427 
 01/28  13:00:00,10.910523206183694,5.0000960682804849 
 01/28  14:00:00,11.646581271446645,6.092986363751071 
 01/28  15:00:00,12.899657160571064,7.599153730925282 
 01/28  16:00:00,13.24343784189935,8.047289286426402 
 01/28  17:00:00,12.71136600462933,7.612279992744945 
 01/28  18:00:00,11.82295241734938,6.82298022677747 
 01/28  19:00:00,11.44561188206707,6.527235083905962 
 01/28  20:00:00,11.05948306612932,6.229133030945931 
 01/28  21:00:00,10.886669957621395,6.127100862483497 
 01/28  22:00:00,10.744428881855303,6.047605521870761 
 01/28  23:00:00,10.584674287575954,5.924460109316474 
 01/28  24:00:00,10.417501176470692,5.768345003773276 
 01/29  01:00:00,10.23978031234506,5.578699956294654 
 01/29  02:00:00,10.052450412673793,5.362290987517266 
 01/29  03:00:00,9.867083467223003,5.139007947588513 
 01/29  04:00:00,9.700717773440959,4.91562248086534 
 01/29  05:00:00,9.557706822262573,4.6999162956573869 
 01/29  06:00:00,9.41917480150237,4.4764741696150589 
 01/29  07:00:00,9.345750519955065,4.327309952492751 
 01/29  08:00:00,9.315829995385144,4.222345887579433 
 01/29  09:00:00,9.77784393825167,4.651411849565429 
 01/29  10:00:00,11.16247046101479,5.9560066446003649 
 01/29  11:00:00,12.294027199003475,7.181634318471325 
 01/29  12:00:00,12.82087192855955,7.740534641487693 
 01/29  13:00:00,13.064431619984657,7.975228496682659 
 01/29  14:00:00,13.152567259500576,8.141904461657174 
 01/29  15:00:00,12.9982329495107,8.107763568816712 
 01/29  16:00:00,12.663895186847967,7.88253529362637 
 01/29  17:00:00,12.14659040744106,7.481679257304588 
 01/29  18:00:00,11.557411086026019,6.960020957414388 
 01/29  19:00:00,11.108136235347108,6.579516900392932 
 01/29  20:00:00,10.781040165530339,6.3180580366704259 
 01/29  21:00:00,10.458704684381154,6.03387487256931 
 01/29  22:00:00,10.134030165577279,5.744984457075169 
 01/29  23:00:00,9.84494931346285,5.467368789762944 
 01/29  24:00:00,9.608805834878105,5.2145307253276089 
 01/30  01:00:00,9.312851873022215,4.841895704271596 
 01/30  02:00:00,9.083118368097825,4.5170271984592349 
 01/30  03:00:00,8.870989944114175,4.177081872937615 
 01/30  04:00:00,8.709458665825,3.9189347224095827 
 01/30  05:00:00,8.566099142205731,3.684290217128439 
 01/30  06:00:00,8.448671348343876,3.457045098837074 
 01/30  07:00:00,8.3476447040083,3.2245516967195249 
 01/30  08:00:00,8.250594640788823,2.9905564760810656 
 01/30  09:00:00,8.712510767788043,3.3620018177650357 
 01/30  10:00:00,10.352251743389909,4.842027550798425 
 01/30  11:00:00,11.636916728311363,6.168638367022416 
 01/30  12:00:00,12.22447251689408,6.787296341171549 
 01/30  13:00:00,12.911618035895764,7.487736862200139 
 01/30  14:00:00,13.192607827589118,7.836720744435567 
 01/30  15:00:00,13.767442966533248,8.502683162532076 
 01/30  16:00:00,14.168812217084233,8.96172255867661 
 01/30  17:00:00,13.639917682806733,8.555113597348683 
 01/30  18:00:00,12.128475068237098,7.076751271932171 
 01/30  19:00:00,11.273162584565448,6.330260569707818 
 01/30  20:00:00,10.811223617501142,5.921554423189475 
 01/30  21:00:00,10.281086300645459,5.426628725496106 
 01/30  22:00:00,9.969689733096406,5.105573926856296 
 01/30  23:00:00,9.629057706816714,4.732500332000921 
 01/30  24:00:00,9.301334713571185,4.353524561493122 
 01/31  01:00:00,9.108466354156065,4.05487885988012 
 01/31  02:00:00,8.991152737694268,3.7813079589128608 
 01/31  03:00:00,8.94052606538364,3.551633396966179 
 01/31  04:00:00,8.835386743290567,3.298404763712708 
 01/31  05:00:00,8.71413325534892,3.0386550749855378 
 01/31  06:00:00,8.599715094204955,2.7815654483849654 
 01/31  07:00:00,8.492683624133225,2.5322072431643436 
 01/31  08:00:00,8.370893410902897,2.2803391775100385 
 01/31  09:00:00,8.867815322820132,2.7059065121490866 
 01/31  10:00:00,9.616008216544838,3.3779526475618306 
 01/31  11:00:00,9.788991118469364,3.484814632441587 
 01/31  12:00:00,9.77046209172125,3.3906438672911878 
 01/31  13:00:00,9.939108832166154,3.532410127781159 
 01/31  14:00:00,10.264484690364082,3.8879531903785038 
 01/31  15:00:00,10.564548412011078,4.228522942425906 
 01/31  16:00:00,10.616898277455372,4.362630972866789 
 01/31  17:00:00,10.283543111520185,4.101419883767342 
 01/31  18:00:00,9.515898864017015,3.38711469041157 
 01/31  19:00:00,8.843605210145466,2.781988904678746 
 01/31  20:00:00,8.586393447779639,2.5229357208823428 
 01/31  21:00:00,8.325103764741363,2.2275854906105319 
 01/31  22:00:00,8.05528710668151,1.9375742881284746 
 01/31  23:00:00,7.843627547645531,1.6978725014121752 
 01/31  24:00:00,7.690403929320143,1.489038464602507 
 02/01  01:00:00,7.628985330232377,1.3007216629650272 
 02/01  02:00:00,7.562107503322677,1.1023575650477487 
 02/01  03:00:00,7.465981749225487,0.8867450918432488 
 02/01  04:00:00,7.343656408238251,0.6493214395728314 
 02/01  05:00:00,7.2158537490586689,0.40646869944024519 
 02/01  06:00:00,7.093524425029214,0.16742819320154488 
 02/01  07:00:00,7.024344149889083,-0.005157678465480325 
 02/01  08:00:00,6.969811675844659,-0.15665407721798356 
 02/01  09:00:00,7.497958667301559,0.3598768317717262 
 02/01  10:00:00,9.200335662956383,1.9470354997309434 
 02/01  11:00:00,10.700180129242499,3.618210815650263 
 02/01  12:00:00,11.296269940302825,4.352446742190176 
 02/01  13:00:00,11.98946205081142,5.129817419844104 
 02/01  14:00:00,12.490535566367563,5.82912251740212 
 02/01  15:00:00,13.133284774821199,6.669423349038873 
 02/01  16:00:00,13.28620983893913,6.885655815250556 
 02/01  17:00:00,12.487188089285322,6.326366664858753 
 02/01  18:00:00,11.305874570113405,5.267885602421023 
 02/01  19:00:00,10.757792734941987,4.846862154711801 
 02/01  20:00:00,10.492386939269832,4.676345280985501 
 02/01  21:00:00,10.23673994131729,4.510305747086474 
 02/01  22:00:00,10.025119056309228,4.371205840246902 
 02/01  23:00:00,9.864074988152766,4.2504180719858148 
 02/01  24:00:00,9.732046045891252,4.129792247735508 
 02/02  01:00:00,9.533508638535104,3.9449602712567795 
 02/02  02:00:00,9.341896646744667,3.754728218901957 
 02/02  03:00:00,9.154509432290224,3.5560704784062469 
 02/02  04:00:00,9.02696388008652,3.39026991676268 
 02/02  05:00:00,8.92928153535332,3.243577129979709 
 02/02  06:00:00,8.823328503286197,3.0882941277156306 
 02/02  07:00:00,8.759899801752404,2.971140966318112 
 02/02  08:00:00,8.73824025076855,2.8937719810231097 
 02/02  09:00:00,8.769448392817325,2.8754248716407559 
 02/02  10:00:00,8.827571962949003,2.8968052764095204 
 02/02  11:00:00,8.940207475063959,2.9912726802952229 
 02/02  12:00:00,9.059672379875478,3.1019538002356406 
 02/02  13:00:00,9.22000905285185,3.2802774084757497 
 02/02  14:00:00,9.401347635959274,3.497080406592648 
 02/02  15:00:00,9.518900733319232,3.650734121822919 
 02/02  16:00:00,9.618053349565864,3.7852858547497418 
 02/02  17:00:00,9.467076020430559,3.6552025733196777 
 02/02  18:00:00,8.820943397395505,2.9898842395331517 
 02/02  19:00:00,8.449098498452188,2.5987068299474069 
 02/02  20:00:00,8.084544403939738,2.208959856065829 
 02/02  21:00:00,7.865055192563381,1.9561301634330726 
 02/02  22:00:00,7.740563653231247,1.781835450909934 
 02/02  23:00:00,7.616680942257292,1.5922494463542257 
 02/02  24:00:00,7.5253337105646,1.4221787725732576 
 02/03  01:00:00,7.3872234924204289,1.2096532827553253 
 02/03  02:00:00,7.204292594715653,0.9576527035868863 
 02/03  03:00:00,7.033140808168431,0.7151228551694547 
 02/03  04:00:00,6.891015411885015,0.49911874700794386 
 02/03  05:00:00,6.785102180925657,0.3159994413114593 
 02/03  06:00:00,6.68367340525071,0.13594680710353156 
 02/03  07:00:00,6.6243606112702289,-0.019612109607631314 
 02/03  08:00:00,6.586282371680126,-0.16288222631055214 
 02/03  09:00:00,6.614582030172312,-0.2376100049266712 
 02/03  10:00:00,7.083525921432851,0.19895386097807489 
 02/03  11:00:00,8.334760354201708,1.438685621237759 
 02/03  12:00:00,9.620848657872477,2.8971588353206667 
 02/03  13:00:00,10.662797406775417,4.013380020286292 
 02/03  14:00:00,11.288016361865005,4.769065490137217 
 02/03  15:00:00,12.100843713542126,5.7298217124903509 
 02/03  16:00:00,12.363977530952067,5.998810789268205 
 02/03  17:00:00,11.688264391682364,5.510366631040339 
 02/03  18:00:00,10.623710361086495,4.520088950669026 
 02/03  19:00:00,9.998348038505556,3.9800073062558396 
 02/03  20:00:00,9.592812269937312,3.6530382435286015 
 02/03  21:00:00,9.112343354375442,3.231243432189597 
 02/03  22:00:00,8.89749990344491,3.041457833365345 
 02/03  23:00:00,8.779161452059738,2.9233326726566197 
 02/03  24:00:00,8.653673979833118,2.7728292863557888 
 02/04  01:00:00,8.47464730706953,2.5663645412877504 
 02/04  02:00:00,8.295558004956753,2.3528645513233985 
 02/04  03:00:00,8.121988808054418,2.13551418248818 
 02/04  04:00:00,7.948097735695461,1.88289496157139 
 02/04  05:00:00,7.774738928526412,1.6082844064364586 
 02/04  06:00:00,7.630402307841203,1.346347980286236 
 02/04  07:00:00,7.5188389880518768,1.133218068771313 
 02/04  08:00:00,7.420988175526287,0.9374147328356092 
 02/04  09:00:00,7.986150526375008,1.4754775236373697 
 02/04  10:00:00,9.690931133200014,3.106367803087212 
 02/04  11:00:00,11.159379707571658,4.772853857371825 
 02/04  12:00:00,11.75355474996925,5.488708761630869 
 02/04  13:00:00,12.450340468122196,6.252700159998318 
 02/04  14:00:00,12.959771516276977,6.922634331747244 
 02/04  15:00:00,13.647769883707312,7.7788810721589389 
 02/04  16:00:00,14.286538525240055,8.547329059245099 
 02/04  17:00:00,13.789431780363334,8.199697584017056 
 02/04  18:00:00,12.442347831217408,6.993410408157741 
 02/04  19:00:00,11.72498075615486,6.394242238237491 
 02/04  20:00:00,11.338469498513732,6.122372489329626 
 02/04  21:00:00,10.882940730338746,5.771670033747796 
 02/04  22:00:00,10.645113803825833,5.5889677506890769 
 02/04  23:00:00,10.48604173758396,5.445424185434815 
 02/04  24:00:00,10.322334005385555,5.267615237851216 
 02/05  01:00:00,10.172484778198255,5.076749090520045 
 02/05  02:00:00,10.040188731078392,4.886900482018009 
 02/05  03:00:00,9.921783907272076,4.694970291921781 
 02/05  04:00:00,9.788933566815685,4.491350921300624 
 02/05  05:00:00,9.662314341396434,4.291076242570612 
 02/05  06:00:00,9.534925696289319,4.085424568419953 
 02/05  07:00:00,9.454086697705389,3.924448923071171 
 02/05  08:00:00,9.400354616955746,3.788894986072683 
 02/05  09:00:00,9.738284138035946,4.0779987261564 
 02/05  10:00:00,11.060897770170483,5.356720063937517 
 02/05  11:00:00,12.425085998284882,6.830207624931521 
 02/05  12:00:00,13.412331447168717,7.996602923340635 
 02/05  13:00:00,14.061046114707791,8.706579067310113 
 02/05  14:00:00,14.344978897902525,9.10994268295499 
 02/05  15:00:00,14.749708714702218,9.694145215488227 
 02/05  16:00:00,14.994505604179244,10.09894116579181 
 02/05  17:00:00,14.909079589602526,10.250050109954767 
 02/05  18:00:00,13.61387916469091,9.112153007435535 
 02/05  19:00:00,12.9364610558853,8.571020772214168 
 02/05  20:00:00,12.547168913910344,8.296372885392799 
 02/05  21:00:00,12.073130171226305,7.94873266394854 
 02/05  22:00:00,11.838546558029579,7.782060701244597 
 02/05  23:00:00,11.691838338038372,7.648613535195223 
 02/05  24:00:00,11.552001231527108,7.488268038490131 
 02/06  01:00:00,11.38380595198213,7.285002992585938 
 02/06  02:00:00,11.204868642589876,7.060542209101065 
 02/06  03:00:00,11.046954827263424,6.840374413773378 
 02/06  04:00:00,10.890622493282134,6.619751365672105 
 02/06  05:00:00,10.715915608869587,6.380470845028399 
 02/06  06:00:00,10.550943104142802,6.144334385551957 
 02/06  07:00:00,10.506906067029526,5.99370846308774 
 02/06  08:00:00,10.534410909767067,5.88613674870582 
 02/06  09:00:00,10.806430758464029,6.022427956180582 
 02/06  10:00:00,11.309896767951795,6.502033006794881 
 02/06  11:00:00,11.74841111686151,6.880927024337623 
 02/06  12:00:00,11.891858158490808,6.984680387198879 
 02/06  13:00:00,12.136425156178787,7.21534926594534 
 02/06  14:00:00,12.495346413459164,7.5828692343481489 
 02/06  15:00:00,12.861500527095823,7.993778089425589 
 02/06  16:00:00,13.01028356088726,8.23413639326746 
 02/06  17:00:00,12.792629216317528,8.12077511116633 
 02/06  18:00:00,12.332899835139042,7.719605621773075 
 02/06  19:00:00,11.943280247735992,7.405545770688692 
 02/06  20:00:00,11.709102959256978,7.242296680429381 
 02/06  21:00:00,11.543279836733701,7.127725570199684 
 02/06  22:00:00,11.4457766480255,7.0666484799584678 
 02/06  23:00:00,11.355300959972473,7.001206032271844 
 02/06  24:00:00,11.278232897264683,6.9281505818205819 
 02/07  01:00:00,11.194568147890255,6.821962097149059 
 02/07  02:00:00,11.139978122656805,6.7263164696326369 
 02/07  03:00:00,11.08666118246378,6.618158943977787 
 02/07  04:00:00,11.022894618573897,6.515539657769774 
 02/07  05:00:00,10.966451762674393,6.426784715769287 
 02/07  06:00:00,10.932182591790689,6.352925124246023 
 02/07  07:00:00,10.89673269443875,6.27500783528851 
 02/07  08:00:00,10.861121504568104,6.201556766447021 
 02/07  09:00:00,10.893213117487301,6.198611375085123 
 02/07  10:00:00,10.992771414259059,6.284028178386754 
 02/07  11:00:00,11.184768140850329,6.489232392566548 
 02/07  12:00:00,11.380933272847049,6.712372146594537 
 02/07  13:00:00,12.03875000380783,7.399827630540256 
 02/07  14:00:00,12.929210102556345,8.449375822499507 
 02/07  15:00:00,14.186036655909709,9.914445304386332 
 02/07  16:00:00,15.071600993835102,10.94767996267342 
 02/07  17:00:00,15.058398985395489,11.032807501177038 
 02/07  18:00:00,13.685341316871107,9.667217895719306 
 02/07  19:00:00,12.896977615867959,8.897145680872839 
 02/07  20:00:00,12.466215657222609,8.509450360854862 
 02/07  21:00:00,11.97131099634884,8.0284571887226 
 02/07  22:00:00,11.686082411441732,7.782233285812215 
 02/07  23:00:00,11.494515277878668,7.62244794771013 
 02/07  24:00:00,11.293184898380027,7.426504806397137 
 02/08  01:00:00,11.124572277107689,7.227772320107377 
 02/08  02:00:00,10.97103010497023,7.021099819672243 
 02/08  03:00:00,10.843919286168318,6.825343068508588 
 02/08  04:00:00,10.725289471866662,6.633685377898815 
 02/08  05:00:00,10.598812672185814,6.429211912227203 
 02/08  06:00:00,10.487200336649487,6.232457783179863 
 02/08  07:00:00,10.385090928808843,6.037466799605187 
 02/08  08:00:00,10.288973429476192,5.845714132223207 
 02/08  09:00:00,10.26203994057205,5.730222692726169 
 02/08  10:00:00,10.68100441947762,6.100877504533186 
 02/08  11:00:00,11.972547383864379,7.338349683653647 
 02/08  12:00:00,13.210888887302627,8.743122046619832 
 02/08  13:00:00,14.370182287150373,9.953717562695882 
 02/08  14:00:00,15.0480110617143,10.776134313722359 
 02/08  15:00:00,16.020014711608505,11.94485355847943 
 02/08  16:00:00,16.142894520817067,12.168681098172739 
 02/08  17:00:00,15.21826948714029,11.380261666616015 
 02/08  18:00:00,14.3689033483087,10.648408689893234 
 02/08  19:00:00,13.931818739129824,10.337194374293148 
 02/08  20:00:00,13.45153038018994,9.989402672200346 
 02/08  21:00:00,13.23836830510262,9.865383390739155 
 02/08  22:00:00,13.16450341585791,9.850131482154279 
 02/08  23:00:00,13.114487484946685,9.825242976937135 
 02/08  24:00:00,13.058664540897264,9.76552446705681 
 02/09  01:00:00,12.962823097589462,9.648833985814907 
 02/09  02:00:00,12.858612114503009,9.512235502966514 
 02/09  03:00:00,12.760922526857616,9.376573596354082 
 02/09  04:00:00,12.678567397533469,9.246175954913147 
 02/09  05:00:00,12.614253108067043,9.127295616655204 
 02/09  06:00:00,12.543686526632387,9.001086445217414 
 02/09  07:00:00,12.511386912589538,8.917155677578931 
 02/09  08:00:00,12.503511895623987,8.86352184791242 
 02/09  09:00:00,12.61789031142965,8.938405191977655 
 02/09  10:00:00,13.372560952072988,9.614368717138618 
 02/09  11:00:00,14.522888083390065,10.919138594460469 
 02/09  12:00:00,15.876655879711543,12.451177731945368 
 02/09  13:00:00,16.81251378493166,13.52091752609668 
 02/09  14:00:00,17.423140328428006,14.296114371110186 
 02/09  15:00:00,18.179645610317558,15.251765825230729 
 02/09  16:00:00,18.098453700420394,15.29770487047078 
 02/09  17:00:00,17.139644191395207,14.43585833644186 
 02/09  18:00:00,16.2029439543748,13.586116649339513 
 02/09  19:00:00,15.897544371631178,13.41420932065714 
 02/09  20:00:00,15.604100044160232,13.261240372728017 
 02/09  21:00:00,15.409505748648789,13.169459276283647 
 02/09  22:00:00,15.291453121951197,13.121655192412403 
 02/09  23:00:00,15.201834541432758,13.080062549456619 
 02/09  24:00:00,15.108574253775077,13.021567255327958 
 02/10  01:00:00,15.045835535089614,12.964286061943099 
 02/10  02:00:00,15.017604982230653,12.922804859503624 
 02/10  03:00:00,14.994525894269089,12.880996827025007 
 02/10  04:00:00,14.901315091290414,12.78198793422446 
 02/10  05:00:00,14.804131725273925,12.678201705509779 
 02/10  06:00:00,14.735226261012109,12.596004129925527 
 02/10  07:00:00,14.672748788209712,12.51161634615313 
 02/10  08:00:00,14.608008395743559,12.420594861419378 
 02/10  09:00:00,14.438056820694403,12.298481628221035 
 02/10  10:00:00,14.655261470244639,12.462904911862797 
 02/10  11:00:00,14.974165638278715,12.713474643910619 
 02/10  12:00:00,15.003332680014312,12.826025981155077 
 02/10  13:00:00,15.282934650479638,13.059607711852708 
 02/10  14:00:00,15.481060220285287,13.220673097473919 
 02/10  15:00:00,15.477378902659519,13.234755655359303 
 02/10  16:00:00,15.35532757912947,13.135642141310188 
 02/10  17:00:00,15.175682955379714,12.966129822719705 
 02/10  18:00:00,14.870442029013756,12.74171178580212 
 02/10  19:00:00,14.740919235946846,12.592464557781991 
 02/10  20:00:00,14.686748294055733,12.500329707533597 
 02/10  21:00:00,14.647510288724572,12.442809611652006 
 02/10  22:00:00,14.537075878709708,12.318179191008737 
 02/10  23:00:00,14.423217304736559,12.175603010071687 
 02/10  24:00:00,14.135847246411795,11.963011537450777 
 02/11  01:00:00,14.084200820800169,11.84044764841891 
 02/11  02:00:00,14.049596122149206,11.71571110656343 
 02/11  03:00:00,13.918667701595423,11.542216916730217 
 02/11  04:00:00,13.846305745312506,11.428511721359332 
 02/11  05:00:00,13.847226662348496,11.366115417474973 
 02/11  06:00:00,13.858410976894416,11.299408993055956 
 02/11  07:00:00,13.74239824633658,11.14233049564731 
 02/11  08:00:00,13.538220448702008,10.93191279031574 
 02/11  09:00:00,13.421272819563079,10.80769533840556 
 02/11  10:00:00,13.566662527886029,10.920074068811335 
 02/11  11:00:00,13.83931335627974,11.155915150794133 
 02/11  12:00:00,14.1075250726953,11.385197134094032 
 02/11  13:00:00,14.319759149652615,11.571520529476974 
 02/11  14:00:00,14.432467982831513,11.675498920383412 
 02/11  15:00:00,14.304489462267457,11.636157641598361 
 02/11  16:00:00,14.246957921725935,11.538377822330203 
 02/11  17:00:00,14.054172874657612,11.291440908841418 
 02/11  18:00:00,13.538054837239799,10.890935126971077 
 02/11  19:00:00,13.363774884294183,10.664723838601237 
 02/11  20:00:00,13.268489718059002,10.497765129939099 
 02/11  21:00:00,13.126669974568286,10.328085174641125 
 02/11  22:00:00,12.98540369659504,10.157021252174627 
 02/11  23:00:00,12.873442115849525,9.994345985188116 
 02/11  24:00:00,12.761100777456438,9.822545809730741 
 02/12  01:00:00,12.608648208299757,9.609475060209477 
 02/12  02:00:00,12.428600801002628,9.36730500974696 
 02/12  03:00:00,12.255850664486634,9.126522997147124 
 02/12  04:00:00,12.091453637995594,8.892114730479419 
 02/12  05:00:00,11.925584041167236,8.653770186623982 
 02/12  06:00:00,11.756848137732053,8.408337206930544 
 02/12  07:00:00,11.57202307392599,8.152534281823482 
 02/12  08:00:00,11.388675391462663,7.897448321387886 
 02/12  09:00:00,11.36848965874651,7.814439193613458 
 02/12  10:00:00,11.864642779642957,8.253031222230599 
 02/12  11:00:00,12.534527049417355,8.85265334356226 
 02/12  12:00:00,13.182970510829265,9.402030354780406 
 02/12  13:00:00,13.986564447842982,10.172340899354593 
 02/12  14:00:00,14.80704904173782,11.059001149246118 
 02/12  15:00:00,15.963951314687204,12.340920193709284 
 02/12  16:00:00,16.679346401467077,13.138976176684598 
 02/12  17:00:00,16.511829012328954,13.09479216060261 
 02/12  18:00:00,15.136481514617684,11.80457524770517 
 02/12  19:00:00,14.174627947044403,10.953444896874583 
 02/12  20:00:00,13.647016784151163,10.510301209393429 
 02/12  21:00:00,13.335008869990741,10.23073990812799 
 02/12  22:00:00,12.917353591669693,9.835742944242512 
 02/12  23:00:00,12.652004141686647,9.565049776487843 
 02/12  24:00:00,12.44198490227878,9.32936222950006 
 02/13  01:00:00,12.261489054380704,9.09302915907568 
 02/13  02:00:00,12.095550419532787,8.846989369388833 
 02/13  03:00:00,11.934315411956386,8.593590047488746 
 02/13  04:00:00,11.782424776942824,8.339017558854915 
 02/13  05:00:00,11.638455896058064,8.083907838625356 
 02/13  06:00:00,11.507617354577024,7.833524185523196 
 02/13  07:00:00,11.415590367726648,7.623650861855385 
 02/13  08:00:00,11.368168726909032,7.4614171059942369 
 02/13  09:00:00,11.575549341190618,7.568647123521266 
 02/13  10:00:00,12.004265094137024,7.926511866020403 
 02/13  11:00:00,12.349773057865662,8.153253985673488 
 02/13  12:00:00,12.417204752992707,8.141772585240658 
 02/13  13:00:00,12.548922302292774,8.212756919446893 
 02/13  14:00:00,12.758251092152049,8.374778454953008 
 02/13  15:00:00,12.894398408683058,8.484250029800462 
 02/13  16:00:00,12.782357157330147,8.37666860316955 
 02/13  17:00:00,12.519135233076638,8.122696165165055 
 02/13  18:00:00,12.259059186110758,7.856700647402118 
 02/13  19:00:00,12.004292577084348,7.649048153589081 
 02/13  20:00:00,11.844285340621609,7.537900595676952 
 02/13  21:00:00,11.758264240405217,7.4723022612490779 
 02/13  22:00:00,11.697632087748798,7.402610883815591 
 02/13  23:00:00,11.644653699105798,7.3284063269376749 
 02/13  24:00:00,11.588408186356125,7.2517048301588959 
 02/14  01:00:00,11.40184849922591,7.057635524105587 
 02/14  02:00:00,11.155178866402667,6.807015573050309 
 02/14  03:00:00,10.901001682718194,6.5494287646498459 
 02/14  04:00:00,10.66784659845774,6.3033550404453468 
 02/14  05:00:00,10.455030947977395,6.067298229293621 
 02/14  06:00:00,10.230487023346301,5.808622168567772 
 02/14  07:00:00,10.01967804489265,5.551374657358772 
 02/14  08:00:00,9.837065822190463,5.313535052868495 
 02/14  09:00:00,10.0723277741043,5.513081840460902 
 02/14  10:00:00,10.894155736693185,6.293489780494897 
 02/14  11:00:00,11.57465352379082,6.908180519138035 
 02/14  12:00:00,11.867926527154758,7.172589090472538 
 02/14  13:00:00,11.963234426723219,7.249489697344431 
 02/14  14:00:00,11.836722973800994,7.116963005586597 
 02/14  15:00:00,11.527489492885025,6.809778841364888 
 02/14  16:00:00,11.239175554680049,6.551361197396468 
 02/14  17:00:00,10.98114939558969,6.319037645942338 
 02/14  18:00:00,10.478557972174402,5.841499732639383 
 02/14  19:00:00,10.128295125472626,5.476298902060236 
 02/14  20:00:00,9.886965195275515,5.203152790776805 
 02/14  21:00:00,9.734821298761876,4.99594277899467 
 02/14  22:00:00,9.49693074542689,4.701209828130982 
 02/14  23:00:00,9.239989206846769,4.390489657557749 
 02/14  24:00:00,8.926186541227061,4.003545477211145 
 02/15  01:00:00,8.72393533499624,3.706399161271699 
 02/15  02:00:00,8.553958736589417,3.4243218293071817 
 02/15  03:00:00,8.383036035007887,3.1337883540979685 
 02/15  04:00:00,8.19695430691379,2.8475758424946506 
 02/15  05:00:00,7.995688968818273,2.5521505417259706 
 02/15  06:00:00,7.808636991125652,2.264422242031008 
 02/15  07:00:00,7.7047673092471149,2.032045312866493 
 02/15  08:00:00,7.675059504313603,1.8574917520411383 
 02/15  09:00:00,8.528452621349992,2.623203686183903 
 02/15  10:00:00,10.37914251486034,4.312443770094132 
 02/15  11:00:00,11.861271536991703,5.798284672347686 
 02/15  12:00:00,12.562257763743398,6.587796492588987 
 02/15  13:00:00,13.216970090509899,7.297230339843296 
 02/15  14:00:00,13.69589502691597,7.972234335642503 
 02/15  15:00:00,14.437052588553902,8.934921716364184 
 02/15  16:00:00,15.015358977812947,9.683989170644246 
 02/15  17:00:00,14.767327285400276,9.71609693602255 
 02/15  18:00:00,13.345528680032225,8.472957764051778 
 02/15  19:00:00,12.209710265684326,7.473468708531823 
 02/15  20:00:00,11.696954596112944,7.106770218226375 
 02/15  21:00:00,11.35314482083594,6.855036186770283 
 02/15  22:00:00,10.88054096573194,6.465695129696549 
 02/15  23:00:00,10.588969203840556,6.19888390725108 
 02/15  24:00:00,10.317402795775366,5.930806998616036 
 02/16  01:00:00,10.076451020840802,5.642330866727922 
 02/16  02:00:00,9.871244016132398,5.3564607413975049 
 02/16  03:00:00,9.6883024307638,5.073160076943656 
 02/16  04:00:00,9.527873400032549,4.812374663496427 
 02/16  05:00:00,9.389931922825524,4.571599667153269 
 02/16  06:00:00,9.252189014287112,4.322374616139976 
 02/16  07:00:00,9.160300285719476,4.1028108733329209 
 02/16  08:00:00,9.130345208365794,3.935006976706797 
 02/16  09:00:00,9.257487416386877,3.9325791813345636 
 02/16  10:00:00,10.015977446269876,4.616390911846478 
 02/16  11:00:00,11.110075880303093,5.65120040208781 
 02/16  12:00:00,12.266158582186093,6.797064403132163 
 02/16  13:00:00,12.506460847968488,7.047907549552949 
 02/16  14:00:00,12.496582521042129,7.080513566493885 
 02/16  15:00:00,12.273612408198357,6.9089546442300568 
 02/16  16:00:00,11.996954227503986,6.6973549347984389 
 02/16  17:00:00,11.632130720024382,6.4173601129133559 
 02/16  18:00:00,11.344854269878356,6.1856875553936849 
 02/16  19:00:00,11.049692825542252,5.957197539137299 
 02/16  20:00:00,10.813635889590345,5.771294428699267 
 02/16  21:00:00,10.636452762845883,5.617408718436555 
 02/16  22:00:00,10.518425759946231,5.511905334165102 
 02/16  23:00:00,10.438820544263312,5.431577267922351 
 02/16  24:00:00,10.363904141532594,5.342696254979477 
 02/17  01:00:00,10.268765761041808,5.219767812803134 
 02/17  02:00:00,10.179944838766522,5.094974543276351 
 02/17  03:00:00,10.091975779625669,4.969772141203563 
 02/17  04:00:00,10.013567867795946,4.844441282038898 
 02/17  05:00:00,9.949465606127028,4.72397619372412 
 02/17  06:00:00,9.887520721049026,4.6051331786290519 
 02/17  07:00:00,9.839541582115844,4.518697536438863 
 02/17  08:00:00,9.815192375957502,4.459448986355497 
 02/17  09:00:00,9.874141845241632,4.486362756060918 
 02/17  10:00:00,10.106607719865047,4.690300318130458 
 02/17  11:00:00,10.373537431324597,4.952402028100694 
 02/17  12:00:00,10.706056886678699,5.288003212835498 
 02/17  13:00:00,11.087727769048702,5.664474193731158 
 02/17  14:00:00,11.459519969992059,6.063547966749891 
 02/17  15:00:00,11.767018714455248,6.41328767746966 
 02/17  16:00:00,11.751908079469489,6.4977012190879 
 02/17  17:00:00,11.525668951403575,6.385842021815713 
 02/17  18:00:00,11.240958328909722,6.195184191489082 
 02/17  19:00:00,10.981495713517873,6.028794845151133 
 02/17  20:00:00,10.791226393122221,5.9335111637041539 
 02/17  21:00:00,10.625048478969914,5.846845047085178 
 02/17  22:00:00,10.500487558925102,5.767079935335278 
 02/17  23:00:00,10.385736517316744,5.675431189848234 
 02/17  24:00:00,10.27545205137753,5.577888678813748 
 02/18  01:00:00,10.129923242198757,5.429728687564371 
 02/18  02:00:00,9.987649846915554,5.263718316087814 
 02/18  03:00:00,9.85324476052669,5.0904985075949489 
 02/18  04:00:00,9.735978661126794,4.9446809644064049 
 02/18  05:00:00,9.62098889418136,4.802501875672498 
 02/18  06:00:00,9.509319539460778,4.6481398286928539 
 02/18  07:00:00,9.428614103248507,4.509258793502669 
 02/18  08:00:00,9.3971956079078,4.415023032044274 
 02/18  09:00:00,9.769438790546366,4.763286988164454 
 02/18  10:00:00,10.818300099557284,5.798602197294482 
 02/18  11:00:00,12.138687893824664,7.180984485895598 
 02/18  12:00:00,13.384878079467875,8.700646987039884 
 02/18  13:00:00,14.10317446089121,9.48198833419864 
 02/18  14:00:00,14.602408060953975,10.152413688078156 
 02/18  15:00:00,15.365624824592059,11.117611523378335 
 02/18  16:00:00,15.92824041148088,11.857280082755438 
 02/18  17:00:00,15.788938745145032,11.93247835267075 
 02/18  18:00:00,14.535343478412458,10.776251746327335 
 02/18  19:00:00,13.489605474191974,9.786453947296068 
 02/18  20:00:00,12.839583308265052,9.198294562005012 
 02/18  21:00:00,12.387944348833934,8.817587020389436 
 02/18  22:00:00,11.865381993315627,8.33457288085273 
 02/18  23:00:00,11.582756300282404,8.044193046366788 
 02/18  24:00:00,11.306451572707154,7.72730177542835 
 02/19  01:00:00,11.063526045302698,7.430821851675673 
 02/19  02:00:00,10.838942992584134,7.1395433261671619 
 02/19  03:00:00,10.621934862272458,6.847338772545722 
 02/19  04:00:00,10.47384331673908,6.607448159921819 
 02/19  05:00:00,10.35937051939822,6.376699713960652 
 02/19  06:00:00,10.2610557416705,6.1389557216887209 
 02/19  07:00:00,10.201109896338489,5.938250404960963 
 02/19  08:00:00,10.187404440106869,5.782220119234404 
 02/19  09:00:00,10.310242360475137,5.7648507755088869 
 02/19  10:00:00,10.768091267562168,6.118210423881255 
 02/19  11:00:00,11.389418339404479,6.610078503408646 
 02/19  12:00:00,12.117046865322158,7.238281038692328 
 02/19  13:00:00,12.378989345107366,7.475716118561565 
 02/19  14:00:00,12.562232282787967,7.649466461502022 
 02/19  15:00:00,12.656198983382709,7.737751555838434 
 02/19  16:00:00,12.513152123604272,7.653379168131895 
 02/19  17:00:00,12.223066193396562,7.44788114770215 
 02/19  18:00:00,11.939463145421519,7.227890223034075 
 02/19  19:00:00,11.611119899663735,6.970034865043074 
 02/19  20:00:00,11.405644792049039,6.810220585024481 
 02/19  21:00:00,11.2575132573073,6.680742995553497 
 02/19  22:00:00,11.113237685033838,6.54249453253744 
 02/19  23:00:00,10.988429335453694,6.404994183915091 
 02/19  24:00:00,10.879001325172912,6.268020955308149 
 02/20  01:00:00,10.67150409441524,6.044727789028207 
 02/20  02:00:00,10.457300125844214,5.815870169247486 
 02/20  03:00:00,10.253813914087124,5.592689036101327 
 02/20  04:00:00,10.095910903913529,5.387085531241884 
 02/20  05:00:00,9.946222232588765,5.170143054401865 
 02/20  06:00:00,9.801657724698954,4.9506964810389 
 02/20  07:00:00,9.690669774064157,4.769243213613468 
 02/20  08:00:00,9.656722468082867,4.666411313786384 
 02/20  09:00:00,10.53908400617523,5.527712340966273 
 02/20  10:00:00,12.216152859160612,7.2320706717531719 
 02/20  11:00:00,13.734511247581619,8.83539995459025 
 02/20  12:00:00,14.195008659064286,9.423063946502527 
 02/20  13:00:00,14.880536529261035,10.205936455103102 
 02/20  14:00:00,15.292685625820523,10.784401342321234 
 02/20  15:00:00,15.994368794940522,11.69212080271427 
 02/20  16:00:00,16.310941268303684,12.163126191956306 
 02/20  17:00:00,15.746900016172678,11.835147657536038 
 02/20  18:00:00,14.496995116993173,10.751734509901846 
 02/20  19:00:00,13.643525143026942,10.018951496448193 
 02/20  20:00:00,13.228861018809124,9.716773500744054 
 02/20  21:00:00,12.787247157171329,9.37749676577052 
 02/20  22:00:00,12.501253481238163,9.1472699813239 
 02/20  23:00:00,12.265204121259245,8.923733633310736 
 02/20  24:00:00,12.021927558130678,8.661139616094813 
 02/21  01:00:00,11.7956396331452,8.39661280308514 
 02/21  02:00:00,11.577186955958617,8.126491213317867 
 02/21  03:00:00,11.37795854194918,7.863826770840419 
 02/21  04:00:00,11.22158666495588,7.624512687987988 
 02/21  05:00:00,11.10359994447967,7.387723560566312 
 02/21  06:00:00,10.98349385394975,7.137621807534818 
 02/21  07:00:00,10.932833838802983,6.956627888277662 
 02/21  08:00:00,10.92557761602727,6.815677518405026 
 02/21  09:00:00,11.010364302901433,6.765570648927181 
 02/21  10:00:00,11.34548028127115,7.0342442387296659 
 02/21  11:00:00,12.053193832641636,7.6838818820792229 
 02/21  12:00:00,12.943426807803755,8.514816787273361 
 02/21  13:00:00,13.747246617511259,9.323519941521097 
 02/21  14:00:00,14.460695910309156,10.155035188379284 
 02/21  15:00:00,15.355884824886392,11.21915215821634 
 02/21  16:00:00,15.883512693307966,11.807806332824093 
 02/21  17:00:00,15.457485317476014,11.516943083116879 
 02/21  18:00:00,14.373724216521259,10.524776679264559 
 02/21  19:00:00,13.341853536115412,9.634055813277533 
 02/21  20:00:00,12.940383981308202,9.318964100848288 
 02/21  21:00:00,12.438953080536108,8.89291721481553 
 02/21  22:00:00,12.217119217243957,8.683033680402155 
 02/21  23:00:00,12.110866864011792,8.541782427884828 
 02/21  24:00:00,12.003334606033422,8.367369148506187 
 02/22  01:00:00,11.941143684721697,8.22196902888738 
 02/22  02:00:00,11.90558469525763,8.090779045018385 
 02/22  03:00:00,11.935100278298985,8.011418155004817 
 02/22  04:00:00,11.740058933396475,7.7253662058954319 
 02/22  05:00:00,11.51139650548021,7.43926407213203 
 02/22  06:00:00,11.231611529527214,7.091377721667662 
 02/22  07:00:00,11.076596079212902,6.868525218947925 
 02/22  08:00:00,11.03956654520246,6.755050661833158 
 02/22  09:00:00,11.960941249609352,7.63886536608935 
 02/22  10:00:00,13.639843494328169,9.287747258011656 
 02/22  11:00:00,15.141810528093354,10.793849916086972 
 02/22  12:00:00,15.542151575595405,11.330250811134024 
 02/22  13:00:00,16.181677503133196,12.038427999930305 
 02/22  14:00:00,16.520892089282787,12.510174278993777 
 02/22  15:00:00,17.25589160253959,13.436054012982208 
 02/22  16:00:00,17.98609984248536,14.370695738269737 
 02/22  17:00:00,17.82479601731567,14.449708715564121 
 02/22  18:00:00,16.490387069811474,13.259374902921957 
 02/22  19:00:00,15.220799276730507,12.183032028555895 
 02/22  20:00:00,14.694693913676879,11.778277285090951 
 02/22  21:00:00,14.369157304964946,11.548361404753776 
 02/22  22:00:00,13.966801674516255,11.22147917693701 
 02/22  23:00:00,13.766586831759147,11.047474413364217 
 02/22  24:00:00,13.639422172271948,10.917812045735622 
 02/23  01:00:00,13.491859922066576,10.751471004391393 
 02/23  02:00:00,13.313353440144678,10.526290072203125 
 02/23  03:00:00,13.165622262119666,10.316566434168813 
 02/23  04:00:00,13.061429547784368,10.13826978127471 
 02/23  05:00:00,12.979418823408216,9.972929069041559 
 02/23  06:00:00,12.894395398983106,9.805224255346733 
 02/23  07:00:00,12.845277665168125,9.671936656807091 
 02/23  08:00:00,12.833094407130166,9.573476807620543 
 02/23  09:00:00,12.950113982748455,9.605415157859314 
 02/23  10:00:00,13.220316549815788,9.813213311634743 
 02/23  11:00:00,13.615856818829093,10.192354841314362 
 02/23  12:00:00,14.218756810295848,10.745631978579866 
 02/23  13:00:00,14.95592041466815,11.505188817374187 
 02/23  14:00:00,15.827014968704189,12.488852746398635 
 02/23  15:00:00,16.97656394120228,13.807497804839392 
 02/23  16:00:00,17.486233957291096,14.371335544176997 
 02/23  17:00:00,17.070367418585947,14.08005352740527 
 02/23  18:00:00,16.057112851272078,13.180101202662387 
 02/23  19:00:00,14.95428942247889,12.214920877506766 
 02/23  20:00:00,14.500542681091,11.813907260523365 
 02/23  21:00:00,14.169770692093906,11.505463339968803 
 02/23  22:00:00,13.909898529903162,11.258637425446083 
 02/23  23:00:00,13.759278240304156,11.108933505280666 
 02/23  24:00:00,13.728828340990797,11.05231467287137 
 02/24  01:00:00,13.611600667797726,10.876679420534004 
 02/24  02:00:00,13.461961003763376,10.652306028040617 
 02/24  03:00:00,13.32170226064992,10.437744489225793 
 02/24  04:00:00,13.04905112809079,10.12880365685838 
 02/24  05:00:00,12.731585901223989,9.75754353400788 
 02/24  06:00:00,12.477984127686068,9.454453314098226 
 02/24  07:00:00,12.246730943341488,9.161054983066107 
 02/24  08:00:00,12.039763265554213,8.878059202188153 
 02/24  09:00:00,11.952335551392649,8.712215428848044 
 02/24  10:00:00,12.342998893571743,9.058223039974936 
 02/24  11:00:00,13.466341341936806,10.16416311211102 
 02/24  12:00:00,14.6244968016014,11.33371329013703 
 02/24  13:00:00,15.179080909168047,11.870423098718174 
 02/24  14:00:00,15.373643619343963,12.115600112222995 
 02/24  15:00:00,15.666586997214712,12.47410170040769 
 02/24  16:00:00,15.724245215018808,12.598558311136499 
 02/24  17:00:00,15.267193207903205,12.18779599524374 
 02/24  18:00:00,14.174300573100418,11.100968500638894 
 02/24  19:00:00,13.160480972603989,10.064540183680249 
 02/24  20:00:00,12.656299309734424,9.522407888982663 
 02/24  21:00:00,12.280677136813918,9.09767639954319 
 02/24  22:00:00,11.824838971067365,8.533791821367306 
 02/24  23:00:00,11.543830374865362,8.164191968405998 
 02/24  24:00:00,11.242103385227136,7.751366472779651 
 02/25  01:00:00,10.974462698400473,7.354656979747618 
 02/25  02:00:00,10.725110409046455,6.964495572988147 
 02/25  03:00:00,10.478198275130517,6.5694874673642869 
 02/25  04:00:00,10.292106706340569,6.238052749278812 
 02/25  05:00:00,10.128071668388298,5.924537147522424 
 02/25  06:00:00,9.955856002446574,5.6043670079197789 
 02/25  07:00:00,9.800465330192065,5.305545803982678 
 02/25  08:00:00,9.719911820770485,5.087857183736269 
 02/25  09:00:00,10.70018571572114,5.991066341241194 
 02/25  10:00:00,12.42501241237365,7.586744329904711 
 02/25  11:00:00,14.006742684858033,9.002837514876238 
 02/25  12:00:00,14.275298434629395,9.344180436857269 
 02/25  13:00:00,14.896470824471125,9.937103983890666 
 02/25  14:00:00,15.196730804717035,10.324943735590626 
 02/25  15:00:00,15.79080223614828,11.04172460527867 
 02/25  16:00:00,16.552307887326959,11.909590532707562 
 02/25  17:00:00,16.323786328790665,11.870677727158516 
 02/25  18:00:00,14.957332427223284,10.695531391377289 
 02/25  19:00:00,13.585380715759778,9.469572744233848 
 02/25  20:00:00,12.82271304290595,8.80185790531225 
 02/25  21:00:00,12.358288521553752,8.383375996261462 
 02/25  22:00:00,11.852978083801471,7.887766218953938 
 02/25  23:00:00,11.590271313687776,7.576998596025044 
 02/25  24:00:00,11.326660258715826,7.240110072437935 
 02/26  01:00:00,11.100440125252199,6.929689339803342 
 02/26  02:00:00,10.902910482227565,6.6430406302406619 
 02/26  03:00:00,10.730164974465169,6.376738934266491 
 02/26  04:00:00,10.463129525581305,6.0044088443425569 
 02/26  05:00:00,10.210550271893425,5.657170287693741 
 02/26  06:00:00,9.968289961978194,5.314708256859246 
 02/26  07:00:00,9.775475268870214,5.012560587398548 
 02/26  08:00:00,9.688361393687705,4.813864603460662 
 02/26  09:00:00,10.659748070307846,5.733538356126052 
 02/26  10:00:00,12.414117046839423,7.3740816198244059 
 02/26  11:00:00,13.832842029298384,8.700064710184222 
 02/26  12:00:00,14.274716456085497,9.210474412864059 
 02/26  13:00:00,14.723029928512402,9.642941169560633 
 02/26  14:00:00,15.112872921867308,10.082888430806193 
 02/26  15:00:00,15.305156591018197,10.43840445956037 
 02/26  16:00:00,15.339986732683862,10.638079562909072 
 02/26  17:00:00,14.629545128981093,10.079456280764298 
 02/26  18:00:00,13.637129520227833,9.230250762252555 
 02/26  19:00:00,12.619789920981692,8.348316641665737 
 02/26  20:00:00,12.113514957162377,7.899577669756138 
 02/26  21:00:00,11.686579695933919,7.502515035414834 
 02/26  22:00:00,11.254355528170898,7.0721345343201069 
 02/26  23:00:00,11.011974368687206,6.783516392143982 
 02/26  24:00:00,10.784090137354225,6.484765926959687 
 02/27  01:00:00,10.541532870932882,6.182953005208907 
 02/27  02:00:00,10.238596562446468,5.798762959547344 
 02/27  03:00:00,10.00080148818644,5.47752260731755 
 02/27  04:00:00,9.746236759127584,5.123239373015229 
 02/27  05:00:00,9.502983717102048,4.776434035006929 
 02/27  06:00:00,9.248234017290092,4.416306942621274 
 02/27  07:00:00,9.10725095078469,4.156164293648311 
 02/27  08:00:00,9.06783745026082,3.9876818211852869 
 02/27  09:00:00,9.934739938385169,4.7831021821819219 
 02/27  10:00:00,11.024950230571547,5.793673694332799 
 02/27  11:00:00,12.069000173826968,6.738012964189284 
 02/27  12:00:00,12.48811668214468,7.133674241409164 
 02/27  13:00:00,13.168099121199454,7.7513038297857339 
 02/27  14:00:00,13.591066796151982,8.220441549092702 
 02/27  15:00:00,14.051965163499315,8.783886146804946 
 02/27  16:00:00,14.25749907635287,9.119332734562449 
 02/27  17:00:00,13.909796294801009,8.90805358101765 
 02/27  18:00:00,12.84505416269522,7.97781396339435 
 02/27  19:00:00,11.815446656013198,7.073505828614855 
 02/27  20:00:00,11.392551518392708,6.695672215615616 
 02/27  21:00:00,10.897165056580853,6.250237310362035 
 02/27  22:00:00,10.629285813857692,5.97335691011808 
 02/27  23:00:00,10.433405289586674,5.731507424671378 
 02/27  24:00:00,10.247840786572413,5.478359319819736 
 02/28  01:00:00,10.12333842106465,5.254591705285874 
 02/28  02:00:00,10.053529329531902,5.05497071504923 
 02/28  03:00:00,10.023453386778133,4.868554799682836 
 02/28  04:00:00,9.918528548298124,4.661303887658822 
 02/28  05:00:00,9.783340911133085,4.4499007851498899 
 02/28  06:00:00,9.669617758455587,4.253588077660327 
 02/28  07:00:00,9.617287053176565,4.100319171939714 
 02/28  08:00:00,9.640223565476795,4.011391488413053 
 02/28  09:00:00,9.773919025536284,4.0458997757054508 
 02/28  10:00:00,10.253846487276175,4.458934189585564 
 02/28  11:00:00,10.88511506361941,5.05930682283716 
 02/28  12:00:00,11.71477987403894,5.83517896459967 
 02/28  13:00:00,12.351772051693473,6.53362457319126 
 02/28  14:00:00,12.941095979591143,7.241921944703969 
 02/28  15:00:00,13.496042550654752,7.962839528243421 
 02/28  16:00:00,13.749758330709439,8.369951342842521 
 02/28  17:00:00,13.680364207947538,8.51726690535249 
 02/28  18:00:00,12.948574346393773,7.937168555772064 
 02/28  19:00:00,12.139802004715808,7.243056100613782 
 02/28  20:00:00,11.785363728850449,6.984432299171521 
 02/28  21:00:00,11.347836213984174,6.656019786325576 
 02/28  22:00:00,11.054364923190044,6.440614400753384 
 02/28  23:00:00,10.795043303163216,6.23090735453529 
 02/28  24:00:00,10.524995677883544,5.98950631292209 
 03/01  01:00:00,10.279937768632339,5.71868506060834 
 03/01  02:00:00,10.051128208588914,5.446230753037833 
 03/01  03:00:00,9.85296191395858,5.198510989033743 
 03/01  04:00:00,9.684851611377275,4.966858382175206 
 03/01  05:00:00,9.53353655276294,4.736007195800968 
 03/01  06:00:00,9.387271112891276,4.500849210676151 
 03/01  07:00:00,9.3343280950196,4.353976724637215 
 03/01  08:00:00,9.35265616939046,4.275160491154212 
 03/01  09:00:00,10.041849606402529,4.920472361231079 
 03/01  10:00:00,11.087220136641382,5.922174565135874 
 03/01  11:00:00,12.192136600756144,7.034051529489344 
 03/01  12:00:00,12.730958746667831,7.592588726388797 
 03/01  13:00:00,13.190610143477146,8.097346666607603 
 03/01  14:00:00,13.69613770603824,8.7171575593141 
 03/01  15:00:00,14.062147368846813,9.223954067261384 
 03/01  16:00:00,14.162741009933832,9.477888806181844 
 03/01  17:00:00,13.583550344018532,8.994150395529545 
 03/01  18:00:00,12.633377568069946,8.140252421845866 
 03/01  19:00:00,11.694613638073303,7.310237220669541 
 03/01  20:00:00,11.301741615943709,6.967436804394801 
 03/01  21:00:00,10.82342176135113,6.511959957969525 
 03/01  22:00:00,10.570926223647059,6.255628969730573 
 03/01  23:00:00,10.41143834874469,6.062333630970025 
 03/01  24:00:00,10.246324418997473,5.838559266238271 
 03/02  01:00:00,10.09630064863296,5.60405045346466 
 03/02  02:00:00,9.977970752492272,5.384357404289008 
 03/02  03:00:00,9.869699198928075,5.164383593625672 
 03/02  04:00:00,9.765756301746416,4.942895752478959 
 03/02  05:00:00,9.65918889143974,4.715970827178027 
 03/02  06:00:00,9.568223645629331,4.501069987434099 
 03/02  07:00:00,9.53021554603024,4.330940003209206 
 03/02  08:00:00,9.579325414472827,4.244148379226103 
 03/02  09:00:00,10.554980221124165,5.123424762680235 
 03/02  10:00:00,12.082148343497506,6.701330587891637 
 03/02  11:00:00,13.603507902107502,8.165063856035081 
 03/02  12:00:00,13.976607573177703,8.741839318148046 
 03/02  13:00:00,14.559871233885149,9.435091562052975 
 03/02  14:00:00,14.810388618656486,9.884987345420463 
 03/02  15:00:00,15.542541239242077,10.869855167693057 
 03/02  16:00:00,16.15972542536516,11.838120283002198 
 03/02  17:00:00,15.94118709020831,11.900899519543375 
 03/02  18:00:00,14.951116886145773,11.092666152274094 
 03/02  19:00:00,13.92198270769121,10.215654455956008 
 03/02  20:00:00,13.536314756021767,9.972288830186875 
 03/02  21:00:00,13.045778867717516,9.616441522781719 
 03/02  22:00:00,12.789472823612707,9.42688310093045 
 03/02  23:00:00,12.624786471545053,9.28054643843981 
 03/02  24:00:00,12.467558380349383,9.112383342624734 
 03/03  01:00:00,12.34440997734105,8.97386470483026 
 03/03  02:00:00,12.256647949305629,8.836604943567803 
 03/03  03:00:00,12.168684879776926,8.680503495480306 
 03/03  04:00:00,11.993753631402706,8.444251198124912 
 03/03  05:00:00,11.77733503234515,8.173133287059578 
 03/03  06:00:00,11.560163713115248,7.899271703416967 
 03/03  07:00:00,11.50109349348545,7.760905174369711 
 03/03  08:00:00,11.557327337890467,7.722100681286513 
 03/03  09:00:00,11.757150802314584,7.8299054085366 
 03/03  10:00:00,12.209850538652482,8.214532101764523 
 03/03  11:00:00,12.783142910838654,8.734268699168766 
 03/03  12:00:00,13.491212980647365,9.389968010882452 
 03/03  13:00:00,13.830414959852086,9.755563571710699 
 03/03  14:00:00,14.270111462225334,10.248016618986205 
 03/03  15:00:00,14.478147186526485,10.539632976486685 
 03/03  16:00:00,14.672225481891353,10.858976656429775 
 03/03  17:00:00,14.855274248055878,11.21348877960867 
 03/03  18:00:00,14.441243994333594,10.907750595920632 
 03/03  19:00:00,13.73129558937115,10.249160861194767 
 03/03  20:00:00,13.391104159728937,9.961108770490025 
 03/03  21:00:00,12.993324358405557,9.64054669078682 
 03/03  22:00:00,12.80503681397633,9.493232062965076 
 03/03  23:00:00,12.701927557693962,9.3926441996889 
 03/03  24:00:00,12.596258759291257,9.264346806509156 
 03/04  01:00:00,12.522309161294328,9.14381248612597 
 03/04  02:00:00,12.49481502468233,9.04815041297029 
 03/04  03:00:00,12.497023625253933,8.969329598749026 
 03/04  04:00:00,12.42107359418935,8.841781116606838 
 03/04  05:00:00,12.300582646505684,8.682757575403702 
 03/04  06:00:00,12.194027959184317,8.535078915585855 
 03/04  07:00:00,12.107164311335455,8.395488446125967 
 03/04  08:00:00,12.03304999751638,8.264639865978094 
 03/04  09:00:00,12.072288099013603,8.254797342435732 
 03/04  10:00:00,12.568656937991712,8.782926097306479 
 03/04  11:00:00,13.824484500427966,10.050888553379949 
 03/04  12:00:00,15.03070023519743,11.476672886238266 
 03/04  13:00:00,15.709378703190373,12.208973968891227 
 03/04  14:00:00,16.08217555019061,12.690048772402843 
 03/04  15:00:00,16.594472705833608,13.349202725137794 
 03/04  16:00:00,16.737108969330138,13.664286370966562 
 03/04  17:00:00,16.442212750272409,13.570498056232179 
 03/04  18:00:00,15.690443903406879,12.93185309560997 
 03/04  19:00:00,14.87907955055791,12.217935970782344 
 03/04  20:00:00,14.354232784191512,11.808386923691004 
 03/04  21:00:00,14.001614373666062,11.533155387408165 
 03/04  22:00:00,13.623186489335577,11.213350733233045 
 03/04  23:00:00,13.444988768323237,11.042473654684338 
 03/04  24:00:00,13.325126110232164,10.898545248261055 
 03/05  01:00:00,13.187023900972699,10.719028527882342 
 03/05  02:00:00,13.059804013542598,10.538475493338965 
 03/05  03:00:00,12.941890610702773,10.361902195943128 
 03/05  04:00:00,12.839663770717538,10.188408883641703 
 03/05  05:00:00,12.732797187446547,9.98949051650129 
 03/05  06:00:00,12.64059728365131,9.799643047847982 
 03/05  07:00:00,12.578290660174318,9.643222377964423 
 03/05  08:00:00,12.593071943378023,9.573317453851653 
 03/05  09:00:00,13.445973903124778,10.384306360947765 
 03/05  10:00:00,14.462462595028516,11.313057941570154 
 03/05  11:00:00,15.054344900513334,11.8149364885563 
 03/05  12:00:00,15.306940112734761,11.974788740696987 
 03/05  13:00:00,15.4220956365097,12.106451000692985 
 03/05  14:00:00,15.401070049834069,12.182673663181559 
 03/05  15:00:00,15.225213655669246,12.125658008795665 
 03/05  16:00:00,15.066672594079183,12.058188960068133 
 03/05  17:00:00,14.860432918700461,11.9248904768777 
 03/05  18:00:00,14.561556030587412,11.67895377554194 
 03/05  19:00:00,14.282092771645714,11.439665201469257 
 03/05  20:00:00,14.02934219885196,11.24216354518211 
 03/05  21:00:00,13.825669409450896,11.07766666827065 
 03/05  22:00:00,13.74284616903334,10.990730343530771 
 03/05  23:00:00,13.704398854222314,10.918313111654696 
 03/05  24:00:00,13.670954866081815,10.83836324899843 
 03/06  01:00:00,13.609095320055817,10.734897330194368 
 03/06  02:00:00,13.521182282192396,10.610927923700857 
 03/06  03:00:00,13.448061358546605,10.496125622628579 
 03/06  04:00:00,13.407049704007557,10.39372830424905 
 03/06  05:00:00,13.381413677119446,10.300777154275707 
 03/06  06:00:00,13.344780565474725,10.200914523909179 
 03/06  07:00:00,13.322645119171649,10.128670583256375 
 03/06  08:00:00,13.32155540521401,10.08683592413545 
 03/06  09:00:00,13.448367058688099,10.17518754209087 
 03/06  10:00:00,13.677572424298898,10.374704062635003 
 03/06  11:00:00,13.927239773302924,10.617310533409855 
 03/06  12:00:00,13.821171095738589,10.68735222784324 
 03/06  13:00:00,14.227364763260923,10.975670730533559 
 03/06  14:00:00,14.468635935634352,11.205870645127755 
 03/06  15:00:00,14.177191513798182,11.117523322591957 
 03/06  16:00:00,14.120840754362181,11.055180262572148 
 03/06  17:00:00,13.947873269930753,10.852382629764377 
 03/06  18:00:00,13.572978359240598,10.508286736907479 
 03/06  19:00:00,13.178377204131028,10.144937595484653 
 03/06  20:00:00,12.923856990230224,9.902231947273455 
 03/06  21:00:00,12.750741291892633,9.717046677874763 
 03/06  22:00:00,12.614747347421881,9.552864142443246 
 03/06  23:00:00,12.487573862046876,9.385709691499148 
 03/06  24:00:00,12.081827988643504,9.076979662582943 
 03/07  01:00:00,12.092062638885992,8.96419861832686 
 03/07  02:00:00,12.071455383429655,8.801646243532107 
 03/07  03:00:00,11.659479230804056,8.487974069014534 
 03/07  04:00:00,11.692099478169304,8.371382664088304 
 03/07  05:00:00,11.733944458469253,8.240285197545282 
 03/07  06:00:00,11.673458361770646,8.07802232565739 
 03/07  07:00:00,11.616766954360739,7.94158174454045 
 03/07  08:00:00,11.602047634136119,7.84001371632081 
 03/07  09:00:00,11.726712366438627,7.879944279004723 
 03/07  10:00:00,12.125747555928787,8.197535378008757 
 03/07  11:00:00,12.677060715380487,8.668618846078723 
 03/07  12:00:00,13.220200026400953,9.17136935848772 
 03/07  13:00:00,13.530148538477736,9.484506309649753 
 03/07  14:00:00,13.659228344727398,9.640499466148367 
 03/07  15:00:00,13.661288969864933,9.689756076742413 
 03/07  16:00:00,13.794485213255891,9.930911161411979 
 03/07  17:00:00,13.93912046316639,10.188720376251272 
 03/07  18:00:00,13.704378127207335,10.069349314760425 
 03/07  19:00:00,13.097710129307404,9.503028054147688 
 03/07  20:00:00,12.773464834208135,9.205702605808736 
 03/07  21:00:00,12.375513520576592,8.840303728001035 
 03/07  22:00:00,12.151803205045282,8.645280673718519 
 03/07  23:00:00,12.01560978043449,8.510639668735636 
 03/07  24:00:00,11.872924059162634,8.345198606512089 
 03/08  01:00:00,11.733389339450535,8.16236581409608 
 03/08  02:00:00,11.612352835626398,7.981841707722724 
 03/08  03:00:00,11.494524435528398,7.796987078347065 
 03/08  04:00:00,11.392541950033446,7.604848873121652 
 03/08  05:00:00,11.293971472011341,7.400474864370409 
 03/08  06:00:00,11.20632033536911,7.200595549886757 
 03/08  07:00:00,11.169469438524674,7.054393904134214 
 03/08  08:00:00,11.264125609563623,7.0431592382924859 
 03/08  09:00:00,12.355912106131836,8.173176286820839 
 03/08  10:00:00,13.909484199550239,9.774435597630891 
 03/08  11:00:00,15.106169614380605,10.986055287193893 
 03/08  12:00:00,15.633750959745499,11.685238311543032 
 03/08  13:00:00,16.29445369878039,12.474440643580472 
 03/08  14:00:00,16.68127477222294,13.072355017875962 
 03/08  15:00:00,17.415580989873093,14.046872436321947 
 03/08  16:00:00,18.052667088101538,15.04253628582582 
 03/08  17:00:00,17.877896190610703,15.15396551113877 
 03/08  18:00:00,16.83206653849358,14.232236488594375 
 03/08  19:00:00,15.644614426164337,13.14566808907993 
 03/08  20:00:00,14.936755000970072,12.593566281756268 
 03/08  21:00:00,14.484106975208237,12.249182294620742 
 03/08  22:00:00,14.010632297813669,11.855093389070067 
 03/08  23:00:00,13.77439745070642,11.628081463462755 
 03/08  24:00:00,13.626448627430016,11.441341831699443 
 03/09  01:00:00,13.429628358544875,11.190767806555382 
 03/09  02:00:00,13.214514560754758,10.905313658356075 
 03/09  03:00:00,13.02020315628722,10.626415884340185 
 03/09  04:00:00,12.85386330467938,10.368005335877396 
 03/09  05:00:00,12.707505742138747,10.125345037944428 
 03/09  06:00:00,12.579474213029823,9.89850823180217 
 03/09  07:00:00,12.493476697877434,9.709109075936674 
 03/09  08:00:00,12.444911666999062,9.544217944343015 
 03/09  09:00:00,12.532549477543162,9.523933937395962 
 03/09  10:00:00,12.878197713989387,9.792528718218282 
 03/09  11:00:00,13.414297815705404,10.213265776154876 
 03/09  12:00:00,13.974687307888417,10.688627611130645 
 03/09  13:00:00,14.458697658873899,11.137331344212396 
 03/09  14:00:00,14.8773258856273,11.578567858740218 
 03/09  15:00:00,15.188270524071442,11.949804471376507 
 03/09  16:00:00,15.17774849644875,11.996659921625524 
 03/09  17:00:00,14.88863444880341,11.766568151265494 
 03/09  18:00:00,14.300082045094774,11.232490819191395 
 03/09  19:00:00,13.68584333112694,10.691526700549677 
 03/09  20:00:00,13.435239278698259,10.460498252136894 
 03/09  21:00:00,13.160983371557452,10.199364583125068 
 03/09  22:00:00,12.946181351942315,9.975900256152974 
 03/09  23:00:00,12.807304598519965,9.80067837721802 
 03/09  24:00:00,12.696614239219019,9.633423236289202 
 03/10  01:00:00,12.636218878268935,9.495113487304835 
 03/10  02:00:00,12.602396889200194,9.368537157355558 
 03/10  03:00:00,12.57593600627822,9.242451555790135 
 03/10  04:00:00,12.5231373126242,9.090513741523943 
 03/10  05:00:00,12.456764855420924,8.930183579857092 
 03/10  06:00:00,12.39827474269824,8.777687775850238 
 03/10  07:00:00,12.363557251669287,8.65836342324476 
 03/10  08:00:00,12.356626989242825,8.577926346363278 
 03/10  09:00:00,12.485535488009323,8.644139119894465 
 03/10  10:00:00,12.903945727887299,9.02558110089657 
 03/10  11:00:00,13.471516062820875,9.555890518707372 
 03/10  12:00:00,14.22453607395392,10.296608780175827 
 03/10  13:00:00,14.474937701836947,10.607180780187916 
 03/10  14:00:00,14.647783615883986,10.873285097572511 
 03/10  15:00:00,14.693098193073262,11.021351327271893 
 03/10  16:00:00,14.639979352285036,11.101556709948671 
 03/10  17:00:00,14.47899424849746,11.066752382044529 
 03/10  18:00:00,14.04723518348084,10.711072298776103 
 03/10  19:00:00,13.487372187376883,10.243768033116929 
 03/10  20:00:00,13.120348107798563,9.945897658932929 
 03/10  21:00:00,12.86569344130618,9.733027426100526 
 03/10  22:00:00,12.681543834404735,9.552732414724943 
 03/10  23:00:00,12.516532292780525,9.362599333567037 
 03/10  24:00:00,12.368451285492789,9.163307026608078 
 03/11  01:00:00,12.225665600943446,8.952945694036764 
 03/11  02:00:00,12.087003415967397,8.734657897322423 
 03/11  03:00:00,11.957688369563956,8.515406720121423 
 03/11  04:00:00,11.896859959328764,8.358236862050559 
 03/11  05:00:00,11.86390033959445,8.222394793510246 
 03/11  06:00:00,11.86769952559467,8.117292416960485 
 03/11  07:00:00,11.83678615707483,7.9779963977983059 
 03/11  08:00:00,11.799979131910366,7.847329073525596 
 03/11  09:00:00,11.917737037012213,7.885195150152998 
 03/11  10:00:00,12.299324342527602,8.233242301113418 
 03/11  11:00:00,12.911070293166297,8.830437432293748 
 03/11  12:00:00,13.742570858518136,9.670846250793599 
 03/11  13:00:00,14.55164300031394,10.521639421843654 
 03/11  14:00:00,15.32778624979705,11.415163526712357 
 03/11  15:00:00,16.052989771770855,12.326144265177895 
 03/11  16:00:00,16.247012301771549,12.708407304631948 
 03/11  17:00:00,15.959760951558334,12.6549966055766 
 03/11  18:00:00,15.174917653622418,12.030377673972602 
 03/11  19:00:00,14.108154570287234,11.06821352646903 
 03/11  20:00:00,13.071611321002698,10.10291598040664 
 03/11  21:00:00,12.425679788164939,9.5198912219191 
 03/11  22:00:00,12.138779759716562,9.249520592098032 
 03/11  23:00:00,11.748986520662625,8.852209045941251 
 03/11  24:00:00,11.527162113283567,8.586517006278358 
 03/12  01:00:00,11.652668113719946,8.64279116582673 
 03/12  02:00:00,11.943635156610029,8.85834516892193 
 03/12  03:00:00,11.956779558039198,8.969388539980092 
 03/12  04:00:00,12.082878672353449,8.894098020078152 
 03/12  05:00:00,12.065518885801107,8.656783405797862 
 03/12  06:00:00,11.929817960659714,8.399721040186473 
 03/12  07:00:00,11.854726696947698,8.236920266112798 
 03/12  08:00:00,11.961647570173547,8.262032899143252 
 03/12  09:00:00,13.123132075801867,9.45788410429894 
 03/12  10:00:00,14.546543869708389,10.833803547965195 
 03/12  11:00:00,15.59612879295766,11.863618389176354 
 03/12  12:00:00,16.22277759665482,12.588918653535347 
 03/12  13:00:00,16.96556756862421,13.477557485601809 
 03/12  14:00:00,17.55613786903522,14.31642880957634 
 03/12  15:00:00,18.32824613726261,15.328526292528443 
 03/12  16:00:00,18.92251877359445,16.2859811797045 
 03/12  17:00:00,18.72694592327135,16.356895840906817 
 03/12  18:00:00,17.670842884596014,15.419388653373627 
 03/12  19:00:00,16.47176252440099,14.342036775653205 
 03/12  20:00:00,15.772281507744897,13.769689724339763 
 03/12  21:00:00,15.333350821051539,13.418475200038696 
 03/12  22:00:00,14.83773081725571,12.980715121973955 
 03/12  23:00:00,14.57208679272363,12.710177592057926 
 03/12  24:00:00,14.41372295506829,12.507692057435096 
 03/13  01:00:00,14.222229484816888,12.262518368870982 
 03/13  02:00:00,14.00275521245606,11.978531126982898 
 03/13  03:00:00,13.797178968487249,11.696845732365019 
 03/13  04:00:00,13.591984985470067,11.408485463328388 
 03/13  05:00:00,13.382098556989096,11.112124120053604 
 03/13  06:00:00,13.173398071321526,10.816234801967683 
 03/13  07:00:00,13.106492327257046,10.636913710745429 
 03/13  08:00:00,13.35633200577972,10.760538578837318 
 03/13  09:00:00,14.64714135057937,12.011760055067097 
 03/13  10:00:00,16.217828519747639,13.542832405061703 
 03/13  11:00:00,17.492882412966588,14.737392325662216 
 03/13  12:00:00,17.99195510448679,15.32825525681591 
 03/13  13:00:00,18.62551161123924,16.013066683208487 
 03/13  14:00:00,18.8728425456778,16.435233949282467 
 03/13  15:00:00,19.627340816657484,17.420026252863559 
 03/13  16:00:00,20.29498352419433,18.387524998901165 
 03/13  17:00:00,20.117518627908205,18.487241295013246 
 03/13  18:00:00,19.010261432406077,17.549626030870173 
 03/13  19:00:00,17.660435033706557,16.36646988330443 
 03/13  20:00:00,16.846819307979076,15.679198060141394 
 03/13  21:00:00,16.292289478835895,15.21322844879853 
 03/13  22:00:00,15.980875503774965,14.943405050767865 
 03/13  23:00:00,15.628284982212634,14.604394713301105 
 03/13  24:00:00,15.415424188939684,14.354091853324557 
 03/14  01:00:00,15.268260179717544,14.12973845673541 
 03/14  02:00:00,15.123800136940166,13.891649311277546 
 03/14  03:00:00,14.978352851997297,13.644597193331542 
 03/14  04:00:00,14.856966766194074,13.414973498777064 
 03/14  05:00:00,14.74755609584401,13.202467192358214 
 03/14  06:00:00,14.68535477069662,13.042021934502968 
 03/14  07:00:00,14.543137775092835,12.776561282930956 
 03/14  08:00:00,14.473347923915924,12.58659378231078 
 03/14  09:00:00,14.574648073471496,12.583316957888194 
 03/14  10:00:00,14.868332836687696,12.777017122642537 
 03/14  11:00:00,15.173167229244305,13.005303692028445 
 03/14  12:00:00,15.553511702486866,13.277067414067855 
 03/14  13:00:00,15.844938404459438,13.499179201707032 
 03/14  14:00:00,16.056104469341216,13.677736721895768 
 03/14  15:00:00,16.175630542115174,13.78778799330476 
 03/14  16:00:00,16.10395905944888,13.743448640484337 
 03/14  17:00:00,15.875847945255979,13.566649276005356 
 03/14  18:00:00,15.602817666327871,13.333026391990878 
 03/14  19:00:00,15.237211135540815,13.03048928187945 
 03/14  20:00:00,15.008525679098085,12.833903065007137 
 03/14  21:00:00,14.856674147591362,12.685426409562885 
 03/14  22:00:00,14.718285481453423,12.560909810114778 
 03/14  23:00:00,14.576360913214018,12.421436467976005 
 03/14  24:00:00,14.441159466640073,12.263212491760469 
 03/15  01:00:00,14.312723012597092,12.08798209476841 
 03/15  02:00:00,14.178142527005662,11.89783318636625 
 03/15  03:00:00,14.041563449918215,11.705163667505014 
 03/15  04:00:00,13.89410980779136,11.508040865728681 
 03/15  05:00:00,13.765668123369528,11.32703316428159 
 03/15  06:00:00,13.632553726799495,11.136540622026743 
 03/15  07:00:00,13.543333579819987,10.9832987524 
 03/15  08:00:00,13.627354892511577,11.005229388152037 
 03/15  09:00:00,14.816684261519257,12.238147393576615 
 03/15  10:00:00,16.536426658337658,13.925928908022888 
 03/15  11:00:00,17.823031402534203,15.259418700490804 
 03/15  12:00:00,18.57573326857892,16.098501575569096 
 03/15  13:00:00,18.96247282772923,16.52590908756469 
 03/15  14:00:00,19.317776557914969,17.019513396751117 
 03/15  15:00:00,19.250414538310065,17.12797401583297 
 03/15  16:00:00,19.146473294165614,17.26637621760065 
 03/15  17:00:00,19.04716828502409,17.421188956229388 
 03/15  18:00:00,18.49383488313025,17.013920304354227 
 03/15  19:00:00,17.571995701298506,16.259390824312108 
 03/15  20:00:00,16.96871621777984,15.77253460474018 
 03/15  21:00:00,16.496506354600059,15.376653163703754 
 03/15  22:00:00,15.959096417243071,14.89534289053547 
 03/15  23:00:00,15.692121040708093,14.624051360377552 
 03/15  24:00:00,15.394951976730776,14.295197813981803 
 03/16  01:00:00,15.13315266539211,13.971088658696793 
 03/16  02:00:00,14.900618408744326,13.656374343402819 
 03/16  03:00:00,14.679713357634256,13.337215992822936 
 03/16  04:00:00,14.51497652459467,13.068554711973363 
 03/16  05:00:00,14.382867751889668,12.827669120485212 
 03/16  06:00:00,14.24775758350171,12.583457317726172 
 03/16  07:00:00,14.173396983669964,12.413155241476986 
 03/16  08:00:00,14.2283450286976,12.34346218835416 
 03/16  09:00:00,14.550519019371058,12.571805197541523 
 03/16  10:00:00,15.072884145768402,12.973861072463253 
 03/16  11:00:00,15.556748238336745,13.370633837878512 
 03/16  12:00:00,15.962066635428917,13.701506936865887 
 03/16  13:00:00,16.309721587105885,14.024077655015015 
 03/16  14:00:00,16.66082757982503,14.382618057990955 
 03/16  15:00:00,16.902855817986269,14.661437595026158 
 03/16  16:00:00,17.00220582725998,14.843130483339586 
 03/16  17:00:00,16.93993375802103,14.882736974080997 
 03/16  18:00:00,16.495925900711595,14.50651648991605 
 03/16  19:00:00,15.783818904899374,13.86655328172157 
 03/16  20:00:00,15.167173052103362,13.31059497766823 
 03/16  21:00:00,14.882874095668618,13.035124732017146 
 03/16  22:00:00,14.606720838491097,12.75067724973124 
 03/16  23:00:00,14.35195398214874,12.469586401211905 
 03/16  24:00:00,14.144230388884669,12.212634064266326 
 03/17  01:00:00,13.943535320087065,11.944252324287606 
 03/17  02:00:00,13.742168190010072,11.661562934164725 
 03/17  03:00:00,13.547331644665187,11.373241389762445 
 03/17  04:00:00,13.365892793398219,11.110801469007058 
 03/17  05:00:00,13.135077189436175,10.760850646290369 
 03/17  06:00:00,12.939719096998435,10.458030460489793 
 03/17  07:00:00,12.891080474198782,10.288127381755384 
 03/17  08:00:00,13.337153669335653,10.62820073115576 
 03/17  09:00:00,14.625476727121609,11.875655573010747 
 03/17  10:00:00,16.257746103415064,13.43734114390885 
 03/17  11:00:00,17.539181337384485,14.616713245199426 
 03/17  12:00:00,17.937143843616619,15.091206937060049 
 03/17  13:00:00,18.571056361980813,15.764292074210492 
 03/17  14:00:00,18.807476873118163,16.15098208530532 
 03/17  15:00:00,19.21596935511107,16.787960566560444 
 03/17  16:00:00,19.4586571609728,17.281232952358744 
 03/17  17:00:00,19.260586628133149,17.345115518843416 
 03/17  18:00:00,18.47853787304045,16.77323833822954 
 03/17  19:00:00,17.196193239055434,15.60091308805599 
 03/17  20:00:00,16.424013086977813,14.926302973010161 
 03/17  21:00:00,15.945429511334478,14.50221413946462 
 03/17  22:00:00,15.446592834204852,14.028693526871326 
 03/17  23:00:00,15.210643567398345,13.76950969711302 
 03/17  24:00:00,14.996600181330344,13.501711645696174 
 03/18  01:00:00,14.790355622915615,13.234495751301865 
 03/18  02:00:00,14.557235016184667,12.903023385017429 
 03/18  03:00:00,14.359327527643439,12.609359742306659 
 03/18  04:00:00,14.172409102504638,12.326069736761717 
 03/18  05:00:00,13.981695592680883,12.02956933467458 
 03/18  06:00:00,13.833934978846728,11.775196356619137 
 03/18  07:00:00,13.754984706091016,11.560236701098498 
 03/18  08:00:00,14.16532594315413,11.853638995754555 
 03/18  09:00:00,15.339234253261513,12.968410827948429 
 03/18  10:00:00,16.802909182833085,14.372370425011895 
 03/18  11:00:00,17.960658491345055,15.433551178212629 
 03/18  12:00:00,18.443052156624046,15.941185109052216 
 03/18  13:00:00,18.673497182596397,16.19636555566818 
 03/18  14:00:00,18.740768044542386,16.395641844357824 
 03/18  15:00:00,18.46372246593806,16.290428086804537 
 03/18  16:00:00,18.14102922319252,16.14096538187645 
 03/18  17:00:00,17.684712294915089,15.900175262684531 
 03/18  18:00:00,17.110372243603316,15.424127799404989 
 03/18  19:00:00,16.375342518150608,14.771276381283864 
 03/18  20:00:00,16.0061900678951,14.441625883697342 
 03/18  21:00:00,15.542246470790508,14.004061715697553 
 03/18  22:00:00,15.262246864201627,13.724755768095575 
 03/18  23:00:00,15.053960055506766,13.490756971602333 
 03/18  24:00:00,14.847544400462322,13.236532716375045 
 03/19  01:00:00,14.64199406020018,12.958963142790968 
 03/19  02:00:00,14.441814990343455,12.670757378187169 
 03/19  03:00:00,14.26686104053417,12.403951321090167 
 03/19  04:00:00,14.050649027628362,12.100340050165518 
 03/19  05:00:00,13.75409458176896,11.678640354855207 
 03/19  06:00:00,13.490685141984255,11.305518407955003 
 03/19  07:00:00,13.382344035862527,11.07296539856028 
 03/19  08:00:00,13.832030814640781,11.412069132800808 
 03/19  09:00:00,15.010572708353527,12.533971943598007 
 03/19  10:00:00,16.43410852936131,13.87798243926228 
 03/19  11:00:00,17.538656125023928,14.884752694988139 
 03/19  12:00:00,18.132579110843645,15.485060260911525 
 03/19  13:00:00,18.75914448379891,16.163166254732194 
 03/19  14:00:00,19.022313456002814,16.642502172815186 
 03/19  15:00:00,19.72065889011196,17.583759214266899 
 03/19  16:00:00,20.250601159719204,18.347473901916339 
 03/19  17:00:00,20.145697461974398,18.498102377577835 
 03/19  18:00:00,19.20648844672208,17.764629633819536 
 03/19  19:00:00,17.8683872974772,16.52855899661261 
 03/19  20:00:00,17.072424906112027,15.82631328715062 
 03/19  21:00:00,16.61683357764239,15.431110391938294 
 03/19  22:00:00,16.082923344540565,14.935592223535848 
 03/19  23:00:00,15.815692314566796,14.651826658607093 
 03/19  24:00:00,15.538568212140487,14.328935609465518 
 03/20  01:00:00,15.291742426339829,14.008828651729573 
 03/20  02:00:00,15.068855346849336,13.694380296915743 
 03/20  03:00:00,14.85995590982807,13.383459755033828 
 03/20  04:00:00,14.648922720050973,13.065544551322703 
 03/20  05:00:00,14.436046180313263,12.74194686795347 
 03/20  06:00:00,14.233488239841302,12.426819373169249 
 03/20  07:00:00,14.120006371993762,12.175471012610642 
 03/20  08:00:00,14.578539048779343,12.523911764353059 
 03/20  09:00:00,15.726305260734126,13.616475455591847 
 03/20  10:00:00,17.255642039994546,15.096056900273048 
 03/20  11:00:00,18.451900270920946,16.213673623075516 
 03/20  12:00:00,18.748605017397744,16.582526056737309 
 03/20  13:00:00,19.43872013722379,17.271017462607433 
 03/20  14:00:00,19.752305511799098,17.74844949080839 
 03/20  15:00:00,20.470651263400037,18.666861258435345 
 03/20  16:00:00,21.15145197799304,19.5834350598615 
 03/20  17:00:00,20.929946199009885,19.68019262028379 
 03/20  18:00:00,19.895947073518877,18.83988538033887 
 03/20  19:00:00,18.521245477209676,17.579326822859938 
 03/20  20:00:00,17.715067574916053,16.888052432618549 
 03/20  21:00:00,17.282957206168179,16.527066514244546 
 03/20  22:00:00,16.740120273866365,16.03107099114461 
 03/20  23:00:00,16.46699986214002,15.737984525913732 
 03/20  24:00:00,16.183937011077949,15.40751614202896 
 03/21  01:00:00,15.934558941213276,15.083319442540505 
 03/21  02:00:00,15.690066692087875,14.746854112153674 
 03/21  03:00:00,15.463085293675647,14.414744238482339 
 03/21  04:00:00,15.237905429141119,14.074729287972606 
 03/21  05:00:00,15.011948743147489,13.728156779010093 
 03/21  06:00:00,14.794749987963645,13.387707798093527 
 03/21  07:00:00,14.680131126786256,13.160957377164218 
 03/21  08:00:00,15.15226972951163,13.51226417242663 
 03/21  09:00:00,16.29902577585989,14.598070737225719 
 03/21  10:00:00,17.910903946553775,16.152216370529936 
 03/21  11:00:00,19.134403720670059,17.292294509603708 
 03/21  12:00:00,19.42816239365123,17.69232565764443 
 03/21  13:00:00,20.151567225479618,18.353997702398308 
 03/21  14:00:00,20.33402762663078,18.665049583253315 
 03/21  15:00:00,20.475525159202218,19.0294058555612 
 03/21  16:00:00,20.45933693762818,19.254580945877295 
 03/21  17:00:00,20.084573348174464,19.05889204370357 
 03/21  18:00:00,19.247406237877784,18.352257758320869 
 03/21  19:00:00,18.22635220448724,17.447890202342248 
 03/21  20:00:00,17.58988065566551,16.88876022587014 
 03/21  21:00:00,17.189505700935436,16.531071419693565 
 03/21  22:00:00,16.740221025069255,16.10353328754549 
 03/21  23:00:00,16.508426475219588,15.838057958766563 
 03/21  24:00:00,16.294299148394648,15.565070393620092 
 03/22  01:00:00,16.101406729621379,15.289895340339078 
 03/22  02:00:00,15.935285692235177,15.027203041132232 
 03/22  03:00:00,15.797588244542288,14.784780314082428 
 03/22  04:00:00,15.608725185029277,14.512248574357491 
 03/22  05:00:00,15.348036382432559,14.1115809496346 
 03/22  06:00:00,15.123825022276276,13.759553373539593 
 03/22  07:00:00,15.008100394075623,13.510509773734162 
 03/22  08:00:00,15.534544820738411,13.931962121343796 
 03/22  09:00:00,16.645393627250316,14.9897940432508 
 03/22  10:00:00,17.935181335363166,16.237792862907864 
 03/22  11:00:00,18.865501989232798,17.121944332909487 
 03/22  12:00:00,19.00404558069448,17.324171657216487 
 03/22  13:00:00,19.602207838956294,17.936522648280424 
 03/22  14:00:00,19.887551580378685,18.398349779011935 
 03/22  15:00:00,20.595450355603206,19.325015530610164 
 03/22  16:00:00,20.884893933052227,19.90784261756474 
 03/22  17:00:00,20.678163390268528,19.952123167027918 
 03/22  18:00:00,19.753685598257794,19.17339915541274 
 03/22  19:00:00,18.62079769638038,18.197443858852453 
 03/22  20:00:00,17.93470894406566,17.63395658297798 
 03/22  21:00:00,17.47098895808908,17.243459422613947 
 03/22  22:00:00,16.988769136873289,16.81256504735169 
 03/22  23:00:00,16.73953732841015,16.542240686374094 
 03/22  24:00:00,16.550294702177898,16.284289482923268 
 03/23  01:00:00,16.361264028009857,16.000580938468919 
 03/23  02:00:00,16.174360400402024,15.704088646691205 
 03/23  03:00:00,15.996401082014469,15.406486110002005 
 03/23  04:00:00,15.848246456705237,15.133554809500854 
 03/23  05:00:00,15.69324192599156,14.855306340775658 
 03/23  06:00:00,15.545687994613806,14.587191024597689 
 03/23  07:00:00,15.433527278591822,14.364388906140358 
 03/23  08:00:00,15.646757882044853,14.455544288022085 
 03/23  09:00:00,16.896408433564898,15.66731868332117 
 03/23  10:00:00,18.11776143508101,16.85546703367745 
 03/23  11:00:00,19.046316800544326,17.73271301846647 
 03/23  12:00:00,19.594246833299,18.2949076723141 
 03/23  13:00:00,19.83734371733315,18.5492312771141 
 03/23  14:00:00,19.74049224003265,18.555984013163056 
 03/23  15:00:00,19.273048950001887,18.224395600328923 
 03/23  16:00:00,18.868799102417449,17.986015314861235 
 03/23  17:00:00,18.544113508755865,17.75155423550433 
 03/23  18:00:00,18.107980636058504,17.384027830766678 
 03/23  19:00:00,17.568736265832258,16.888632264041435 
 03/23  20:00:00,17.120568792123863,16.46026559054426 
 03/23  21:00:00,16.770391708885577,16.11025051710914 
 03/23  22:00:00,16.49676862602503,15.810750010222503 
 03/23  23:00:00,16.26122745041857,15.526230993572339 
 03/23  24:00:00,16.040360187650206,15.237424146398807 
 03/24  01:00:00,15.86578380601238,14.980106342393509 
 03/24  02:00:00,15.708002006548672,14.729794424317195 
 03/24  03:00:00,15.556722500759742,14.482023757728653 
 03/24  04:00:00,15.464571404451638,14.28654487760892 
 03/24  05:00:00,15.400410253916864,14.09637953216308 
 03/24  06:00:00,15.379759937428565,13.93751455650368 
 03/24  07:00:00,15.228655093098176,13.66138977263884 
 03/24  08:00:00,15.134976540259036,13.46103040354813 
 03/24  09:00:00,14.659490323903249,13.035945478697677 
 03/24  10:00:00,14.647449843348478,12.983099123997006 
 03/24  11:00:00,15.53463336220311,13.661589118875084 
 03/24  12:00:00,14.990210973004738,13.213037046024102 
 03/24  13:00:00,15.854699386281088,13.857121894571291 
 03/24  14:00:00,15.94854427308109,13.86066812296717 
 03/24  15:00:00,15.60931276576024,13.577606005278185 
 03/24  16:00:00,15.678203345771486,13.5560346184438 
 03/24  17:00:00,15.58338214485301,13.375008695339809 
 03/24  18:00:00,14.879430558046856,12.785835229633646 
 03/24  19:00:00,14.705646313658687,12.528161672633179 
 03/24  20:00:00,14.605996345344609,12.32010048883621 
 03/24  21:00:00,14.444636730828185,12.104204903577069 
 03/24  22:00:00,14.300213772687514,11.914110238676474 
 03/24  23:00:00,14.18239918870543,11.733510958059572 
 03/24  24:00:00,14.077848176243343,11.556611267670704 
 03/25  01:00:00,13.936103418632352,11.343155866660905 
 03/25  02:00:00,13.77186030285393,11.109151158475023 
 03/25  03:00:00,13.614672097328527,10.880966003926189 
 03/25  04:00:00,13.54344388915626,10.727324482759354 
 03/25  05:00:00,13.497631103884388,10.591419966220137 
 03/25  06:00:00,13.442127417268792,10.450380437091189 
 03/25  07:00:00,13.401754463682002,10.328009220702884 
 03/25  08:00:00,13.429611484057107,10.28263805555254 
 03/25  09:00:00,13.62044749399543,10.41101327409359 
 03/25  10:00:00,13.900222839684198,10.655160855895016 
 03/25  11:00:00,14.288037003638788,10.978482784136676 
 03/25  12:00:00,14.592937276218752,11.260127246843315 
 03/25  13:00:00,14.85922271344575,11.525728002019758 
 03/25  14:00:00,15.080428598477475,11.760754298367921 
 03/25  15:00:00,15.200239449901945,11.918037940374069 
 03/25  16:00:00,15.211398193583637,12.013342640912397 
 03/25  17:00:00,15.112438097437784,11.999322358361419 
 03/25  18:00:00,14.815439740482227,11.770301685843276 
 03/25  19:00:00,14.458065990033829,11.450397388042387 
 03/25  20:00:00,14.09028394910568,11.170873474746914 
 03/25  21:00:00,13.895433454495974,11.021106812512717 
 03/25  22:00:00,13.81382830188081,10.94917473915488 
 03/25  23:00:00,13.749008004958846,10.875292231513612 
 03/25  24:00:00,13.681042478750186,10.787208142085302 
 03/26  01:00:00,13.588934921033609,10.66201857186329 
 03/26  02:00:00,13.499431138925339,10.529983722068492 
 03/26  03:00:00,13.414596858723943,10.393841804616985 
 03/26  04:00:00,13.302413743850203,10.234466398582727 
 03/26  05:00:00,13.175571862990019,10.063149160579206 
 03/26  06:00:00,13.06362522698034,9.902664842155084 
 03/26  07:00:00,13.010714014560257,9.792492788883067 
 03/26  08:00:00,13.052332170593461,9.776615749165775 
 03/26  09:00:00,13.250875845250507,9.928516562344218 
 03/26  10:00:00,13.571233660863506,10.23003069579753 
 03/26  11:00:00,13.978797580075014,10.612494367748522 
 03/26  12:00:00,14.313066695055494,10.949471307011182 
 03/26  13:00:00,15.12760898745739,11.816600775653793 
 03/26  14:00:00,16.110714917815867,12.956575139845186 
 03/26  15:00:00,17.424558731736178,14.510763787061418 
 03/26  16:00:00,17.84917583036602,15.225838155415616 
 03/26  17:00:00,17.61543450646359,15.191303084427052 
 03/26  18:00:00,16.735596291567377,14.442241523013419 
 03/26  19:00:00,15.655625806730614,13.449525900773592 
 03/26  20:00:00,14.988196901870964,12.931391022956135 
 03/26  21:00:00,14.586053464084149,12.635961848629155 
 03/26  22:00:00,14.183563368533651,12.329523349101642 
 03/26  23:00:00,13.99817008986688,12.170686565602196 
 03/26  24:00:00,13.895895835936367,12.045716530204235 
 03/27  01:00:00,13.736821719506742,11.83662049803713 
 03/27  02:00:00,13.546920475281006,11.574004446624209 
 03/27  03:00:00,13.379910973881947,11.32075231377034 
 03/27  04:00:00,13.313235325357404,11.15555015909448 
 03/27  05:00:00,13.30034266015574,11.04279202815715 
 03/27  06:00:00,13.327656822163988,10.98133966655832 
 03/27  07:00:00,13.313032804667108,10.853243914144109 
 03/27  08:00:00,13.372809280268204,10.791153706577076 
 03/27  09:00:00,13.593761327664192,10.908548811924396 
 03/27  10:00:00,13.977480016511347,11.228415965940265 
 03/27  11:00:00,14.591132633134702,11.733221719457614 
 03/27  12:00:00,15.157644642406597,12.24534048179652 
 03/27  13:00:00,15.571525871498132,12.650880497677648 
 03/27  14:00:00,15.834324643105259,12.941332775083393 
 03/27  15:00:00,15.97991952351331,13.145033515390616 
 03/27  16:00:00,15.940977655886173,13.20179431643607 
 03/27  17:00:00,15.762285850718572,13.135274827477606 
 03/27  18:00:00,15.499081214011739,12.977962080320145 
 03/27  19:00:00,15.14607626601235,12.704534108426593 
 03/27  20:00:00,14.665898424303599,12.320462737979265 
 03/27  21:00:00,14.272336650353035,11.991857586161255 
 03/27  22:00:00,14.073103656552206,11.800527741162363 
 03/27  23:00:00,13.962312013221352,11.669060807213139 
 03/27  24:00:00,13.87101155895485,11.539695184559383 
 03/28  01:00:00,13.814630379398656,11.433383688252676 
 03/28  02:00:00,13.770861234584937,11.325371273244543 
 03/28  03:00:00,13.717751070486106,11.194778929143645 
 03/28  04:00:00,13.619296726014233,11.028575033833093 
 03/28  05:00:00,13.500225453443868,10.848435071904455 
 03/28  06:00:00,13.37996206066949,10.663018480814204 
 03/28  07:00:00,13.3303917484616,10.54087400944554 
 03/28  08:00:00,13.840505422048203,11.014108109728568 
 03/28  09:00:00,15.095634404111334,12.337754502872074 
 03/28  10:00:00,16.403990340953507,13.695563885875487 
 03/28  11:00:00,17.313185270012697,14.598706608873937 
 03/28  12:00:00,17.78478345482985,15.170830764789285 
 03/28  13:00:00,18.418078968983556,15.94705617773272 
 03/28  14:00:00,18.828609188593384,16.589325316081636 
 03/28  15:00:00,19.561055562624849,17.531065761727498 
 03/28  16:00:00,20.11740977071939,18.481666256497854 
 03/28  17:00:00,20.025571670172199,18.554318948324395 
 03/28  18:00:00,19.473253900981378,18.216984233108904 
 03/28  19:00:00,18.11481024461117,17.00710576677012 
 03/28  20:00:00,17.333218164907227,16.356541321283815 
 03/28  21:00:00,16.796765897561956,15.920764871695857 
 03/28  22:00:00,16.443828210387467,15.608727356730859 
 03/28  23:00:00,16.00246982378354,15.180039093765683 
 03/28  24:00:00,15.766071732835908,14.896009106362009 
 03/29  01:00:00,15.473092546546356,14.537587430155531 
 03/29  02:00:00,15.184944429201698,14.163478388224977 
 03/29  03:00:00,14.902412630071672,13.780495823628364 
 03/29  04:00:00,14.68610740178492,13.45178159978101 
 03/29  05:00:00,14.511010789776222,13.15617178682714 
 03/29  06:00:00,14.34922872532092,12.865303264315277 
 03/29  07:00:00,14.2880443867841,12.682401960063166 
 03/29  08:00:00,15.189870602240612,13.513458182575365 
 03/29  09:00:00,16.358086801954689,14.672780933881717 
 03/29  10:00:00,17.78834171369347,16.032914423329858 
 03/29  11:00:00,18.622366838861596,16.81209088229795 
 03/29  12:00:00,18.96458186969184,17.177758746228798 
 03/29  13:00:00,19.595390746464774,17.85064203248418 
 03/29  14:00:00,19.889553987982688,18.34616091974498 
 03/29  15:00:00,20.496501956989346,19.200610045318279 
 03/29  16:00:00,20.843169570572159,19.84414131441231 
 03/29  17:00:00,20.60493324630411,19.838438449572434 
 03/29  18:00:00,19.78274518146738,19.20427356891685 
 03/29  19:00:00,18.595851193497766,18.172053026316346 
 03/29  20:00:00,17.90075542027148,17.593878755413735 
 03/29  21:00:00,17.47636448705379,17.232332373736086 
 03/29  22:00:00,16.957585511891155,16.750900785367983 
 03/29  23:00:00,16.6939893809051,16.44591875745001 
 03/29  24:00:00,16.43606663229209,16.119921928231514 
 03/30  01:00:00,16.218374639044776,15.808126264126445 
 03/30  02:00:00,16.035333541672693,15.51494057217137 
 03/30  03:00:00,15.881573716643889,15.257588349399637 
 03/30  04:00:00,15.695042209412513,14.923838594707668 
 03/30  05:00:00,15.529562622803775,14.626343348768656 
 03/30  06:00:00,15.379720734118254,14.35413065909567 
 03/30  07:00:00,15.295830663573794,14.161484352590615 
 03/30  08:00:00,15.337408251455353,14.07801192702916 
 03/30  09:00:00,15.513398433112144,14.131715838110259 
 03/30  10:00:00,15.817809068588576,14.344107846075202 
 03/30  11:00:00,16.238949360550924,14.634803737804058 
 03/30  12:00:00,16.592764060699268,14.901327293382869 
 03/30  13:00:00,17.186957532383354,15.443155052841947 
 03/30  14:00:00,17.78806704409144,16.05292872959133 
 03/30  15:00:00,18.571346628767164,16.819574871884237 
 03/30  16:00:00,18.85072304446848,17.201007745401598 
 03/30  17:00:00,19.004972841238705,17.462346769635475 
 03/30  18:00:00,18.78456169429281,17.33158596123377 
 03/30  19:00:00,17.800161245289915,16.43699400855666 
 03/30  20:00:00,17.29731234675697,16.027908140505497 
 03/30  21:00:00,16.96469038879589,15.766892158631843 
 03/30  22:00:00,16.68017361396877,15.538904666198978 
 03/30  23:00:00,16.490422430402018,15.36624819669554 
 03/30  24:00:00,16.3873216958478,15.245949756205747 
 03/31  01:00:00,16.24245760003804,15.068324952697039 
 03/31  02:00:00,16.08217887725714,14.864834544762817 
 03/31  03:00:00,15.92051127278308,14.652140658035265 
 03/31  04:00:00,15.775522318012174,14.45059040844192 
 03/31  05:00:00,15.62707510700264,14.24227177540697 
 03/31  06:00:00,15.487148245093627,14.039318310542335 
 03/31  07:00:00,15.345083235522046,13.828741244047145 
 03/31  08:00:00,15.269480474159338,13.686333806761855 
 03/31  09:00:00,15.11155320011693,13.549460870688073 
 03/31  10:00:00,15.515504458143294,13.856455246176268 
 03/31  11:00:00,15.85018712957824,14.10891268595408 
 03/31  12:00:00,15.789265722733824,14.098738097663926 
 03/31  13:00:00,16.086893660130455,14.329448867240038 
 03/31  14:00:00,16.35359164857059,14.513737466560919 
 03/31  15:00:00,15.97371927660223,14.235874870501256 
 03/31  16:00:00,16.06904545560121,14.261396075178354 
 03/31  17:00:00,16.093289528315535,14.18822803827908 
 03/31  18:00:00,15.849005665653675,13.895452716191759 
 03/31  19:00:00,15.536027688665048,13.575676560148168 
 03/31  20:00:00,15.24995675230196,13.281711555712965 
 03/31  21:00:00,15.050511114865403,13.063606961047844 
 03/31  22:00:00,14.960147511376029,12.934678731086008 
 03/31  23:00:00,14.924316463439136,12.843259495278384 
 03/31  24:00:00,14.906503599738049,12.757939446812042 
 04/01  01:00:00,14.83041356100491,12.632238277330524 
 04/01  02:00:00,14.793107376607372,12.544816053827784 
 04/01  03:00:00,14.796926073844924,12.48414327618584 
 04/01  04:00:00,14.695428398937536,12.32200530841034 
 04/01  05:00:00,14.537297197357584,12.109650980437636 
 04/01  06:00:00,14.355547731301769,11.866320297220499 
 04/01  07:00:00,14.335345898717272,11.805175235910783 
 04/01  08:00:00,14.794510253562044,12.238030353859504 
 04/01  09:00:00,15.583765707712349,13.007274120656409 
 04/01  10:00:00,16.614833069304827,14.046249226355716 
 04/01  11:00:00,17.773422477829607,15.221671033730296 
 04/01  12:00:00,18.348315185418075,15.921140294913452 
 04/01  13:00:00,18.58926834404391,16.266787589960975 
 04/01  14:00:00,18.781460943728975,16.65015584972074 
 04/01  15:00:00,18.419874160847138,16.497305041787123 
 04/01  16:00:00,18.10158436365999,16.394022823408475 
 04/01  17:00:00,17.775713678207795,16.274105064149926 
 04/01  18:00:00,17.275150772433024,15.90891305570441 
 04/01  19:00:00,16.743334317330257,15.45653963222375 
 04/01  20:00:00,16.375196037956628,15.153713265114018 
 04/01  21:00:00,16.109005170857875,14.926114908282976 
 04/01  22:00:00,15.93871447664179,14.764597573368809 
 04/01  23:00:00,15.807495071690124,14.615653167754463 
 04/01  24:00:00,15.693283710975951,14.465164729267526 
 04/02  01:00:00,15.540269060435742,14.267481565759672 
 04/02  02:00:00,15.376914136929488,14.049425885166457 
 04/02  03:00:00,15.21792961435076,13.826962124483254 
 04/02  04:00:00,15.06641368187575,13.612863005985862 
 04/02  05:00:00,14.925855783832944,13.408272281438928 
 04/02  06:00:00,14.783992892386485,13.190380421754325 
 04/02  07:00:00,14.727538959182809,13.052176973599174 
 04/02  08:00:00,15.004911874198476,13.26109076231525 
 04/02  09:00:00,15.94540654890211,14.1897894953871 
 04/02  10:00:00,17.230433978385574,15.487378972870884 
 04/02  11:00:00,18.68255976323271,16.86008909677166 
 04/02  12:00:00,19.122160186520323,17.400598891418729 
 04/02  13:00:00,19.558509187612218,17.92573855966934 
 04/02  14:00:00,19.89170002688839,18.473781339529159 
 04/02  15:00:00,20.617464754099964,19.459553680206488 
 04/02  16:00:00,21.260851005898343,20.446257186647686 
 04/02  17:00:00,21.207325465199028,20.553947561760169 
 04/02  18:00:00,20.722906685134399,20.365276066055288 
 04/02  19:00:00,19.34877204525631,19.158504915677115 
 04/02  20:00:00,18.5274495168581,18.48577877184497 
 04/02  21:00:00,17.947249997345723,18.006440248668775 
 04/02  22:00:00,17.649940029831968,17.756063567760088 
 04/02  23:00:00,17.276658722014909,17.40579574412071 
 04/02  24:00:00,17.06816080562809,17.156949493362718 
 04/03  01:00:00,16.894268853466888,16.902051400400436 
 04/03  02:00:00,16.713933479001978,16.62475473929137 
 04/03  03:00:00,16.53033423434798,16.33420985124754 
 04/03  04:00:00,16.36681860020071,16.05533488329523 
 04/03  05:00:00,16.20586557689333,15.77376255091959 
 04/03  06:00:00,16.05618194749177,15.501745449634419 
 04/03  07:00:00,16.063162182679755,15.387598926792839 
 04/03  08:00:00,16.841845019341734,16.096685882165109 
 04/03  09:00:00,18.182397345116845,17.421674386100827 
 04/03  10:00:00,18.96259681087527,18.140536299536806 
 04/03  11:00:00,19.305605082698518,18.43559360817863 
 04/03  12:00:00,19.486559632862606,18.540513201689305 
 04/03  13:00:00,19.621850869713979,18.68813692178959 
 04/03  14:00:00,19.74141331771598,18.893841516458079 
 04/03  15:00:00,19.794282363687544,19.040798540664829 
 04/03  16:00:00,19.726954947424546,19.10290278283648 
 04/03  17:00:00,19.539847506305866,19.053116283470954 
 04/03  18:00:00,19.174442727573458,18.766271640287444 
 04/03  19:00:00,18.609331755032949,18.32176952880676 
 04/03  20:00:00,18.25822013954552,17.998053839909266 
 04/03  21:00:00,18.010192735758936,17.767603191006129 
 04/03  22:00:00,17.806114654926309,17.574644072530068 
 04/03  23:00:00,17.62516453092399,17.380785771235819 
 04/03  24:00:00,17.449684767132255,17.16974334000748 
 04/04  01:00:00,17.260977538878927,16.93095084965419 
 04/04  02:00:00,17.046347347786257,16.655625188091809 
 04/04  03:00:00,16.849071902281005,16.403861633815877 
 04/04  04:00:00,16.6423633514777,16.11316333600945 
 04/04  05:00:00,16.44668644470682,15.826722703108967 
 04/04  06:00:00,16.276986348089897,15.57455934198091 
 04/04  07:00:00,16.252710167962428,15.460460761361264 
 04/04  08:00:00,16.520116946974356,15.629878166115108 
 04/04  09:00:00,17.097222804767129,16.136969594529899 
 04/04  10:00:00,17.983577200614247,16.97730764105531 
 04/04  11:00:00,19.179384355497004,18.07412016735096 
 04/04  12:00:00,20.180458600452505,19.01420935271762 
 04/04  13:00:00,20.78507304664779,19.70530317149117 
 04/04  14:00:00,21.61978084944351,20.671060880443478 
 04/04  15:00:00,22.378477277817824,21.683404844799598 
 04/04  16:00:00,23.168974523916004,22.84781952026406 
 04/04  17:00:00,23.01791935073898,22.91441483836264 
 04/04  18:00:00,22.371206716450329,22.434114355998859 
 04/04  19:00:00,21.059809595851126,21.301868188385645 
 04/04  20:00:00,20.218245330208725,20.679016906288888 
 04/04  21:00:00,19.712695967571248,20.30569518824532 
 04/04  22:00:00,19.37739588038519,20.031799558651174 
 04/04  23:00:00,18.92929127632202,19.63776858233445 
 04/04  24:00:00,18.65469408827075,19.33882890613294 
 04/05  01:00:00,18.45955823477426,19.072563363700234 
 04/05  02:00:00,18.261701537063734,18.795234753829896 
 04/05  03:00:00,18.059147434573178,18.502096661356334 
 04/05  04:00:00,17.875510528030536,18.235647960268694 
 04/05  05:00:00,17.62577818324838,17.86459017587731 
 04/05  06:00:00,17.4185986349984,17.550025611914756 
 04/05  07:00:00,17.344411324745154,17.361796387227295 
 04/05  08:00:00,18.079459261753074,18.03096179334843 
 04/05  09:00:00,19.286037026659387,19.203620467548907 
 04/05  10:00:00,20.69506335320121,20.577754669924944 
 04/05  11:00:00,21.723945831379355,21.53024335546723 
 04/05  12:00:00,22.024082688018333,21.84827864950794 
 04/05  13:00:00,22.714380276021204,22.495284309842174 
 04/05  14:00:00,22.919109944640377,22.88432721611199 
 04/05  15:00:00,23.521462442502398,23.70499396301576 
 04/05  16:00:00,23.8811154492653,24.308080595294773 
 04/05  17:00:00,23.429565827881839,24.021093677183545 
 04/05  18:00:00,22.472350765962124,23.283807424225519 
 04/05  19:00:00,21.28631228580956,22.31207279423011 
 04/05  20:00:00,20.533358391879245,21.704352937675325 
 04/05  21:00:00,20.098154380290354,21.337277151712308 
 04/05  22:00:00,19.573674019700655,20.862841824913134 
 04/05  23:00:00,19.342876333529497,20.574036165027594 
 04/05  24:00:00,19.082309326680734,20.228725339538295 
 04/06  01:00:00,18.862973733299634,19.90443037438817 
 04/06  02:00:00,18.657202231980486,19.575553320493058 
 04/06  03:00:00,18.460795573686587,19.24794165198851 
 04/06  04:00:00,18.291707260388628,18.94490190768596 
 04/06  05:00:00,18.143398364072274,18.660872763064078 
 04/06  06:00:00,17.99063780681325,18.374034413935399 
 04/06  07:00:00,17.953520718500884,18.206773398602313 
 04/06  08:00:00,18.104366296915356,18.236992605572526 
 04/06  09:00:00,18.39839224660072,18.410387854638154 
 04/06  10:00:00,18.757715579749214,18.60691047571482 
 04/06  11:00:00,19.115709549121456,18.86414450879675 
 04/06  12:00:00,19.475147821537879,19.130393935058139 
 04/06  13:00:00,19.9256222527364,19.529703639387294 
 04/06  14:00:00,20.468286272550569,20.03308137983117 
 04/06  15:00:00,20.936693526731398,20.500647204412979 
 04/06  16:00:00,21.17286585888551,20.821152192284545 
 04/06  17:00:00,21.098709334022069,20.88581002063406 
 04/06  18:00:00,20.588157607317237,20.492155895305939 
 04/06  19:00:00,19.63460632798603,19.661549425552047 
 04/06  20:00:00,18.976580920853225,19.05452380507999 
 04/06  21:00:00,18.51626222188218,18.627474190283946 
 04/06  22:00:00,18.002687130279314,18.132191766532388 
 04/06  23:00:00,17.755082117350985,17.84701723695058 
 04/06  24:00:00,17.48421616351622,17.516441442785163 
 04/07  01:00:00,17.27969704849578,17.23446937347445 
 04/07  02:00:00,17.106631735563185,16.968536451280835 
 04/07  03:00:00,16.939946820691856,16.700659090704009 
 04/07  04:00:00,16.782711179511744,16.44129042272572 
 04/07  05:00:00,16.6498434454087,16.212383220261804 
 04/07  06:00:00,16.519758095400208,15.96114476805691 
 04/07  07:00:00,16.545085170026338,15.858972917092999 
 04/07  08:00:00,17.407232209247156,16.6495055739396 
 04/07  09:00:00,18.665277473338404,17.865571683146805 
 04/07  10:00:00,20.144064812482026,19.273924892620945 
 04/07  11:00:00,21.248963019387216,20.26701915191858 
 04/07  12:00:00,21.801674615448254,20.758780129141873 
 04/07  13:00:00,22.274274072578366,21.273459776390128 
 04/07  14:00:00,22.81300522801196,21.8965552528586 
 04/07  15:00:00,22.8408279735293,22.15274821034874 
 04/07  16:00:00,22.534546216123368,22.135346579322623 
 04/07  17:00:00,21.929322727804818,21.85038753183034 
 04/07  18:00:00,21.329469297669556,21.417777735648657 
 04/07  19:00:00,20.434041245757958,20.790481414038689 
 04/07  20:00:00,19.7840459909512,20.316374137904803 
 04/07  21:00:00,19.417811901421805,20.00539227869298 
 04/07  22:00:00,18.98566330956304,19.65675924231237 
 04/07  23:00:00,18.76814158165142,19.450271330125024 
 04/07  24:00:00,18.62624722152824,19.26488151855456 
 04/08  01:00:00,18.43014893134269,19.003366024401733 
 04/08  02:00:00,18.21287587674136,18.709333001003455 
 04/08  03:00:00,18.041771207103439,18.46136784457059 
 04/08  04:00:00,17.796139918294384,18.103712167939546 
 04/08  05:00:00,17.609099319032525,17.816434727499077 
 04/08  06:00:00,17.409052608861509,17.505226055759097 
 04/08  07:00:00,17.45614117079633,17.44488991039605 
 04/08  08:00:00,17.800142751241134,17.7260096914854 
 04/08  09:00:00,18.202247138259666,17.98158779118203 
 04/08  10:00:00,18.50076013596874,18.160108745056975 
 04/08  11:00:00,18.807468563022309,18.39153258785714 
 04/08  12:00:00,19.09821219427628,18.63131675170946 
 04/08  13:00:00,19.262728865169416,18.781044539561866 
 04/08  14:00:00,19.312877921154258,18.8589498163516 
 04/08  15:00:00,19.267214481640566,18.865692763005734 
 04/08  16:00:00,19.10196187634726,18.759120350901733 
 04/08  17:00:00,18.830227895202758,18.54134044147437 
 04/08  18:00:00,18.172265914952768,17.944145259272945 
 04/08  19:00:00,17.8988499341442,17.655372328968473 
 04/08  20:00:00,17.671541910302048,17.40570148390763 
 04/08  21:00:00,17.119915324912669,16.850564684733408 
 04/08  22:00:00,17.102560805688495,16.77384285601663 
 04/08  23:00:00,17.12990831049993,16.739887194911817 
 04/08  24:00:00,17.039200431837228,16.59020009978244 
 04/09  01:00:00,16.917497682784505,16.388543936542523 
 04/09  02:00:00,16.80426370819892,16.186753310396033 
 04/09  03:00:00,16.719205822561997,16.01212778082264 
 04/09  04:00:00,16.623123770741065,15.827128044973258 
 04/09  05:00:00,16.52687737855259,15.64421037306324 
 04/09  06:00:00,16.423733718783884,15.458558435229767 
 04/09  07:00:00,16.385974616813639,15.341991920842933 
 04/09  08:00:00,16.573581741920813,15.458663421188352 
 04/09  09:00:00,17.019337168450606,15.869271735839645 
 04/09  10:00:00,18.01837717479165,16.852200868797526 
 04/09  11:00:00,19.251388964952367,18.108315968906955 
 04/09  12:00:00,20.697191931396199,19.400450606192984 
 04/09  13:00:00,21.41345458706578,20.254637829652027 
 04/09  14:00:00,22.231933479212708,21.32363117039331 
 04/09  15:00:00,22.975143511785608,22.42198594058579 
 04/09  16:00:00,23.18417585778882,22.976501382801297 
 04/09  17:00:00,22.549585743720664,22.624281831287094 
 04/09  18:00:00,21.865706795685193,22.19978042907616 
 04/09  19:00:00,21.01203633514706,21.601270671150325 
 04/09  20:00:00,20.46203005188751,21.304077308420596 
 04/09  21:00:00,20.207765725065536,21.138781966544508 
 04/09  22:00:00,19.671068882492059,20.82341633553588 
 04/09  23:00:00,19.385093769299286,20.594499454740029 
 04/09  24:00:00,18.922798661366615,20.053839499152795 
 04/10  01:00:00,18.747545303059174,19.85182469019093 
 04/10  02:00:00,18.566367070584325,19.61824836590956 
 04/10  03:00:00,17.990102377410609,18.92521220601146 
 04/10  04:00:00,17.868312275942388,18.7062852834985 
 04/10  05:00:00,17.726835434040795,18.448078686880487 
 04/10  06:00:00,17.14850163087003,17.744693509515935 
 04/10  07:00:00,17.15624390862498,17.61847795302027 
 04/10  08:00:00,17.302586131495173,17.624706729039969 
 04/10  09:00:00,17.135290737508915,17.33665016091473 
 04/10  10:00:00,17.558514062448283,17.65836126989076 
 04/10  11:00:00,17.888392443960009,17.86149606886005 
 04/10  12:00:00,17.666673526902004,17.56386527118363 
 04/10  13:00:00,18.090413976071159,17.90141216353796 
 04/10  14:00:00,18.33549034076484,18.062591489899384 
 04/10  15:00:00,17.770914112026988,17.48407418448973 
 04/10  16:00:00,17.862101771080277,17.470356334702936 
 04/10  17:00:00,17.834933033393847,17.339374711522095 
 04/10  18:00:00,17.053420978967816,16.549879586416567 
 04/10  19:00:00,17.022306012143575,16.416065452840394 
 04/10  20:00:00,16.727917451708536,16.00494239888522 
 04/10  21:00:00,16.149956236409279,15.412215278606992 
 04/10  22:00:00,16.128864689475518,15.288423834304015 
 04/10  23:00:00,16.07031899166235,15.08252111136821 
 04/10  24:00:00,15.885358158782806,14.782639181429003 
 04/11  01:00:00,15.727468276739229,14.52369795866256 
 04/11  02:00:00,15.628967544074602,14.312619783552302 
 04/11  03:00:00,15.54221978205615,14.10710701194366 
 04/11  04:00:00,15.40310398486387,13.860867638502049 
 04/11  05:00:00,15.235446423780108,13.595236230983794 
 04/11  06:00:00,15.092155245650293,13.35231699833392 
 04/11  07:00:00,15.090051836631459,13.245358074537247 
 04/11  08:00:00,15.430748464163246,13.514081243369273 
 04/11  09:00:00,16.176051456084648,14.20014697574572 
 04/11  10:00:00,17.107774303241084,15.111175051791614 
 04/11  11:00:00,18.195010983220265,16.146736407178314 
 04/11  12:00:00,18.668553793827408,16.728830734728008 
 04/11  13:00:00,18.84926530546421,17.017651714687657 
 04/11  14:00:00,18.639998221810463,16.95799837988704 
 04/11  15:00:00,17.371362293093115,15.969622207822452 
 04/11  16:00:00,17.15787054271004,15.79928471234099 
 04/11  17:00:00,17.11659195401779,15.80617427435185 
 04/11  18:00:00,16.833885609811089,15.585262485859563 
 04/11  19:00:00,16.43103591724948,15.191827346103239 
 04/11  20:00:00,16.019330693844279,14.763093670014986 
 04/11  21:00:00,15.778249746596679,14.48979384651616 
 04/11  22:00:00,15.501786008836636,14.173080106048947 
 04/11  23:00:00,15.230367479967232,13.84161503924 
 04/11  24:00:00,14.96655621055195,13.505763191030099 
 04/12  01:00:00,14.816761661569164,13.286561032773149 
 04/12  02:00:00,14.742090033325403,13.12306349254172 
 04/12  03:00:00,14.672658732584884,12.950929479244543 
 04/12  04:00:00,14.50111251824922,12.666005538927902 
 04/12  05:00:00,14.319614575334292,12.383692109819375 
 04/12  06:00:00,14.103681445306315,12.036314607274516 
 04/12  07:00:00,14.086872244637224,11.893275674444518 
 04/12  08:00:00,14.543949475554787,12.260547522326862 
 04/12  09:00:00,15.301775776704658,12.942335567821673 
 04/12  10:00:00,16.159085681537954,13.780246196915972 
 04/12  11:00:00,17.125067848934675,14.719561923281573 
 04/12  12:00:00,17.620749904807594,15.326264725489738 
 04/12  13:00:00,17.940435441921659,15.698064420603608 
 04/12  14:00:00,18.29927646297062,16.156352549897997 
 04/12  15:00:00,18.31912117631574,16.320884114111803 
 04/12  16:00:00,18.42071970942382,16.63866079371452 
 04/12  17:00:00,18.606536684926568,17.05312363146317 
 04/12  18:00:00,18.583346549453205,17.20868289027688 
 04/12  19:00:00,17.492289487244955,16.205237721466685 
 04/12  20:00:00,16.816778649500117,15.580312381747126 
 04/12  21:00:00,16.386342190021759,15.19287719591761 
 04/12  22:00:00,15.892878021716076,14.72367176146772 
 04/12  23:00:00,15.612156448713109,14.427643067493593 
 04/12  24:00:00,15.40694640905071,14.177005661724394 
 04/13  01:00:00,15.270498847716619,13.97668963234182 
 04/13  02:00:00,15.172997805153564,13.805949322527365 
 04/13  03:00:00,15.073861880851134,13.628383712039783 
 04/13  04:00:00,14.938627034664889,13.41517333381317 
 04/13  05:00:00,14.786863124506392,13.159840571437448 
 04/13  06:00:00,14.642283840408743,12.906529174685 
 04/13  07:00:00,14.656359740150695,12.809743926671528 
 04/13  08:00:00,15.355437603409517,13.434454812667062 
 04/13  09:00:00,16.287181780433554,14.329062333594284 
 04/13  10:00:00,17.406370389889923,15.375574535075021 
 04/13  11:00:00,18.069514709817818,16.06606826769293 
 04/13  12:00:00,18.76227438111134,16.733533427621077 
 04/13  13:00:00,18.944394165404938,17.073039307606714 
 04/13  14:00:00,19.23555294632618,17.620897410754624 
 04/13  15:00:00,19.686081035568625,18.313041012551186 
 04/13  16:00:00,20.242700630493617,19.14677591381526 
 04/13  17:00:00,20.3534600824703,19.39684133443614 
 04/13  18:00:00,20.026273538793718,19.34114367805604 
 04/13  19:00:00,18.71697905672344,18.170819748066245 
 04/13  20:00:00,17.92608024111694,17.499514981614487 
 04/13  21:00:00,17.462064393422837,17.112030598422657 
 04/13  22:00:00,16.960326241017403,16.668970661278189 
 04/13  23:00:00,16.70765858485906,16.408405500039405 
 04/13  24:00:00,16.539541484527825,16.186650897341314 
 04/14  01:00:00,16.365360285260026,15.936106632206635 
 04/14  02:00:00,16.182316522976288,15.66090582369169 
 04/14  03:00:00,16.01994727467057,15.394240178358129 
 04/14  04:00:00,15.866619429910415,15.131403193038177 
 04/14  05:00:00,15.704102280078967,14.856943748452429 
 04/14  06:00:00,15.55225075559075,14.59315765729459 
 04/14  07:00:00,15.558374840312827,14.493488526857183 
 04/14  08:00:00,16.31134423865295,15.167631542608385 
 04/14  09:00:00,17.16109037874212,15.966976230995514 
 04/14  10:00:00,18.36383734776597,17.10584767025818 
 04/14  11:00:00,19.26437125708683,17.980202362602353 
 04/14  12:00:00,19.350255440167325,18.16446616663918 
 04/14  13:00:00,19.921678939789133,18.78275859770135 
 04/14  14:00:00,20.02496064000788,19.012475692069093 
 04/14  15:00:00,19.403058279771054,18.56156366685839 
 04/14  16:00:00,18.821849109033406,18.156071661904876 
 04/14  17:00:00,18.413247860090875,17.877170531468545 
 04/14  18:00:00,17.936300339246963,17.520856012218628 
 04/14  19:00:00,17.505776080409797,17.15452179529928 
 04/14  20:00:00,17.186587243662438,16.866876685185777 
 04/14  21:00:00,16.927621535569356,16.607627349760418 
 04/14  22:00:00,16.740034994704567,16.385994938190433 
 04/14  23:00:00,16.587611228057058,16.174551452130524 
 04/14  24:00:00,16.42928198691132,15.941895799826416 
 04/15  01:00:00,16.221886217248348,15.659431692331719 
 04/15  02:00:00,15.92389912598148,15.242728095184395 
 04/15  03:00:00,15.264916204199029,14.53293974567676 
 04/15  04:00:00,15.251081686664142,14.365092083426914 
 04/15  05:00:00,15.205150599660004,14.177032184681139 
 04/15  06:00:00,14.514111092922026,13.44650494571394 
 04/15  07:00:00,14.685417555544412,13.443760982521745 
 04/15  08:00:00,15.418126178777954,14.092114222896984 
 04/15  09:00:00,16.81845271417871,15.446734654011563 
 04/15  10:00:00,17.647593644521245,16.211818813096867 
 04/15  11:00:00,17.982585323550464,16.507954249403718 
 04/15  12:00:00,18.18015833474093,16.665506464933995 
 04/15  13:00:00,18.2883924576494,16.813675938176894 
 04/15  14:00:00,18.358294118529046,16.981238731519615 
 04/15  15:00:00,18.330477242670527,17.053287008382786 
 04/15  16:00:00,18.26220109224678,17.07377967733833 
 04/15  17:00:00,18.043957981272724,16.923510712509346 
 04/15  18:00:00,17.592618193933974,16.50127095831023 
 04/15  19:00:00,16.970472732700878,15.90087929828212 
 04/15  20:00:00,16.57796304968571,15.510835581179713 
 04/15  21:00:00,16.179823849078156,15.098232224158803 
 04/15  22:00:00,15.949347499062962,14.837747480812352 
 04/15  23:00:00,15.768921256827968,14.608157915642537 
 04/15  24:00:00,15.586247526068775,14.358865949943678 
 04/16  01:00:00,15.410517015879475,14.111132806534487 
 04/16  02:00:00,15.260787450200335,13.87387042839178 
 04/16  03:00:00,15.108119490600333,13.620844299165164 
 04/16  04:00:00,14.953979775865728,13.360354192864016 
 04/16  05:00:00,14.791072099172116,13.088921986522207 
 04/16  06:00:00,14.637167434345491,12.824789350238225 
 04/16  07:00:00,14.653963018784899,12.724788049206268 
 04/16  08:00:00,14.923255809317335,12.87818151046039 
 04/16  09:00:00,15.367040322584487,13.240129534249356 
 04/16  10:00:00,16.081711542051047,13.86897497670591 
 04/16  11:00:00,17.004104170309444,14.735547432154073 
 04/16  12:00:00,18.045410134457336,15.672708824913926 
 04/16  13:00:00,18.469538751635804,16.217356267540244 
 04/16  14:00:00,18.775076331309159,16.734745304547795 
 04/16  15:00:00,19.366003711325079,17.595063167506195 
 04/16  16:00:00,20.003352759718628,18.50447845176543 
 04/16  17:00:00,20.13484089386367,18.85418437100607 
 04/16  18:00:00,19.802529451607403,18.799923947203589 
 04/16  19:00:00,18.523584132912,17.643790627786865 
 04/16  20:00:00,17.70329713895089,16.952601679994414 
 04/16  21:00:00,17.24654556152298,16.58469963985388 
 04/16  22:00:00,16.73076085034775,16.142637953182836 
 04/16  23:00:00,16.477739021289748,15.896554273384363 
 04/16  24:00:00,16.30454376772381,15.685663883062127 
 04/17  01:00:00,16.115811431307617,15.436076365764038 
 04/17  02:00:00,15.915127974055228,15.157247174153442 
 04/17  03:00:00,15.734847174388806,14.886528064625754 
 04/17  04:00:00,15.581655726661902,14.636169828344278 
 04/17  05:00:00,15.43751083131505,14.39168437380456 
 04/17  06:00:00,15.297197062983925,14.15025401568235 
 04/17  07:00:00,15.373660982608115,14.145527463530847 
 04/17  08:00:00,16.07328329094207,14.7626192274064 
 04/17  09:00:00,16.913415578756685,15.548531676644961 
 04/17  10:00:00,17.610775088613786,16.175734164842856 
 04/17  11:00:00,18.295815734610465,16.71660341166889 
 04/17  12:00:00,18.435826969488454,16.856047622360934 
 04/17  13:00:00,18.992220678976169,17.429496116508078 
 04/17  14:00:00,19.44994971636038,17.999543230137726 
 04/17  15:00:00,20.13760770176708,18.749584261029665 
 04/17  16:00:00,20.242585281597515,18.924967141103065 
 04/17  17:00:00,19.645324533318467,18.480716988115029 
 04/17  18:00:00,19.044501953288937,18.05906906734161 
 04/17  19:00:00,18.62296496554717,17.786645842229448 
 04/17  20:00:00,18.088462046114054,17.428604166167088 
 04/17  21:00:00,17.81060396301707,17.227495576074625 
 04/17  22:00:00,17.706938725118677,17.139403588609459 
 04/17  23:00:00,17.599963899497096,17.03421340469431 
 04/17  24:00:00,17.49960626800398,16.92567287938563 
 04/18  01:00:00,17.330769938862518,16.743743639504176 
 04/18  02:00:00,17.12635422161676,16.516215708248106 
 04/18  03:00:00,16.926549055703498,16.281301736566108 
 04/18  04:00:00,16.771265283037548,16.082561030533655 
 04/18  05:00:00,16.644734345152455,15.911054722447384 
 04/18  06:00:00,16.293036491297206,15.548103588524562 
 04/18  07:00:00,16.278284431395976,15.459448706169681 
 04/18  08:00:00,16.382356500519778,15.482674257116033 
 04/18  09:00:00,16.565395520818539,15.604123146537005 
 04/18  10:00:00,16.860603989093045,15.872353742769832 
 04/18  11:00:00,17.283101218529518,16.241895322646028 
 04/18  12:00:00,17.61201657375663,16.54009751217417 
 04/18  13:00:00,18.17491102007191,17.15066019453322 
 04/18  14:00:00,18.91856632824678,17.943915117001738 
 04/18  15:00:00,19.542877702947984,18.67596461042266 
 04/18  16:00:00,19.880795957284144,19.134620005206359 
 04/18  17:00:00,20.149849778465005,19.513510264447129 
 04/18  18:00:00,19.879393713452303,19.329825138922467 
 04/18  19:00:00,18.753339700985394,18.259987793493495 
 04/18  20:00:00,17.886990794988994,17.427492893793674 
 04/18  21:00:00,17.615017217903664,17.1728888703909 
 04/18  22:00:00,17.21058955118169,16.772984266782669 
 04/18  23:00:00,16.961724286737956,16.495890323955189 
 04/18  24:00:00,16.795703603354423,16.273884183627634 
 04/19  01:00:00,16.595045853218755,16.004087396000025 
 04/19  02:00:00,16.389940765765318,15.734421129983197 
 04/19  03:00:00,16.13274449297704,15.374083417934135 
 04/19  04:00:00,15.943218337437145,15.091312436848544 
 04/19  05:00:00,15.753142312956518,14.803781514744733 
 04/19  06:00:00,15.589508223716772,14.548857888955667 
 04/19  07:00:00,15.64452522307426,14.492877374000921 
 04/19  08:00:00,16.687777301334785,15.459345079182855 
 04/19  09:00:00,17.976944515401333,16.721034063647495 
 04/19  10:00:00,19.231592401027606,17.88984709701352 
 04/19  11:00:00,19.673442476516173,18.37177372482309 
 04/19  12:00:00,19.854513964585583,18.610729208131916 
 04/19  13:00:00,20.10048176547088,18.940978273496996 
 04/19  14:00:00,20.255179904101149,19.315744894484099 
 04/19  15:00:00,20.785519272942844,20.064548055270376 
 04/19  16:00:00,21.374782634948894,20.906775209370964 
 04/19  17:00:00,21.496995705214798,21.17416294027607 
 04/19  18:00:00,21.19113641907734,21.11593864016787 
 04/19  19:00:00,19.956509824074514,20.004555295614069 
 04/19  20:00:00,19.116284594498077,19.271142521472727 
 04/19  21:00:00,18.595799191759754,18.815109637890168 
 04/19  22:00:00,18.314767568202976,18.555328996487768 
 04/19  23:00:00,18.03631992416557,18.265546846799304 
 04/19  24:00:00,17.817077242500866,17.99547517838807 
 04/20  01:00:00,17.61564374330114,17.712801556850218 
 04/20  02:00:00,17.434486228025674,17.449695684209403 
 04/20  03:00:00,17.192608342089647,17.090234507708588 
 04/20  04:00:00,17.03551972256981,16.82409943268865 
 04/20  05:00:00,16.90213444359658,16.58633427027426 
 04/20  06:00:00,16.77510865025524,16.358058871681757 
 04/20  07:00:00,16.867668106612347,16.35511922781987 
 04/20  08:00:00,17.921780914592316,17.343292883321639 
 04/20  09:00:00,19.23765313198545,18.614322477578665 
 04/20  10:00:00,20.547154329097798,19.801319251981768 
 04/20  11:00:00,20.958995872913385,20.250588219002024 
 04/20  12:00:00,21.144509563215676,20.488081481357459 
 04/20  13:00:00,21.614745222314434,21.03262365509959 
 04/20  14:00:00,22.055084058675705,21.616285600212867 
 04/20  15:00:00,22.27772364139252,22.005047735409315 
 04/20  16:00:00,22.619098677749507,22.606014034228097 
 04/20  17:00:00,22.76138498562573,22.966539278022127 
 04/20  18:00:00,22.726557998457687,23.125411864113148 
 04/20  19:00:00,21.596800760534899,22.146014996777827 
 04/20  20:00:00,20.4498516665637,21.260719067159515 
 04/20  21:00:00,20.017984206021965,20.915675454995268 
 04/20  22:00:00,19.76148701309163,20.70676011386905 
 04/20  23:00:00,19.48977317538466,20.46409190912596 
 04/20  24:00:00,19.297975711405014,20.251428377332965 
 04/21  01:00:00,19.218811265613267,20.108195532533427 
 04/21  02:00:00,19.164177544856014,19.96923142820345 
 04/21  03:00:00,19.113738915854399,19.829000049804056 
 04/21  04:00:00,19.01891050052144,19.644293630914964 
 04/21  05:00:00,18.89342666268632,19.431049719196328 
 04/21  06:00:00,18.79167133762954,19.24433924119679 
 04/21  07:00:00,18.77138619547907,19.152375506091088 
 04/21  08:00:00,18.933246088576835,19.228995056343689 
 04/21  09:00:00,19.21450824896495,19.434329435724913 
 04/21  10:00:00,19.428697535596606,19.60675805842736 
 04/21  11:00:00,19.718968468197525,19.829883370276059 
 04/21  12:00:00,19.98544271083724,20.04024069019655 
 04/21  13:00:00,20.040484919580196,20.08540441528242 
 04/21  14:00:00,19.901542506177714,19.998110458390319 
 04/21  15:00:00,19.191264790452946,19.374046062845666 
 04/21  16:00:00,19.188576194204065,19.35187332419734 
 04/21  17:00:00,19.108434156002067,19.239746392862675 
 04/21  18:00:00,18.73307291185587,18.84603061519617 
 04/21  19:00:00,18.329910068539684,18.399530932493556 
 04/21  20:00:00,18.08157962895753,18.099727431201147 
 04/21  21:00:00,17.957198157952609,17.92327181728937 
 04/21  22:00:00,17.859349264014147,17.773805251432536 
 04/21  23:00:00,17.752153049124258,17.60438664550457 
 04/21  24:00:00,17.64721743370875,17.42366836622724 
 04/22  01:00:00,17.401309991789547,17.114446798441269 
 04/22  02:00:00,17.11655623914722,16.74650346430089 
 04/22  03:00:00,16.88530198846738,16.43710127509486 
 04/22  04:00:00,16.707201496146383,16.176398442193347 
 04/22  05:00:00,16.535324881061198,15.913158974621029 
 04/22  06:00:00,16.363149177367445,15.648473479671705 
 04/22  07:00:00,16.516147168624135,15.70644371887975 
 04/22  08:00:00,17.641115868071048,16.784103244921697 
 04/22  09:00:00,19.030881251037706,18.13288383118832 
 04/22  10:00:00,19.943962625833767,19.079638153453034 
 04/22  11:00:00,20.28684682425559,19.4638926275492 
 04/22  12:00:00,20.371750035586225,19.60308335897292 
 04/22  13:00:00,20.73397119161333,20.094267811794955 
 04/22  14:00:00,21.043145531186214,20.665989430939029 
 04/22  15:00:00,21.90321835612352,21.771590555879688 
 04/22  16:00:00,22.721488918557573,22.76372345082667 
 04/22  17:00:00,22.831292423078009,23.189911624444723 
 04/22  18:00:00,22.324608086699216,22.928263885368609 
 04/22  19:00:00,21.131640783586158,21.990554512959766 
 04/22  20:00:00,20.186626344398577,21.222053353404964 
 04/22  21:00:00,19.62832607590464,20.76339059659967 
 04/22  22:00:00,19.324112861549847,20.48209283236521 
 04/22  23:00:00,18.945348396408087,20.102655881984295 
 04/22  24:00:00,18.739949780204375,19.829586747220814 
 04/23  01:00:00,18.565750496947137,19.544973039368807 
 04/23  02:00:00,18.38388006224048,19.26137470570214 
 04/23  03:00:00,18.145831094536584,18.88300184263523 
 04/23  04:00:00,17.98215618762606,18.587363942163117 
 04/23  05:00:00,17.85061424463647,18.324474153118169 
 04/23  06:00:00,17.716573940310974,18.060355356417597 
 04/23  07:00:00,17.87065411783616,18.093641128007197 
 04/23  08:00:00,18.91447964288527,19.080193143382134 
 04/23  09:00:00,20.16488470988521,20.289882643560064 
 04/23  10:00:00,21.548869554139367,21.491569504594869 
 04/23  11:00:00,22.02662642590505,21.9804881739982 
 04/23  12:00:00,22.293454552739559,22.241944295587954 
 04/23  13:00:00,22.576506965015367,22.53639129157056 
 04/23  14:00:00,22.745875490715329,22.87658363272186 
 04/23  15:00:00,23.391317337224856,23.708303305704474 
 04/23  16:00:00,24.069198871490828,24.562277221346677 
 04/23  17:00:00,24.363551165605136,25.02851208943583 
 04/23  18:00:00,24.133636702260639,24.97086183832146 
 04/23  19:00:00,22.89284587501463,23.850587955305664 
 04/23  20:00:00,21.66342465119666,22.825405309655844 
 04/23  21:00:00,21.099312380756346,22.34816659760161 
 04/23  22:00:00,20.7627866880981,22.055607419737578 
 04/23  23:00:00,20.321660993114784,21.6547087631648 
 04/23  24:00:00,20.077270473170978,21.368080945009173 
 04/24  01:00:00,19.907920788996618,21.09980855365169 
 04/24  02:00:00,19.738829643603088,20.83768417304794 
 04/24  03:00:00,19.497113904818084,20.48117855492613 
 04/24  04:00:00,19.30822548358162,20.187102326457997 
 04/24  05:00:00,19.099175623107848,19.867772046078416 
 04/24  06:00:00,18.9140441996965,19.573414655802023 
 04/24  07:00:00,18.814610164417869,19.36871196374319 
 04/24  08:00:00,18.896459840070908,19.355426051930594 
 04/24  09:00:00,19.106070788742949,19.480900932243025 
 04/24  10:00:00,19.918829032817376,20.249813813050559 
 04/24  11:00:00,21.020282125869458,21.324400978080218 
 04/24  12:00:00,21.65595720740518,21.941637866814014 
 04/24  13:00:00,21.993342451809875,22.234105932737326 
 04/24  14:00:00,22.460129386497827,22.720402391008564 
 04/24  15:00:00,23.08792280540423,23.504969380875339 
 04/24  16:00:00,23.883988083232315,24.430898106783169 
 04/24  17:00:00,24.045191283093425,24.727601197338939 
 04/24  18:00:00,23.780562300015548,24.64330156478038 
 04/24  19:00:00,22.5769953128015,23.53065693239884 
 04/24  20:00:00,21.519600320379785,22.60801854598004 
 04/24  21:00:00,20.807629518426979,22.00303729576531 
 04/24  22:00:00,20.423088179482265,21.659002752651298 
 04/24  23:00:00,19.960307843691063,21.22285126693248 
 04/24  24:00:00,19.749100064668249,20.947529921970145 
 04/25  01:00:00,19.484945365129208,20.592486169018576 
 04/25  02:00:00,19.206266720368306,20.208470717561263 
 04/25  03:00:00,18.945722005613836,19.830943222711839 
 04/25  04:00:00,18.705820035320519,19.468801481958388 
 04/25  05:00:00,18.481949075006818,19.1173940523072 
 04/25  06:00:00,18.25570226419532,18.760750506252067 
 04/25  07:00:00,18.397571133185829,18.778636717704879 
 04/25  08:00:00,19.496009931496258,19.81458851631509 
 04/25  09:00:00,20.76264067851945,21.00518112189074 
 04/25  10:00:00,21.49418144456078,21.634774280608739 
 04/25  11:00:00,21.825982851698265,21.89416896715165 
 04/25  12:00:00,22.049229440954269,22.05426303558676 
 04/25  13:00:00,22.30547884461513,22.394931587844569 
 04/25  14:00:00,22.813646237683075,22.99906249052855 
 04/25  15:00:00,23.251751655049227,23.592517843325127 
 04/25  16:00:00,23.33611272387825,23.8135206548274 
 04/25  17:00:00,23.146681347469614,23.748896155488667 
 04/25  18:00:00,22.515829937524197,23.21393079766431 
 04/25  19:00:00,21.58543100903159,22.397390716153259 
 04/25  20:00:00,20.636423833938566,21.625369209353019 
 04/25  21:00:00,20.276168228486755,21.282456553295878 
 04/25  22:00:00,19.789450889634634,20.82211684326366 
 04/25  23:00:00,19.54679722675888,20.527614127632263 
 04/25  24:00:00,19.29430656888796,20.201248830648809 
 04/26  01:00:00,19.045301027387536,19.86440653561874 
 04/26  02:00:00,18.804462715473368,19.521837232098187 
 04/26  03:00:00,18.579759303228508,19.18517452094453 
 04/26  04:00:00,18.380261341062849,18.866028572196244 
 04/26  05:00:00,18.180742873768318,18.54394586077722 
 04/26  06:00:00,17.995024800927156,18.235881604967859 
 04/26  07:00:00,18.196399686383964,18.336725357419604 
 04/26  08:00:00,19.348127884296539,19.3928196973631 
 04/26  09:00:00,20.69590353985837,20.642379626252674 
 04/26  10:00:00,21.82327912813438,21.66097848900509 
 04/26  11:00:00,22.438162872983104,22.248844382495997 
 04/26  12:00:00,22.62803706867441,22.446595257410896 
 04/26  13:00:00,22.827374684062457,22.745035534676544 
 04/26  14:00:00,22.948912443791224,23.12824935151685 
 04/26  15:00:00,23.60384427209413,24.033544660673923 
 04/26  16:00:00,24.415598712661298,25.04773566588748 
 04/26  17:00:00,24.619328575605317,25.57401851674546 
 04/26  18:00:00,24.212992564000254,25.452486199086616 
 04/26  19:00:00,22.979259489176625,24.49040962611658 
 04/26  20:00:00,21.664403283905608,23.504800937324676 
 04/26  21:00:00,21.06067487887551,23.02369382282915 
 04/26  22:00:00,20.649994113561819,22.679735859329545 
 04/26  23:00:00,20.116161132743856,22.199499094624945 
 04/26  24:00:00,19.849485810384914,21.86399310630184 
 04/27  01:00:00,19.583376719296817,21.48759201476605 
 04/27  02:00:00,19.348552021214496,21.115007077368003 
 04/27  03:00:00,19.115995502327747,20.72638242749295 
 04/27  04:00:00,18.89782267272229,20.340050901039488 
 04/27  05:00:00,18.707640752786785,19.975447695957486 
 04/27  06:00:00,18.514429124487444,19.607875053135094 
 04/27  07:00:00,18.73458218498861,19.66974652476741 
 04/27  08:00:00,19.90147219034595,20.740969034742795 
 04/27  09:00:00,21.325434414190928,22.05440101417759 
 04/27  10:00:00,22.382844245519825,23.010483910250703 
 04/27  11:00:00,22.917816963965174,23.50154453449025 
 04/27  12:00:00,23.122181015355694,23.693086811638478 
 04/27  13:00:00,23.32573518758163,23.975959650469386 
 04/27  14:00:00,23.5628350769533,24.391056195719146 
 04/27  15:00:00,24.171296144389879,25.15800761413319 
 04/27  16:00:00,24.87959303438833,26.100322273227925 
 04/27  17:00:00,25.213545416757819,26.697304038119474 
 04/27  18:00:00,24.952369170372316,26.751867219809669 
 04/27  19:00:00,23.74025069749732,25.707588807061187 
 04/27  20:00:00,22.584190544542254,24.733440710337029 
 04/27  21:00:00,21.778830077357953,24.06865072888068 
 04/27  22:00:00,21.370660117105513,23.742317542445826 
 04/27  23:00:00,20.84105320461682,23.26964012541784 
 04/27  24:00:00,20.60746186455011,22.950014009115283 
 04/28  01:00:00,20.362169044759044,22.58023837331144 
 04/28  02:00:00,20.120088341824855,22.19687427851898 
 04/28  03:00:00,19.87415989835563,21.792586445896217 
 04/28  04:00:00,19.69069515691197,21.444343650720023 
 04/28  05:00:00,19.52438307403812,21.106647957586476 
 04/28  06:00:00,19.36745673948475,20.779730276331937 
 04/28  07:00:00,19.48924594070248,20.73155553999496 
 04/28  08:00:00,19.911908980825105,21.019825012385046 
 04/28  09:00:00,20.33306421011285,21.221308816406947 
 04/28  10:00:00,20.530291654423836,21.258167405266684 
 04/28  11:00:00,20.672570835793896,21.316703131701585 
 04/28  12:00:00,20.279258420554244,20.941817167874068 
 04/28  13:00:00,20.540269674341535,21.185870129562745 
 04/28  14:00:00,20.762744333698234,21.309577990260494 
 04/28  15:00:00,20.7557689083445,21.230237538078929 
 04/28  16:00:00,20.63466255812353,21.084639865798687 
 04/28  17:00:00,20.437662775910483,20.8798109304227 
 04/28  18:00:00,20.14378794516872,20.580852503926935 
 04/28  19:00:00,19.83529352935129,20.26375681649405 
 04/28  20:00:00,19.368481378740158,19.822534154846637 
 04/28  21:00:00,19.076084135895486,19.507522734108315 
 04/28  22:00:00,18.848858742781965,19.237619487169327 
 04/28  23:00:00,18.623472732686158,18.95584324891836 
 04/28  24:00:00,18.414349373424689,18.679220640433845 
 04/29  01:00:00,18.248407419159514,18.432697877137544 
 04/29  02:00:00,18.105444249938388,18.196914165008065 
 04/29  03:00:00,17.968220569560456,17.959088186864088 
 04/29  04:00:00,17.867703357701477,17.748188743330084 
 04/29  05:00:00,17.77520072193254,17.54213822774783 
 04/29  06:00:00,17.675284418008969,17.33038535509075 
 04/29  07:00:00,17.68591095756168,17.236059102475246 
 04/29  08:00:00,18.055376998058124,17.53486907663971 
 04/29  09:00:00,18.83050205907703,18.27073484674028 
 04/29  10:00:00,19.621798077726298,19.008660492281679 
 04/29  11:00:00,20.621693730251459,19.785782309597808 
 04/29  12:00:00,21.007075475979826,20.233946998679238 
 04/29  13:00:00,21.32107333003102,20.625672950141096 
 04/29  14:00:00,21.787969228370998,21.12805773472668 
 04/29  15:00:00,21.94120309691138,21.39824642949412 
 04/29  16:00:00,21.756984978924245,21.4601858988216 
 04/29  17:00:00,21.442357636197714,21.34173844655206 
 04/29  18:00:00,20.906532959786746,21.085023552311236 
 04/29  19:00:00,20.419731234527825,20.72966793835748 
 04/29  20:00:00,20.031861589749384,20.451559827977947 
 04/29  21:00:00,19.351178054560557,19.833900740728319 
 04/29  22:00:00,19.232659128173599,19.802663526662106 
 04/29  23:00:00,19.136002298718798,19.73228674724496 
 04/29  24:00:00,18.537285568112883,19.08376350294428 
 04/30  01:00:00,18.45029872950817,18.963983590096495 
 04/30  02:00:00,18.43007592449443,18.8924933023677 
 04/30  03:00:00,18.00548555791472,18.393140616822835 
 04/30  04:00:00,17.969298078383767,18.277840015521119 
 04/30  05:00:00,17.950138207516827,18.172679630400404 
 04/30  06:00:00,17.48832792177229,17.63751159810473 
 04/30  07:00:00,17.56415358447409,17.615764217541309 
 04/30  08:00:00,17.8949820174743,17.88266154164782 
 04/30  09:00:00,18.40180306963542,18.31120601042511 
 04/30  10:00:00,19.14272099804905,19.033481551074439 
 04/30  11:00:00,19.98400843724039,19.864893551518159 
 04/30  12:00:00,21.099300298789904,20.821300387198656 
 04/30  13:00:00,21.187848570832757,20.989119727906844 
 04/30  14:00:00,21.098910246223754,21.01429255734318 
 04/30  15:00:00,20.688314996445017,20.693794165038594 
 04/30  16:00:00,20.356741648336269,20.53038067596223 
 04/30  17:00:00,20.200429778699939,20.49234029578671 
 04/30  18:00:00,20.010132768856129,20.37398384558404 
 04/30  19:00:00,19.56036322367237,19.962458402060326 
 04/30  20:00:00,19.00280736267887,19.474784716595118 
 04/30  21:00:00,18.675644284584608,19.15637333754743 
 04/30  22:00:00,18.422610063051203,18.887205045042646 
 04/30  23:00:00,18.190152058964335,18.617806673557689 
 04/30  24:00:00,17.99643015006405,18.368599574753437 
 05/01  01:00:00,17.812262876804966,18.120637262706667 
 05/01  02:00:00,17.6478729757762,17.874892844374274 
 05/01  03:00:00,17.489968334154239,17.623088417054836 
 05/01  04:00:00,17.333936492326968,17.364565255572477 
 05/01  05:00:00,17.168091056874219,17.09356240074001 
 05/01  06:00:00,16.990707165290517,16.80947091323916 
 05/01  07:00:00,17.695494886573756,17.45965136481467 
 05/01  08:00:00,19.1774736776986,18.875722149447819 
 05/01  09:00:00,20.936903814063358,20.405155249545318 
 05/01  10:00:00,21.60687968673188,21.013077041123194 
 05/01  11:00:00,21.76128109809462,21.18259146947503 
 05/01  12:00:00,21.538081761396506,21.18140021232904 
 05/01  13:00:00,21.5196829022448,21.430004123742046 
 05/01  14:00:00,21.654337325189695,21.795137904948587 
 05/01  15:00:00,22.363443968295934,22.794207035002925 
 05/01  16:00:00,23.475283844744639,24.247314109291588 
 05/01  17:00:00,24.183814102986806,25.35293844718776 
 05/01  18:00:00,24.068645482639348,25.61898732137093 
 05/01  19:00:00,23.12832768488233,25.162540021007428 
 05/01  20:00:00,21.87553440994056,24.167591460192335 
 05/01  21:00:00,21.04699570550791,23.60272979461532 
 05/01  22:00:00,20.625077187002196,23.298676481056658 
 05/01  23:00:00,20.07720476945849,22.852849122294196 
 05/01  24:00:00,19.85872054360121,22.574102706880774 
 05/02  01:00:00,19.670075481325424,22.279763916533967 
 05/02  02:00:00,19.507845799198696,21.99807622803242 
 05/02  03:00:00,19.290894504598115,21.61373313073534 
 05/02  04:00:00,19.15189214577733,21.297497845479655 
 05/02  05:00:00,19.0205241459451,20.969307763862184 
 05/02  06:00:00,18.89887279043345,20.652504054852597 
 05/02  07:00:00,19.160606793965554,20.725888906221628 
 05/02  08:00:00,19.841926864792776,21.28619407537213 
 05/02  09:00:00,20.625249564372529,21.92695634157985 
 05/02  10:00:00,21.171707999226937,22.359662269212526 
 05/02  11:00:00,21.4919149116199,22.605380927924064 
 05/02  12:00:00,21.706498451248579,22.7297526073202 
 05/02  13:00:00,21.89679773126472,22.87967462456819 
 05/02  14:00:00,22.094150592516465,23.100308463300448 
 05/02  15:00:00,22.241577707863994,23.301178228601935 
 05/02  16:00:00,22.182332202854157,23.292760760288514 
 05/02  17:00:00,21.913160556247019,23.041410012717664 
 05/02  18:00:00,21.570581826948087,22.71040152845104 
 05/02  19:00:00,21.023918513297916,22.206669818610814 
 05/02  20:00:00,20.621423493065227,21.83843739763926 
 05/02  21:00:00,20.2945850221827,21.524566627771195 
 05/02  22:00:00,20.13121745826812,21.35714131792221 
 05/02  23:00:00,20.043625823641098,21.23698127100514 
 05/02  24:00:00,19.972112304254368,21.112071409909146 
 05/03  01:00:00,19.879013812896358,20.94995892947975 
 05/03  02:00:00,19.756137164581398,20.750976487983338 
 05/03  03:00:00,19.623531016007044,20.542874459885679 
 05/03  04:00:00,19.513713412020548,20.359295963845289 
 05/03  05:00:00,19.396593049169089,20.17024575279594 
 05/03  06:00:00,19.2769036583853,19.98299952910531 
 05/03  07:00:00,19.382190965958857,20.01621143181194 
 05/03  08:00:00,20.232892433132798,20.85382571132795 
 05/03  09:00:00,21.95956345207593,22.51917511971737 
 05/03  10:00:00,22.73462476765149,23.261485680527323 
 05/03  11:00:00,22.980646909300419,23.593022720374678 
 05/03  12:00:00,23.482694632370767,24.13837728221514 
 05/03  13:00:00,23.764053339053846,24.601502271672837 
 05/03  14:00:00,24.177059085027737,25.243280811447176 
 05/03  15:00:00,24.78503097654302,26.10115783530969 
 05/03  16:00:00,25.211187830806816,26.689438550524849 
 05/03  17:00:00,24.763663566057685,26.503297138814234 
 05/03  18:00:00,23.944021166079293,25.870283762388838 
 05/03  19:00:00,23.232460467543427,25.327228676634193 
 05/03  20:00:00,22.47950190475035,24.819597945306798 
 05/03  21:00:00,22.258716677161315,24.674030831155269 
 05/03  22:00:00,22.00041110386035,24.482685490892814 
 05/03  23:00:00,21.748526737994426,24.25338869590834 
 05/03  24:00:00,21.58068095844105,24.03793552997308 
 05/04  01:00:00,21.391408548807229,23.754161424537555 
 05/04  02:00:00,21.21228163710346,23.479461562032559 
 05/04  03:00:00,20.93307142961612,23.082380607580775 
 05/04  04:00:00,20.78501632536942,22.817516209213598 
 05/04  05:00:00,20.69810103371094,22.598143695989177 
 05/04  06:00:00,20.616216184278504,22.379389176998644 
 05/04  07:00:00,20.527555376403485,22.166164570674956 
 05/04  08:00:00,20.554620044065176,22.08686177896077 
 05/04  09:00:00,20.710360343320873,22.144462707101355 
 05/04  10:00:00,21.009249363536374,22.345837449945138 
 05/04  11:00:00,21.273323031196019,22.552684501742328 
 05/04  12:00:00,21.62431460929024,22.80792144696668 
 05/04  13:00:00,21.750706083511646,22.87850271529465 
 05/04  14:00:00,21.720913199317779,22.82487827715395 
 05/04  15:00:00,21.63941504374675,22.734224993130785 
 05/04  16:00:00,21.964536429481073,23.076218765301257 
 05/04  17:00:00,22.430118980352675,23.55952848137083 
 05/04  18:00:00,22.758656529074139,23.915596414176478 
 05/04  19:00:00,21.943068372811216,23.091228956931638 
 05/04  20:00:00,21.219874422856987,22.37178738083538 
 05/04  21:00:00,20.849193684848986,22.00621493907848 
 05/04  22:00:00,20.336277380979277,21.54965772732485 
 05/04  23:00:00,20.0533810638332,21.271345907529054 
 05/04  24:00:00,19.87069724759947,21.037009027333263 
 05/05  01:00:00,19.763878413948029,20.86052308711992 
 05/05  02:00:00,19.692760070091393,20.714067148618687 
 05/05  03:00:00,19.641517722494734,20.58657994293087 
 05/05  04:00:00,19.539412895998234,20.40474619640144 
 05/05  05:00:00,19.40429724665571,20.1928545789388 
 05/05  06:00:00,19.277372375841265,19.99533408812144 
 05/05  07:00:00,19.310051999971369,19.94980340919898 
 05/05  08:00:00,19.928517001708167,20.531064829429199 
 05/05  09:00:00,20.943015658553827,21.50800209664349 
 05/05  10:00:00,22.093864319987238,22.623790534481665 
 05/05  11:00:00,22.729332932937134,23.284687995040348 
 05/05  12:00:00,22.91580056235116,23.536744554970775 
 05/05  13:00:00,23.21446119625722,23.93362233351933 
 05/05  14:00:00,23.373422103990813,24.33236018040783 
 05/05  15:00:00,24.105988364626083,25.267576797154424 
 05/05  16:00:00,24.783799708456568,26.314415974911826 
 05/05  17:00:00,24.563719668293588,26.446667695083514 
 05/05  18:00:00,23.8974265757738,26.08471908495716 
 05/05  19:00:00,23.069124850135638,25.46967672421322 
 05/05  20:00:00,22.392719369073917,24.946056778904525 
 05/05  21:00:00,21.680160255206674,24.41396904680135 
 05/05  22:00:00,21.411526709501314,24.216601381510914 
 05/05  23:00:00,21.368294745146625,24.127372355333358 
 05/05  24:00:00,21.34167764174534,24.000307416350304 
 05/06  01:00:00,21.179586847527337,23.734749354034759 
 05/06  02:00:00,20.992241166734073,23.461182510373896 
 05/06  03:00:00,20.603305440800324,22.853550670876176 
 05/06  04:00:00,20.537598884510126,22.69743595151867 
 05/06  05:00:00,20.54879994190838,22.582698963902958 
 05/06  06:00:00,20.30083548705049,22.136904032384558 
 05/06  07:00:00,20.35429326873337,22.075341717292408 
 05/06  08:00:00,20.603901914445069,22.200972425817466 
 05/06  09:00:00,20.66581413275528,22.098017522060574 
 05/06  10:00:00,21.04395283252086,22.45854111987855 
 05/06  11:00:00,21.4941081667071,22.80064785020629 
 05/06  12:00:00,21.467541864607516,22.634684471354487 
 05/06  13:00:00,21.738091499872437,22.892523334172787 
 05/06  14:00:00,22.015215647486138,23.157196471810836 
 05/06  15:00:00,21.63132658395343,22.70331244388863 
 05/06  16:00:00,21.699515685253375,22.76440487765683 
 05/06  17:00:00,21.767232719229729,22.80911864672612 
 05/06  18:00:00,21.152381471393974,22.136585107396387 
 05/06  19:00:00,20.992599733821775,21.978123301546409 
 05/06  20:00:00,20.98186994422556,21.962534321879678 
 05/06  21:00:00,20.811018962926654,21.705344457894193 
 05/06  22:00:00,20.76967310528814,21.644088445876297 
 05/06  23:00:00,20.79265262403878,21.640900208229778 
 05/06  24:00:00,20.793050546053125,21.585483723828259 
 05/07  01:00:00,20.740446666482514,21.47938472897077 
 05/07  02:00:00,20.68611455078189,21.38818134817476 
 05/07  03:00:00,20.63236025934009,21.28827295715819 
 05/07  04:00:00,20.590085971040755,21.225106015343678 
 05/07  05:00:00,20.546845469129968,21.169854743558376 
 05/07  06:00:00,20.493960891294994,21.103342787973636 
 05/07  07:00:00,20.489590163614513,21.09839854259988 
 05/07  08:00:00,20.628700196648614,21.25132425241702 
 05/07  09:00:00,20.853611798560367,21.478800759507004 
 05/07  10:00:00,21.095966553381844,21.776681501482409 
 05/07  11:00:00,21.474122132519235,22.19650895306752 
 05/07  12:00:00,21.649949641147218,22.373154492046205 
 05/07  13:00:00,21.829056098483485,22.60276525812012 
 05/07  14:00:00,21.939857388548928,22.775580296027639 
 05/07  15:00:00,21.916867062753906,22.799278630250293 
 05/07  16:00:00,21.7671834200272,22.672002639589633 
 05/07  17:00:00,21.505181999781319,22.42403490943501 
 05/07  18:00:00,21.017138949316377,21.927881369734608 
 05/07  19:00:00,20.62579135341889,21.59529798307826 
 05/07  20:00:00,20.333945290493238,21.316865102236357 
 05/07  21:00:00,19.970870774591249,20.90158823316181 
 05/07  22:00:00,19.767536182922993,20.689671168612735 
 05/07  23:00:00,19.553625557825705,20.44992205965708 
 05/07  24:00:00,19.09758816216324,19.946982155705386 
 05/08  01:00:00,18.96742863745073,19.76335704218332 
 05/08  02:00:00,18.885165670231414,19.606598217615095 
 05/08  03:00:00,18.491413807218828,19.11758028765987 
 05/08  04:00:00,18.472663171097815,19.020704305773458 
 05/08  05:00:00,18.481349050163759,18.940499821327536 
 05/08  06:00:00,18.103703674053777,18.47296564059696 
 05/08  07:00:00,18.154911800457954,18.419134058232303 
 05/08  08:00:00,18.357907074724524,18.511853427216953 
 05/08  09:00:00,18.198880130380599,18.29735888904718 
 05/08  10:00:00,18.78283335134057,18.82148456836049 
 05/08  11:00:00,19.251041915575248,19.21735644057796 
 05/08  12:00:00,19.699675271886478,19.636823125340017 
 05/08  13:00:00,20.179808775776555,19.976377120801336 
 05/08  14:00:00,20.299082650038966,20.066801298726334 
 05/08  15:00:00,19.52216049992291,19.48122099358543 
 05/08  16:00:00,20.222124139632258,20.233606079060693 
 05/08  17:00:00,20.62919468701803,20.663730019915357 
 05/08  18:00:00,20.968823436907756,21.027061743629056 
 05/08  19:00:00,20.714410771619027,20.760821854705524 
 05/08  20:00:00,19.79006951962092,19.870532051693396 
 05/08  21:00:00,19.255346062483097,19.398142418822937 
 05/08  22:00:00,18.922121230918628,19.079389040589164 
 05/08  23:00:00,18.514213411129796,18.66838009501219 
 05/08  24:00:00,18.2769492199582,18.40025316038907 
 05/09  01:00:00,18.122400080235896,18.193501992587785 
 05/09  02:00:00,17.960955988620353,17.971521778717756 
 05/09  03:00:00,17.789576603468264,17.734417067571049 
 05/09  04:00:00,17.60517320812645,17.465433272544336 
 05/09  05:00:00,17.426271090264497,17.194984462619975 
 05/09  06:00:00,17.248195254014555,16.919347318770315 
 05/09  07:00:00,17.969294525279805,17.59193860798534 
 05/09  08:00:00,19.267402479632485,18.84258040034608 
 05/09  09:00:00,20.671758650376878,20.09696409061236 
 05/09  10:00:00,21.203332298534357,20.655546877825715 
 05/09  11:00:00,21.391965535900476,20.87380102421258 
 05/09  12:00:00,21.15318571049551,20.77081011801767 
 05/09  13:00:00,21.212464984667837,20.996382734970348 
 05/09  14:00:00,21.39740099165126,21.35973928287625 
 05/09  15:00:00,22.183736395378355,22.308283047447789 
 05/09  16:00:00,23.172836751843776,23.47869722458113 
 05/09  17:00:00,23.57938720410732,24.085872024176184 
 05/09  18:00:00,23.561553824413907,24.33607647285833 
 05/09  19:00:00,22.79205337722489,23.78901402613382 
 05/09  20:00:00,21.548508960124886,22.691425929388737 
 05/09  21:00:00,20.80854867256387,22.10602289923976 
 05/09  22:00:00,20.428209726248068,21.775841598127614 
 05/09  23:00:00,19.950156059184928,21.343006242943689 
 05/09  24:00:00,19.69468679887176,21.044705726715376 
 05/10  01:00:00,19.535119979823095,20.789662057506328 
 05/10  02:00:00,19.364037739169274,20.514314038475729 
 05/10  03:00:00,19.1770332679478,20.220932886526606 
 05/10  04:00:00,19.0224261194898,19.96517890685962 
 05/10  05:00:00,18.804770341916944,19.608772008996639 
 05/10  06:00:00,18.636486525851855,19.321257323948517 
 05/10  07:00:00,19.328414275261087,19.945961634521255 
 05/10  08:00:00,20.430665975339048,20.968240842311098 
 05/10  09:00:00,21.4188244267741,21.850667499377793 
 05/10  10:00:00,22.02360218136255,22.390236471391053 
 05/10  11:00:00,22.379490126990804,22.713345235375216 
 05/10  12:00:00,22.85507238950143,23.130235947028014 
 05/10  13:00:00,23.042632406439297,23.422567999648714 
 05/10  14:00:00,23.231155438611514,23.76206677333397 
 05/10  15:00:00,23.343597197470609,24.023316887351883 
 05/10  16:00:00,23.194174670276369,23.99113965305421 
 05/10  17:00:00,22.759242785933926,23.608236765391444 
 05/10  18:00:00,22.210330048580443,23.161282654065887 
 05/10  19:00:00,21.48188879128938,22.570642372027387 
 05/10  20:00:00,21.075218072186908,22.195060261913569 
 05/10  21:00:00,20.498120430065066,21.72584044160517 
 05/10  22:00:00,20.234979345666785,21.49480259884923 
 05/10  23:00:00,20.15049853022176,21.36336261785527 
 05/10  24:00:00,20.095514231556728,21.229088066953915 
 05/11  01:00:00,19.89566747185077,20.95571624186903 
 05/11  02:00:00,19.6680837171236,20.66452006049582 
 05/11  03:00:00,19.438235357509833,20.370550553446127 
 05/11  04:00:00,19.286189730260256,20.13298008794073 
 05/11  05:00:00,19.173074469087497,19.923657262375366 
 05/11  06:00:00,19.059128984134895,19.716020463888428 
 05/11  07:00:00,19.238564077326008,19.798949471184057 
 05/11  08:00:00,19.663229725406319,20.13099421083301 
 05/11  09:00:00,20.170139233920957,20.420661387403898 
 05/11  10:00:00,20.66663310718183,20.808682250589539 
 05/11  11:00:00,21.283584772892924,21.364471934570149 
 05/11  12:00:00,21.786182050586804,21.89176899468069 
 05/11  13:00:00,22.70448471842361,22.832579120354983 
 05/11  14:00:00,23.401553411498165,23.706395902726276 
 05/11  15:00:00,24.369640166155084,24.864899477191409 
 05/11  16:00:00,25.011789406982666,25.763763480828439 
 05/11  17:00:00,24.80655046312663,25.84717926886893 
 05/11  18:00:00,24.027887125125234,25.304204520558814 
 05/11  19:00:00,23.12695766936702,24.633344367843333 
 05/11  20:00:00,22.426980125900948,24.05136747322165 
 05/11  21:00:00,22.042918840254239,23.803877125181154 
 05/11  22:00:00,21.54593547296419,23.4871549384714 
 05/11  23:00:00,21.317643311435576,23.33198531887623 
 05/11  24:00:00,21.209531398897018,23.208668255005486 
 05/12  01:00:00,21.181917378833746,23.132914217467375 
 05/12  02:00:00,21.177833287428368,23.068506178735043 
 05/12  03:00:00,21.200826820333384,23.02291387001198 
 05/12  04:00:00,21.135771830855818,22.86755946026988 
 05/12  05:00:00,20.997290591390614,22.63182945423676 
 05/12  06:00:00,20.857932181374936,22.41068504540558 
 05/12  07:00:00,20.88743656945898,22.38654412777738 
 05/12  08:00:00,21.12626598890683,22.57659606112126 
 05/12  09:00:00,21.412316867046586,22.81187169911945 
 05/12  10:00:00,21.635627960175257,23.013634690757479 
 05/12  11:00:00,22.02299750293162,23.367236106241465 
 05/12  12:00:00,22.30192979791059,23.64663464933639 
 05/12  13:00:00,22.502825651522146,23.859265481531965 
 05/12  14:00:00,22.63725832731305,24.010600987043966 
 05/12  15:00:00,22.029129786477477,23.284105888670849 
 05/12  16:00:00,22.14530462069073,23.480827440508855 
 05/12  17:00:00,22.27473585966588,23.668737032500954 
 05/12  18:00:00,22.036679978309946,23.400351067633879 
 05/12  19:00:00,21.63925876508403,22.964471150595405 
 05/12  20:00:00,21.169336189426674,22.478525383143027 
 05/12  21:00:00,20.802132415968445,22.05809764762681 
 05/12  22:00:00,20.6806286659895,21.920564936318216 
 05/12  23:00:00,20.609434229721594,21.809893140410354 
 05/12  24:00:00,20.50677725900616,21.644622159909507 
 05/13  01:00:00,20.378557562555508,21.451084563920089 
 05/13  02:00:00,20.279306585842844,21.286206084628124 
 05/13  03:00:00,20.087285697724849,21.004352985018966 
 05/13  04:00:00,20.006557011034283,20.874540933848125 
 05/13  05:00:00,19.960917473581078,20.7875499438888 
 05/13  06:00:00,19.81093887396327,20.543235498534818 
 05/13  07:00:00,19.826311659770427,20.50078511473987 
 05/13  08:00:00,20.02197260413405,20.65956572692608 
 05/13  09:00:00,20.20399353646151,20.77330004590105 
 05/13  10:00:00,20.50780932764227,21.070829941275535 
 05/13  11:00:00,20.92161501171193,21.41986420703963 
 05/13  12:00:00,21.04259581239842,21.50416490992819 
 05/13  13:00:00,21.28802079283282,21.772931537822509 
 05/13  14:00:00,21.533551659535037,22.031782947340607 
 05/13  15:00:00,21.647985436273449,22.154760709198365 
 05/13  16:00:00,21.531589317475203,22.06711460336226 
 05/13  17:00:00,21.23632738473399,21.81858436315783 
 05/13  18:00:00,20.607320815102914,21.225087910625015 
 05/13  19:00:00,20.490519565904557,21.103150409152108 
 05/13  20:00:00,20.197164604083189,20.84132303653029 
 05/13  21:00:00,19.71407657210149,20.361728036126708 
 05/13  22:00:00,19.588906255125669,20.265421620811496 
 05/13  23:00:00,19.590563694539229,20.228998097219628 
 05/13  24:00:00,19.299969957090878,19.880830018692813 
 05/14  01:00:00,19.230490099711177,19.776338727591008 
 05/14  02:00:00,19.195323238416994,19.688969131547947 
 05/14  03:00:00,19.08073040747253,19.50174139675645 
 05/14  04:00:00,18.932546516278003,19.297058289012495 
 05/14  05:00:00,18.80236243141267,19.120098582097734 
 05/14  06:00:00,18.476473962174948,18.76109489440048 
 05/14  07:00:00,18.55903615477551,18.798469875680838 
 05/14  08:00:00,18.824462795059774,18.977819738507305 
 05/14  09:00:00,18.84518578353742,18.960792126141507 
 05/14  10:00:00,19.208756408557897,19.30951875482264 
 05/14  11:00:00,19.607422440565096,19.610260619113015 
 05/14  12:00:00,19.45878901670178,19.490917031935238 
 05/14  13:00:00,19.92875490798854,19.980098961376855 
 05/14  14:00:00,20.459150320043265,20.435540449435125 
 05/14  15:00:00,20.792998978038818,20.736164864580368 
 05/14  16:00:00,20.8409077904471,20.79914984033652 
 05/14  17:00:00,20.606881945348137,20.625043814002568 
 05/14  18:00:00,20.29065833334372,20.36365902477563 
 05/14  19:00:00,19.83295084427688,20.023963023524958 
 05/14  20:00:00,19.513668371489197,19.775496473396438 
 05/14  21:00:00,19.284914407859927,19.587516730930007 
 05/14  22:00:00,19.134328391483895,19.458436551689748 
 05/14  23:00:00,19.016064462224514,19.341615391263159 
 05/14  24:00:00,18.745158741195487,19.043561391747525 
 05/15  01:00:00,18.717807391714819,18.99475549911196 
 05/15  02:00:00,18.77329239739446,19.036325397933525 
 05/15  03:00:00,18.599396114799025,18.794754453349264 
 05/15  04:00:00,18.55163079574451,18.689810965657864 
 05/15  05:00:00,18.515667793537724,18.592241163715529 
 05/15  06:00:00,18.418199702400018,18.44128708234117 
 05/15  07:00:00,18.41006345221086,18.398590736256794 
 05/15  08:00:00,18.587641342813027,18.54643831267658 
 05/15  09:00:00,18.85605943157788,18.798701044482909 
 05/15  10:00:00,19.266658787548086,19.149922750254775 
 05/15  11:00:00,19.621074920106005,19.477266159110309 
 05/15  12:00:00,19.93103588769494,19.798783649219929 
 05/15  13:00:00,20.65095179307674,20.663837867676713 
 05/15  14:00:00,21.498163368049214,21.61649113396455 
 05/15  15:00:00,22.581852908931805,22.809657957180357 
 05/15  16:00:00,23.321947244890859,23.735117521521148 
 05/15  17:00:00,23.302655058899054,23.932732481172147 
 05/15  18:00:00,22.644522707169196,23.41720420390905 
 05/15  19:00:00,21.806498589490908,22.695045859056998 
 05/15  20:00:00,21.12323326176778,22.144717945658635 
 05/15  21:00:00,20.36371337717261,21.615169587574905 
 05/15  22:00:00,20.073100113114195,21.46966997522677 
 05/15  23:00:00,20.051881760753884,21.466352607330028 
 05/15  24:00:00,20.087053851185958,21.4525533480661 
 05/16  01:00:00,19.962082703395507,21.2641295098578 
 05/16  02:00:00,19.743481875380266,20.99145480197063 
 05/16  03:00:00,19.520332778413168,20.719833696321297 
 05/16  04:00:00,19.40273536987058,20.54229930404119 
 05/16  05:00:00,19.334616234285855,20.392979523008206 
 05/16  06:00:00,19.2800181321672,20.249616143528387 
 05/16  07:00:00,19.309370666167835,20.198233289244376 
 05/16  08:00:00,19.492808844785129,20.32510584518289 
 05/16  09:00:00,19.76666192814777,20.572253278206405 
 05/16  10:00:00,20.5597470963162,21.351710476546786 
 05/16  11:00:00,21.65491188298291,22.451628163884949 
 05/16  12:00:00,22.187264214554994,23.025560825937313 
 05/16  13:00:00,22.39546128356614,23.282042430635117 
 05/16  14:00:00,22.40162302788918,23.400444885556209 
 05/16  15:00:00,23.00164242249063,24.254197054976243 
 05/16  16:00:00,23.94733699258462,25.402179831314933 
 05/16  17:00:00,24.64267484061052,26.414226832580697 
 05/16  18:00:00,24.78570547362348,26.84535674606225 
 05/16  19:00:00,24.124757192095957,26.509540403599674 
 05/16  20:00:00,22.781530699936359,25.168058323196989 
 05/16  21:00:00,21.887891637937274,24.36197058222338 
 05/16  22:00:00,21.359341237965589,23.85828251750475 
 05/16  23:00:00,20.99332228808337,23.467613614590115 
 05/16  24:00:00,20.512789336947117,22.955830559952859 
 05/17  01:00:00,20.32277061912169,22.659166244760333 
 05/17  02:00:00,20.246781882766955,22.420317672830998 
 05/17  03:00:00,20.17338917561243,22.1702794397587 
 05/17  04:00:00,20.022926782328349,21.87946457216092 
 05/17  05:00:00,19.803772819826049,21.48529726282714 
 05/17  06:00:00,19.64582153706947,21.182682856549606 
 05/17  07:00:00,20.409825019543346,21.85550165119772 
 05/17  08:00:00,21.7801758167126,23.049411547257845 
 05/17  09:00:00,23.244365157351024,24.35637658229416 
 05/17  10:00:00,23.601374522397206,24.711703310226445 
 05/17  11:00:00,23.866789544426007,24.96256613362026 
 05/17  12:00:00,24.11632183705307,25.192749563771377 
 05/17  13:00:00,24.554196229514895,25.733862910190174 
 05/17  14:00:00,25.030587106324317,26.284923074981419 
 05/17  15:00:00,25.184855269312324,26.500765551333534 
 05/17  16:00:00,25.335596965347624,26.77692217895578 
 05/17  17:00:00,25.680475288303769,27.241834843956803 
 05/17  18:00:00,25.880805923968184,27.539691617682974 
 05/17  19:00:00,25.257563381261968,27.033961468520706 
 05/17  20:00:00,23.95777030339351,25.75920279520202 
 05/17  21:00:00,23.16914459766547,25.023311561346824 
 05/17  22:00:00,22.7368684675775,24.588366417726954 
 05/17  23:00:00,22.143524313481295,24.028444277180748 
 05/17  24:00:00,21.885382503057138,23.70416994159155 
 05/18  01:00:00,21.692318470938909,23.418096242378938 
 05/18  02:00:00,21.506959922312118,23.139966488806754 
 05/18  03:00:00,21.34125769886454,22.882539875648626 
 05/18  04:00:00,21.16050956177971,22.59424279137302 
 05/18  05:00:00,20.973223790024784,22.295138621190323 
 05/18  06:00:00,20.827618048549053,22.04271920706479 
 05/18  07:00:00,21.575450794861099,22.72977845393433 
 05/18  08:00:00,22.95262983627298,23.984402306028004 
 05/18  09:00:00,24.373264764855987,25.216249132806597 
 05/18  10:00:00,24.918337608945167,25.787774112493659 
 05/18  11:00:00,25.0590044299197,25.98353383172758 
 05/18  12:00:00,24.841713848002905,25.86575779800932 
 05/18  13:00:00,24.78326305449455,25.968168809655617 
 05/18  14:00:00,24.763279155084147,26.152898796361627 
 05/18  15:00:00,25.344382116565435,26.945755751079603 
 05/18  16:00:00,26.10508149506046,27.949224012705899 
 05/18  17:00:00,26.73638112228986,28.928482391432874 
 05/18  18:00:00,26.583775298838768,29.000780489528798 
 05/18  19:00:00,25.880811378068075,28.63082857579918 
 05/18  20:00:00,24.59008626164359,27.48414595349565 
 05/18  21:00:00,23.786205675856686,26.808319755032256 
 05/18  22:00:00,23.421771664329897,26.476498407931268 
 05/18  23:00:00,22.90576242621655,26.010385532435977 
 05/18  24:00:00,22.714900150017955,25.732746027959207 
 05/19  01:00:00,22.514183369309536,25.402657481724263 
 05/19  02:00:00,22.282348246701554,25.030355829886969 
 05/19  03:00:00,22.073314973142425,24.673333503382844 
 05/19  04:00:00,21.86278169673496,24.313512524496244 
 05/19  05:00:00,21.622790971148456,23.925874149956 
 05/19  06:00:00,21.13524377137707,23.231816512093148 
 05/19  07:00:00,21.234431690068793,23.220260987620919 
 05/19  08:00:00,21.600048661617096,23.457931896350723 
 05/19  09:00:00,22.066887438720874,23.752705249447659 
 05/19  10:00:00,22.8990118485549,24.560320897085988 
 05/19  11:00:00,23.811565788341548,25.447273231891779 
 05/19  12:00:00,24.115035553123908,25.728280593820988 
 05/19  13:00:00,24.616743350860788,26.18640471661285 
 05/19  14:00:00,24.84131892754651,26.457606545549085 
 05/19  15:00:00,25.170744551113115,26.940561528924567 
 05/19  16:00:00,25.60096866172238,27.57474862488519 
 05/19  17:00:00,25.72653198914933,27.887771092654448 
 05/19  18:00:00,25.536273102575405,27.873349695437136 
 05/19  19:00:00,24.634831155009253,27.047593457575109 
 05/19  20:00:00,23.752479156740735,26.25915470782639 
 05/19  21:00:00,23.206519563244969,25.80050201648551 
 05/19  22:00:00,22.80874885534844,25.410229702501426 
 05/19  23:00:00,22.26617314201574,24.881904239517998 
 05/19  24:00:00,21.933427512995153,24.47170313148588 
 05/20  01:00:00,21.620530373492593,24.057605551759847 
 05/20  02:00:00,21.318909772451656,23.64218397804087 
 05/20  03:00:00,21.02565417218664,23.222039739589243 
 05/20  04:00:00,20.72538735648736,22.791736515665407 
 05/20  05:00:00,20.442094624152995,22.37564990770717 
 05/20  06:00:00,20.163388121900426,21.96737016963648 
 05/20  07:00:00,21.0496247482334,22.76312886670835 
 05/20  08:00:00,22.565917756282258,24.098559637170156 
 05/20  09:00:00,24.157907480677488,25.530402301619199 
 05/20  10:00:00,24.578876939103915,25.918587597163758 
 05/20  11:00:00,24.84401980806961,26.206824243143399 
 05/20  12:00:00,25.21963299597231,26.584668895762847 
 05/20  13:00:00,25.40113757386467,26.861609908405467 
 05/20  14:00:00,25.455225565986159,27.07282774826296 
 05/20  15:00:00,25.19742683856694,26.96436598006725 
 05/20  16:00:00,24.937239805125289,26.83665689459886 
 05/20  17:00:00,24.594030310617648,26.707326602653589 
 05/20  18:00:00,24.19553958084049,26.447352761899344 
 05/20  19:00:00,23.614701647608724,25.937192129782305 
 05/20  20:00:00,22.980395199200193,25.402745269182299 
 05/20  21:00:00,22.75157302987609,25.170010464709436 
 05/20  22:00:00,22.479269270204534,24.898099816362678 
 05/20  23:00:00,22.210845354018553,24.607766207078315 
 05/20  24:00:00,21.96666287657405,24.316838086806425 
 05/21  01:00:00,21.69612831558472,23.967217045978008 
 05/21  02:00:00,21.344689014428803,23.529983187838526 
 05/21  03:00:00,21.051947925261794,23.138945354700576 
 05/21  04:00:00,20.840370947307706,22.821064510086438 
 05/21  05:00:00,20.688718970331629,22.54863876138445 
 05/21  06:00:00,20.5436886014702,22.274350611940006 
 05/21  07:00:00,20.68821837700775,22.283035618770279 
 05/21  08:00:00,21.110108128656749,22.59562835648051 
 05/21  09:00:00,21.6842018820474,23.0336779814089 
 05/21  10:00:00,22.328360828082006,23.670064957887 
 05/21  11:00:00,23.16438193573588,24.48059321874923 
 05/21  12:00:00,23.450300514515726,24.755796932548 
 05/21  13:00:00,24.088470121475376,25.411219183219744 
 05/21  14:00:00,24.471417055044705,25.902962047763127 
 05/21  15:00:00,24.86661416822639,26.418370329676244 
 05/21  16:00:00,25.261157417020614,26.98644847473348 
 05/21  17:00:00,25.58170591675583,27.485607519339454 
 05/21  18:00:00,25.727557741196529,27.80714795129063 
 05/21  19:00:00,24.823349598283124,27.032279616172976 
 05/21  20:00:00,23.760712046558646,26.06558163668649 
 05/21  21:00:00,23.156171758199549,25.56325580757679 
 05/21  22:00:00,22.762213645910927,25.173109370925244 
 05/21  23:00:00,22.197093436434565,24.628751729520805 
 05/21  24:00:00,21.944607309560614,24.300572499453865 
 05/22  01:00:00,21.629527274986779,23.908102660213126 
 05/22  02:00:00,21.3098609380661,23.522863121167427 
 05/22  03:00:00,20.995647162190499,23.13346601916486 
 05/22  04:00:00,20.76520464583555,22.794775777413805 
 05/22  05:00:00,20.58863323504379,22.480203325510297 
 05/22  06:00:00,20.46338238608098,22.212682183996966 
 05/22  07:00:00,21.19740106769986,22.836611802312097 
 05/22  08:00:00,22.173689797762714,23.684260983209194 
 05/22  09:00:00,23.18473769252054,24.556220830823557 
 05/22  10:00:00,23.907526469616788,25.247696362805877 
 05/22  11:00:00,24.29784267471568,25.650108506505988 
 05/22  12:00:00,24.247587590594173,25.601893427482293 
 05/22  13:00:00,23.95058482741737,25.34679334244796 
 05/22  14:00:00,23.584509223612146,25.108916958443566 
 05/22  15:00:00,23.939732036782688,25.691868757911036 
 05/22  16:00:00,24.94104574476119,26.881444760619727 
 05/22  17:00:00,25.72656939247107,27.899900773977003 
 05/22  18:00:00,26.060251795631797,28.479986186763524 
 05/22  19:00:00,25.484458977696144,28.136991163367229 
 05/22  20:00:00,24.265091509270844,27.041312134806938 
 05/22  21:00:00,23.432473971401174,26.314851639517259 
 05/22  22:00:00,22.93333364595756,25.855120104104726 
 05/22  23:00:00,22.589187200304616,25.491390070884287 
 05/22  24:00:00,22.128529040134557,25.001789493195355 
 05/23  01:00:00,21.912436027750787,24.66057010680734 
 05/23  02:00:00,21.71060877296037,24.307453766090484 
 05/23  03:00:00,21.503178270603294,23.941545338835959 
 05/23  04:00:00,21.363078091897099,23.64873866212227 
 05/23  05:00:00,21.272664905860887,23.40508105009181 
 05/23  06:00:00,21.184090095151125,23.176386581794764 
 05/23  07:00:00,21.18554998482936,23.018054710796194 
 05/23  08:00:00,21.366058971118386,23.03370512211845 
 05/23  09:00:00,21.660532517728748,23.18567961046172 
 05/23  10:00:00,21.92336734855536,23.384906368590934 
 05/23  11:00:00,22.296852138799186,23.632102646741676 
 05/23  12:00:00,22.581121739454109,23.83562729592911 
 05/23  13:00:00,22.770886335476324,23.992828656380508 
 05/23  14:00:00,22.90621289935402,24.122932359801085 
 05/23  15:00:00,22.978022145375335,24.20192473856336 
 05/23  16:00:00,22.840106243532519,24.066249343727436 
 05/23  17:00:00,22.532512613295375,23.771858929130894 
 05/23  18:00:00,21.455763218028289,22.647598737438643 
 05/23  19:00:00,21.354759636746839,22.60661127535974 
 05/23  20:00:00,20.760847894559605,22.013366555538157 
 05/23  21:00:00,19.984507036519664,21.21329829272306 
 05/23  22:00:00,19.76320183636213,20.96824329284557 
 05/23  23:00:00,19.61937404968808,20.751236896441623 
 05/23  24:00:00,19.426888869896886,20.466448991690564 
 05/24  01:00:00,19.264404132674437,20.188441309632517 
 05/24  02:00:00,19.134351713071309,19.93735789698885 
 05/24  03:00:00,19.01719278766466,19.706890987264317 
 05/24  04:00:00,18.90293112157477,19.466042900786687 
 05/24  05:00:00,18.7738460925339,19.211227211022249 
 05/24  06:00:00,18.678395363566645,18.99172076918094 
 05/24  07:00:00,18.698829625140076,18.895936038658463 
 05/24  08:00:00,18.88875162921833,18.977213398019705 
 05/24  09:00:00,19.165572810491267,19.179675524913657 
 05/24  10:00:00,19.893372009168908,19.856820332489364 
 05/24  11:00:00,20.848123350301124,20.75587019655854 
 05/24  12:00:00,21.867545594697945,21.621494285445587 
 05/24  13:00:00,22.27556092459545,22.120375505029118 
 05/24  14:00:00,22.64287307183095,22.615978577759749 
 05/24  15:00:00,23.128939753993039,23.214797134665444 
 05/24  16:00:00,23.30395053726638,23.634937072682268 
 05/24  17:00:00,23.46370332738993,24.07254149337995 
 05/24  18:00:00,23.531390436543835,24.36150247008744 
 05/24  19:00:00,22.921186895388354,23.84843954098738 
 05/24  20:00:00,21.939536020831829,23.01004110560323 
 05/24  21:00:00,21.285968742217677,22.49972226733593 
 05/24  22:00:00,20.899225473638745,22.22042864534124 
 05/24  23:00:00,20.3768909993571,21.863807544759099 
 05/24  24:00:00,20.103242527472493,21.62942984700895 
 05/25  01:00:00,19.924131207302794,21.397751626429629 
 05/25  02:00:00,19.72098844673622,21.128812254996747 
 05/25  03:00:00,19.40790337803818,20.742952036954898 
 05/25  04:00:00,19.209803521955366,20.452852182867486 
 05/25  05:00:00,19.018817391368814,20.15318394907173 
 05/25  06:00:00,18.87453371233011,19.891705852871888 
 05/25  07:00:00,19.523263207266134,20.461441010010267 
 05/25  08:00:00,20.152567841378074,21.000076596526694 
 05/25  09:00:00,20.87347692196135,21.542132673712098 
 05/25  10:00:00,21.733843118257089,22.383113923885973 
 05/25  11:00:00,22.625491334450634,23.222554639071114 
 05/25  12:00:00,22.750535057266764,23.35160042996455 
 05/25  13:00:00,22.627787666053505,23.315428138547188 
 05/25  14:00:00,22.61497964239334,23.463805887914686 
 05/25  15:00:00,23.296449717233786,24.29946241724507 
 05/25  16:00:00,24.210051562952008,25.400090268296304 
 05/25  17:00:00,24.837097270176224,26.296182788646385 
 05/25  18:00:00,24.890904048430273,26.624868997915763 
 05/25  19:00:00,24.3992542867177,26.497190970904947 
 05/25  20:00:00,23.101756596526273,25.268775983933588 
 05/25  21:00:00,22.287841224015947,24.584682382195838 
 05/25  22:00:00,21.891890698389774,24.250159426685664 
 05/25  23:00:00,21.32616494148011,23.787692847113914 
 05/25  24:00:00,21.05647843682735,23.49969490789174 
 05/26  01:00:00,20.912271022010399,23.237952877666083 
 05/26  02:00:00,20.765222485784454,22.967924603817857 
 05/26  03:00:00,20.541533847827375,22.60346163347716 
 05/26  04:00:00,20.379935324139255,22.305813683187798 
 05/26  05:00:00,20.253715750285939,22.03532758200172 
 05/26  06:00:00,20.135406826502515,21.777270267345228 
 05/26  07:00:00,20.880017413940626,22.438003230046566 
 05/26  08:00:00,22.23311389091124,23.6579462243621 
 05/26  09:00:00,23.621443079652545,24.988544016719687 
 05/26  10:00:00,24.42417847232512,25.745210211959124 
 05/26  11:00:00,24.725274583587074,26.1284039389045 
 05/26  12:00:00,25.262524224708856,26.772491446761849 
 05/26  13:00:00,25.479559293550165,27.17314468575116 
 05/26  14:00:00,25.661451387080306,27.59201728154848 
 05/26  15:00:00,25.698010417828575,27.84936059518983 
 05/26  16:00:00,25.691177514531409,28.107755536025516 
 05/26  17:00:00,25.656415159713036,28.362014580550569 
 05/26  18:00:00,25.479490557611599,28.417922714989545 
 05/26  19:00:00,25.10669645129513,28.106503116627839 
 05/26  20:00:00,24.34773482150193,27.40148599990502 
 05/26  21:00:00,23.568495105706526,26.69834066218456 
 05/26  22:00:00,23.32968634911595,26.467280204663564 
 05/26  23:00:00,22.906400367795948,26.056884789444504 
 05/26  24:00:00,22.660487956569378,25.750858976874757 
 05/27  01:00:00,22.41538309341426,25.399821918597696 
 05/27  02:00:00,22.187895970679504,25.04914055263213 
 05/27  03:00:00,21.969707006533925,24.692219986206014 
 05/27  04:00:00,21.724505749444459,24.302940516198686 
 05/27  05:00:00,21.46090573983747,23.896873652707109 
 05/27  06:00:00,20.769745113036959,23.018435052156695 
 05/27  07:00:00,20.97855001649301,23.136528165799317 
 05/27  08:00:00,21.448379369217056,23.473335383543863 
 05/27  09:00:00,21.93936127920286,23.79782863893819 
 05/27  10:00:00,22.4967600195673,24.31753527536289 
 05/27  11:00:00,23.142209224284266,24.940344427228444 
 05/27  12:00:00,23.93275071747155,25.705089669500326 
 05/27  13:00:00,24.474719544921336,26.27934519827705 
 05/27  14:00:00,24.786887218731203,26.653540749421894 
 05/27  15:00:00,25.455855927487638,27.475214312825807 
 05/27  16:00:00,26.1273004324698,28.332822451429949 
 05/27  17:00:00,26.42581696436205,28.864748122768046 
 05/27  18:00:00,26.43667614972017,29.101744769357937 
 05/27  19:00:00,25.902444978691475,28.74524931600249 
 05/27  20:00:00,24.877420132771939,27.841297947690966 
 05/27  21:00:00,23.935241827542258,27.020944132622998 
 05/27  22:00:00,23.68880765553071,26.83267856769337 
 05/27  23:00:00,23.242817019082567,26.460350820432777 
 05/27  24:00:00,22.982168298673,26.183668759111929 
 05/28  01:00:00,22.78569737984604,25.91275169171807 
 05/28  02:00:00,22.59193161176484,25.63647876147154 
 05/28  03:00:00,22.31018165616948,25.25078799646725 
 05/28  04:00:00,22.116827173596783,24.93085082672208 
 05/28  05:00:00,21.937916159269795,24.60578127384215 
 05/28  06:00:00,21.77001602271288,24.29036680077254 
 05/28  07:00:00,21.870569264416735,24.241615532175286 
 05/28  08:00:00,22.185602175222699,24.437341625886377 
 05/28  09:00:00,22.61435102801513,24.72774090054447 
 05/28  10:00:00,22.973696671033154,25.02016997644371 
 05/28  11:00:00,23.32298396112421,25.31411033569399 
 05/28  12:00:00,23.637243747778663,25.593370051846976 
 05/28  13:00:00,23.764870186128005,25.694512142839505 
 05/28  14:00:00,23.766258869316429,25.675256300372945 
 05/28  15:00:00,23.083866400849993,24.834920158065278 
 05/28  16:00:00,23.156441843382816,24.993986592414779 
 05/28  17:00:00,23.210914173329024,25.08578059942514 
 05/28  18:00:00,22.569289988341848,24.32588965985716 
 05/28  19:00:00,22.30877579906476,24.085294685511707 
 05/28  20:00:00,22.122423737700044,23.894140108205634 
 05/28  21:00:00,21.916023921794144,23.633843575928784 
 05/28  22:00:00,21.736545038084178,23.383839606530363 
 05/28  23:00:00,21.572229389536397,23.147067003682296 
 05/28  24:00:00,21.43203674276396,22.932037356959584 
 05/29  01:00:00,21.263379283727696,22.687096990540103 
 05/29  02:00:00,21.061191358650779,22.41543047179917 
 05/29  03:00:00,20.85991745766782,22.14590614120151 
 05/29  04:00:00,20.730089558783168,21.938004510679869 
 05/29  05:00:00,20.617515883041596,21.734071093646226 
 05/29  06:00:00,20.33203042794773,21.345020011722796 
 05/29  07:00:00,20.418282164408877,21.381681791575656 
 05/29  08:00:00,20.66234681372264,21.52017932470924 
 05/29  09:00:00,20.619265698217004,21.39641250855833 
 05/29  10:00:00,21.015316296925684,21.79211198554452 
 05/29  11:00:00,21.463665826311087,22.14985584943976 
 05/29  12:00:00,21.414152056734996,22.05101701071699 
 05/29  13:00:00,21.739821329458964,22.41566514457776 
 05/29  14:00:00,22.038504052033994,22.689948773067749 
 05/29  15:00:00,22.1491005405719,22.77997240145348 
 05/29  16:00:00,22.324887458842665,23.006322115478399 
 05/29  17:00:00,22.54480537670973,23.297493329054455 
 05/29  18:00:00,22.643961714203486,23.457693743021449 
 05/29  19:00:00,22.159987108472138,22.998130260990963 
 05/29  20:00:00,21.613044685294275,22.501524596671563 
 05/29  21:00:00,21.239151222027446,22.169648824055647 
 05/29  22:00:00,20.793883869144275,21.800933239975046 
 05/29  23:00:00,20.602373205498997,21.638547419854964 
 05/29  24:00:00,20.50528627052275,21.52200728290164 
 05/30  01:00:00,20.42785687613098,21.404768831784524 
 05/30  02:00:00,20.368850053490936,21.300409460100334 
 05/30  03:00:00,20.354474238227597,21.246109321504048 
 05/30  04:00:00,20.31075456955867,21.132001367348555 
 05/30  05:00:00,20.243464130255597,20.993270377617298 
 05/30  06:00:00,20.179878552131258,20.870718126008044 
 05/30  07:00:00,20.18236217002514,20.830913138497836 
 05/30  08:00:00,20.328692192847563,20.94456518665178 
 05/30  09:00:00,20.611043564964715,21.195347437177028 
 05/30  10:00:00,20.88152558541013,21.439391662643854 
 05/30  11:00:00,21.07728705703739,21.631101198501729 
 05/30  12:00:00,21.009024393530848,21.579342618869299 
 05/30  13:00:00,21.402894892564455,22.02902702356872 
 05/30  14:00:00,21.9319215774185,22.58951668012892 
 05/30  15:00:00,22.333080817732005,23.019605657779345 
 05/30  16:00:00,22.792818097602195,23.53372726138373 
 05/30  17:00:00,23.27956762848263,24.067957139206756 
 05/30  18:00:00,23.678192636118476,24.529218783508087 
 05/30  19:00:00,23.214536380393,24.14697757945657 
 05/30  20:00:00,22.02642969685588,22.96826641703921 
 05/30  21:00:00,21.291874320680856,22.28201386643854 
 05/30  22:00:00,20.969969025764436,21.991611283929655 
 05/30  23:00:00,20.52762860830201,21.611028791488438 
 05/30  24:00:00,20.403136539144318,21.46300901161519 
 05/31  01:00:00,20.349108662588514,21.330854274919106 
 05/31  02:00:00,20.213137731583104,21.12214548739911 
 05/31  03:00:00,20.056812444731635,20.90852681349151 
 05/31  04:00:00,19.901448517274006,20.69097478713891 
 05/31  05:00:00,19.803556856310359,20.526935386717644 
 05/31  06:00:00,19.70041073124538,20.342199758615487 
 05/31  07:00:00,19.70796962238814,20.275696699087985 
 05/31  08:00:00,19.903548845929025,20.40109452908868 
 05/31  09:00:00,20.17726456563353,20.642872395163395 
 05/31  10:00:00,21.016515114904715,21.490141847822544 
 05/31  11:00:00,22.110487053675017,22.611080814770739 
 05/31  12:00:00,22.619573753682894,23.13822622636564 
 05/31  13:00:00,22.855224516482179,23.393173006343387 
 05/31  14:00:00,22.986871634875386,23.704097065177295 
 05/31  15:00:00,23.70744893270184,24.654578652151018 
 05/31  16:00:00,24.81877823120292,26.04058253124939 
 05/31  17:00:00,25.57951020406981,27.15800450225865 
 05/31  18:00:00,25.77070337363139,27.532968826796308 
 05/31  19:00:00,25.165410305445066,27.301405775936787 
 05/31  20:00:00,24.066809669452476,26.40290036211483 
 05/31  21:00:00,23.130237726401249,25.611196570387518 
 05/31  22:00:00,22.874119812668068,25.390595974947858 
 05/31  23:00:00,22.335169171184558,24.917360182958878 
 05/31  24:00:00,22.01928044391464,24.57676280105361 
 06/01  01:00:00,21.87127123695079,24.355182996694496 
 06/01  02:00:00,21.66907776378472,24.05896343360936 
 06/01  03:00:00,21.34681208226784,23.63086707490463 
 06/01  04:00:00,21.127761937269008,23.313666486911545 
 06/01  05:00:00,20.949135634316688,23.027322785324999 
 06/01  06:00:00,20.798857914849568,22.76186167923373 
 06/01  07:00:00,20.830137129550296,22.68288962989056 
 06/01  08:00:00,21.07005132743689,22.81246878042967 
 06/01  09:00:00,21.36527999078494,23.055550930926836 
 06/01  10:00:00,21.94937838778901,23.558513469467888 
 06/01  11:00:00,22.539752257394868,24.143530374196716 
 06/01  12:00:00,23.29572705289461,24.89254562990191 
 06/01  13:00:00,23.793855800978038,25.471294153188567 
 06/01  14:00:00,24.32263473142895,26.13097116067864 
 06/01  15:00:00,24.84582319562117,26.813124878983943 
 06/01  16:00:00,25.102755178819515,27.154127874425705 
 06/01  17:00:00,25.27169491624325,27.45107833166412 
 06/01  18:00:00,25.101464388588668,27.460678206718755 
 06/01  19:00:00,24.606045806725278,27.018670079935484 
 06/01  20:00:00,23.808182270778059,26.25851296463703 
 06/01  21:00:00,23.007835657162944,25.549243195742024 
 06/01  22:00:00,22.819125916344654,25.38399685309955 
 06/01  23:00:00,22.56381027122326,25.139578870180555 
 06/01  24:00:00,22.34269957045187,24.88416632384755 
 06/02  01:00:00,22.124177637377064,24.598236352180746 
 06/02  02:00:00,21.922078248960145,24.298812804001206 
 06/02  03:00:00,21.75016844638959,24.01566640599499 
 06/02  04:00:00,21.574202426004328,23.725488729680309 
 06/02  05:00:00,21.393579590710134,23.43535232851902 
 06/02  06:00:00,21.248309048995684,23.177982456204608 
 06/02  07:00:00,22.04080827888597,23.927329054811606 
 06/02  08:00:00,23.423128971252426,25.25130840632935 
 06/02  09:00:00,24.791897807532306,26.62140970391023 
 06/02  10:00:00,25.423907692179584,27.30844995133895 
 06/02  11:00:00,25.61345905659874,27.57877262944696 
 06/02  12:00:00,25.978998257798759,28.029734366633539 
 06/02  13:00:00,26.073661858612938,28.274885517468687 
 06/02  14:00:00,26.257616094388469,28.62947650548491 
 06/02  15:00:00,26.41853716325391,29.047420353377189 
 06/02  16:00:00,26.373480492062194,29.22329936204946 
 06/02  17:00:00,26.116551457592008,29.128930144497475 
 06/02  18:00:00,25.746794720747255,28.81621133836847 
 06/02  19:00:00,25.133216105255337,28.237762857633365 
 06/02  20:00:00,24.578704798536,27.727265957165139 
 06/02  21:00:00,24.10350648736484,27.284512132655779 
 06/02  22:00:00,23.582983219327504,26.810271881048 
 06/02  23:00:00,23.327632092366753,26.530831885888025 
 06/02  24:00:00,23.164373609816346,26.284519560769004 
 06/03  01:00:00,23.007201562717204,26.026562706435166 
 06/03  02:00:00,22.77499867603882,25.66261188732428 
 06/03  03:00:00,22.592033422968109,25.3509965570744 
 06/03  04:00:00,22.401081586739715,25.01812643168663 
 06/03  05:00:00,22.216943952908996,24.69592856881856 
 06/03  06:00:00,22.056619562439488,24.396802353488704 
 06/03  07:00:00,22.218151190673049,24.434879970584988 
 06/03  08:00:00,22.62416147120105,24.780684371881919 
 06/03  09:00:00,23.095318536661403,25.15662564771287 
 06/03  10:00:00,23.614291545609207,25.639542297352969 
 06/03  11:00:00,24.13936425867615,26.178823807170095 
 06/03  12:00:00,24.824947801006347,26.869390341738858 
 06/03  13:00:00,25.119467144465476,27.180361304850707 
 06/03  14:00:00,25.60404680077785,27.79094767286138 
 06/03  15:00:00,25.899610241626659,28.239181428306279 
 06/03  16:00:00,26.116313378811087,28.613347933095864 
 06/03  17:00:00,26.225506294314468,28.858927347211869 
 06/03  18:00:00,26.117622162060596,28.852387075086886 
 06/03  19:00:00,25.65012814342241,28.39068953114672 
 06/03  20:00:00,24.77226166601567,27.507148607968387 
 06/03  21:00:00,24.100191562891355,26.872559179990259 
 06/03  22:00:00,23.748800777394874,26.56049895341841 
 06/03  23:00:00,23.295732464429717,26.161997312388345 
 06/03  24:00:00,23.06124212402819,25.91287450205691 
 06/04  01:00:00,22.9264428700036,25.690195429386305 
 06/04  02:00:00,22.771357097669008,25.42129935702447 
 06/04  03:00:00,22.609167557488456,25.14436369445464 
 06/04  04:00:00,22.452660709652567,24.879638348190484 
 06/04  05:00:00,22.28988940004104,24.606038380462743 
 06/04  06:00:00,22.169440786096584,24.37395096921871 
 06/04  07:00:00,22.940520708884777,25.097403765715126 
 06/04  08:00:00,24.266615512431998,26.36700783575467 
 06/04  09:00:00,25.747331538572824,27.822514559566753 
 06/04  10:00:00,26.38535716158565,28.50695016296777 
 06/04  11:00:00,26.560457844860804,28.783919669092488 
 06/04  12:00:00,26.399244402817009,28.700375877834838 
 06/04  13:00:00,26.790525141750977,29.2976177556891 
 06/04  14:00:00,27.02948272197627,29.709243995773734 
 06/04  15:00:00,27.062987473016898,29.99554887560674 
 06/04  16:00:00,27.005309568114585,30.26630349034854 
 06/04  17:00:00,26.785668620626564,30.34352637805988 
 06/04  18:00:00,26.41619766658323,30.08512934080381 
 06/04  19:00:00,25.84367966680697,29.63959158864735 
 06/04  20:00:00,25.289909408100148,29.097242788527369 
 06/04  21:00:00,24.820601513244527,28.64227713336757 
 06/04  22:00:00,24.25909428083797,28.085123825261414 
 06/04  23:00:00,23.975180643761747,27.729230475505746 
 06/04  24:00:00,23.665818271619999,27.310915862192798 
 06/05  01:00:00,23.46939760654138,27.00668934074069 
 06/05  02:00:00,23.335233902758909,26.750429871558777 
 06/05  03:00:00,23.274404672647706,26.551778989287337 
 06/05  04:00:00,23.17361785040246,26.2980879557818 
 06/05  05:00:00,23.036305936364003,26.008044944317694 
 06/05  06:00:00,22.905263852055567,25.73320148295345 
 06/05  07:00:00,22.92020427857623,25.60927529368997 
 06/05  08:00:00,23.118515192919995,25.689833992442759 
 06/05  09:00:00,23.41709220466212,25.90609037285066 
 06/05  10:00:00,23.688441361788173,26.14324043939003 
 06/05  11:00:00,24.169417315310775,26.569548215779954 
 06/05  12:00:00,24.585524407136597,26.974186611595728 
 06/05  13:00:00,24.95972409912994,27.350997214066085 
 06/05  14:00:00,25.254748959827034,27.661935407345767 
 06/05  15:00:00,25.51989821717722,27.957451090358306 
 06/05  16:00:00,25.436619650877469,27.875181609903789 
 06/05  17:00:00,24.997551881732293,27.39698646201298 
 06/05  18:00:00,24.465320323021559,26.863576526040594 
 06/05  19:00:00,24.046465720942807,26.43995493071705 
 06/05  20:00:00,23.468438398247508,25.86971983471979 
 06/05  21:00:00,23.17057312751182,25.55140412460478 
 06/05  22:00:00,22.972560071770798,25.3106449291349 
 06/05  23:00:00,22.799935382365498,25.075236193150859 
 06/05  24:00:00,22.65413006049998,24.851571827269415 
 06/06  01:00:00,22.512382635491439,24.629357088184265 
 06/06  02:00:00,22.36795312878652,24.404752566894019 
 06/06  03:00:00,22.227296362526578,24.184234349109624 
 06/06  04:00:00,22.05159237097894,23.923294805091726 
 06/06  05:00:00,21.851369741206115,23.644705035662189 
 06/06  06:00:00,21.68099174955959,23.39714396716402 
 06/06  07:00:00,21.852320387862318,23.503210059714 
 06/06  08:00:00,22.791149255528099,24.44955887597281 
 06/06  09:00:00,24.261066801389874,25.903746466681115 
 06/06  10:00:00,25.163537911730527,26.77219477612727 
 06/06  11:00:00,25.278335234505268,26.987539050607717 
 06/06  12:00:00,25.12102884092399,26.897339396290297 
 06/06  13:00:00,25.107957434820738,26.98289299785007 
 06/06  14:00:00,25.189540046619894,27.196597402408896 
 06/06  15:00:00,25.830524375509808,28.102709307290778 
 06/06  16:00:00,26.732151775826077,29.239228524846078 
 06/06  17:00:00,27.320295836834224,30.145967650540546 
 06/06  18:00:00,27.32069082241491,30.420468813294549 
 06/06  19:00:00,26.640396657581186,29.98689220717275 
 06/06  20:00:00,25.53280362176898,28.905873369208817 
 06/06  21:00:00,24.598421096544635,28.025183545647445 
 06/06  22:00:00,24.279045906104359,27.701849583819958 
 06/06  23:00:00,23.73142101391118,27.162692120503924 
 06/06  24:00:00,23.41733363359435,26.7701350931295 
 06/07  01:00:00,23.145337821252597,26.379194516378733 
 06/07  02:00:00,22.89712933174244,25.990985185479628 
 06/07  03:00:00,22.6617923666988,25.604257511235248 
 06/07  04:00:00,22.43885980037349,25.22168525214606 
 06/07  05:00:00,22.210937132226758,24.8293055082698 
 06/07  06:00:00,22.028072372191873,24.48560756853381 
 06/07  07:00:00,22.76658248073491,25.136006434414406 
 06/07  08:00:00,23.955887803173668,26.18790270035087 
 06/07  09:00:00,25.294199385213969,27.39861040945479 
 06/07  10:00:00,25.910958457637919,28.007415491197198 
 06/07  11:00:00,26.167321966094609,28.27194433948229 
 06/07  12:00:00,25.938243156187889,28.053054623297784 
 06/07  13:00:00,25.841180081234464,28.027863043928279 
 06/07  14:00:00,25.927189032696963,28.213650729290927 
 06/07  15:00:00,26.63651238843106,29.167941829625297 
 06/07  16:00:00,27.551190906401719,30.288659014328183 
 06/07  17:00:00,28.175896999068358,31.253045308744384 
 06/07  18:00:00,28.167201121862968,31.547642868845978 
 06/07  19:00:00,27.46163987644118,31.13868433805975 
 06/07  20:00:00,26.243944509835218,29.97903571845065 
 06/07  21:00:00,25.42112248456734,29.250688702650075 
 06/07  22:00:00,24.990919784940404,28.862264390523479 
 06/07  23:00:00,24.406772755895127,28.33704473874824 
 06/07  24:00:00,24.158030865387816,28.023462993148713 
 06/08  01:00:00,23.90547225442068,27.651623665191324 
 06/08  02:00:00,23.67061675532355,27.272288748883175 
 06/08  03:00:00,23.44805218206252,26.885032905285603 
 06/08  04:00:00,23.31113479945298,26.576344182406424 
 06/08  05:00:00,23.198782222683897,26.285013385563336 
 06/08  06:00:00,23.126813653036817,26.030641161988326 
 06/08  07:00:00,23.15496188343067,25.886593963948014 
 06/08  08:00:00,23.446991931843898,26.02961085986335 
 06/08  09:00:00,23.897292835927908,26.42174259896943 
 06/08  10:00:00,24.775315825253754,27.29081181594807 
 06/08  11:00:00,25.816768514571945,28.308952002070887 
 06/08  12:00:00,25.950828879686886,28.406108083884676 
 06/08  13:00:00,26.14875750674618,28.6069846422628 
 06/08  14:00:00,26.58300961810867,29.097528387631486 
 06/08  15:00:00,26.883242452401864,29.516652455886935 
 06/08  16:00:00,26.99082883945467,29.72666562179147 
 06/08  17:00:00,26.994886464081615,29.846936953674484 
 06/08  18:00:00,26.798065564765133,29.76020077860683 
 06/08  19:00:00,26.161327647713038,29.149684664438479 
 06/08  20:00:00,25.240865815348405,28.242656491248615 
 06/08  21:00:00,24.5880260852137,27.591745267654319 
 06/08  22:00:00,24.194892453143177,27.18155992704132 
 06/08  23:00:00,23.685013601420935,26.658263113198367 
 06/08  24:00:00,23.43573941552845,26.319648427195284 
 06/09  01:00:00,23.202817140891015,25.971793781818314 
 06/09  02:00:00,22.98384399112816,25.625871855289579 
 06/09  03:00:00,22.780008418793984,25.285986500093409 
 06/09  04:00:00,22.569763566610996,24.939023626771474 
 06/09  05:00:00,22.374487344477659,24.60930417519091 
 06/09  06:00:00,22.20507589699482,24.307256475954128 
 06/09  07:00:00,22.66183653427015,24.662362062071506 
 06/09  08:00:00,23.747775719237553,25.678361075268 
 06/09  09:00:00,25.161965237254205,27.016518545904039 
 06/09  10:00:00,25.895207488089864,27.69976278620651 
 06/09  11:00:00,26.091044585746148,27.900739295922074 
 06/09  12:00:00,25.72061937618637,27.59273307257027 
 06/09  13:00:00,25.65661629419808,27.655795202837099 
 06/09  14:00:00,25.836985363285828,27.96577282569432 
 06/09  15:00:00,26.48617463721888,28.898070427333523 
 06/09  16:00:00,27.424094023313097,30.12477678138712 
 06/09  17:00:00,27.76706677173201,30.85557537313096 
 06/09  18:00:00,27.610184528833334,31.120039881973406 
 06/09  19:00:00,26.87261185462777,30.564529730312679 
 06/09  20:00:00,25.85917418703145,29.620081549973898 
 06/09  21:00:00,24.925900076655119,28.802938874589125 
 06/09  22:00:00,24.63673279860885,28.552331746725625 
 06/09  23:00:00,24.152310458261885,28.120056142822877 
 06/09  24:00:00,23.89898753904945,27.810442417691794 
 06/10  01:00:00,23.644554072072034,27.461236716361684 
 06/10  02:00:00,23.39156402323203,27.090188386552314 
 06/10  03:00:00,23.158819788960089,26.716226649990266 
 06/10  04:00:00,22.959915330938597,26.332211460320303 
 06/10  05:00:00,22.767750246398806,25.9423928228979 
 06/10  06:00:00,22.628885983865808,25.614413780685937 
 06/10  07:00:00,23.38733410096624,26.285927457882435 
 06/10  08:00:00,24.592949261880933,27.336767929615193 
 06/10  09:00:00,25.974945937510353,28.592186253362475 
 06/10  10:00:00,26.53459508612442,29.1513031137917 
 06/10  11:00:00,26.747730995739766,29.394747847803737 
 06/10  12:00:00,26.415250406314855,29.01224623703007 
 06/10  13:00:00,26.308351252753118,28.955471907401774 
 06/10  14:00:00,26.40150407239147,29.17883395235919 
 06/10  15:00:00,26.985247299309188,29.988397678763179 
 06/10  16:00:00,27.753874959924734,30.988654310714919 
 06/10  17:00:00,27.95998763367835,31.483384957007404 
 06/10  18:00:00,27.685849624347218,31.509731258440046 
 06/10  19:00:00,27.06532950875536,30.98099206386456 
 06/10  20:00:00,26.097930615190369,30.086894224532654 
 06/10  21:00:00,25.451441842093098,29.48799044827772 
 06/10  22:00:00,25.058259123406999,29.11045896720516 
 06/10  23:00:00,24.563138101826156,28.633792439447857 
 06/10  24:00:00,24.330485591461679,28.31944709982686 
 06/11  01:00:00,24.081462715717149,27.924045679024674 
 06/11  02:00:00,23.82836091703165,27.50585936439664 
 06/11  03:00:00,23.589708688199204,27.094319938391238 
 06/11  04:00:00,23.360708688460755,26.694079196818586 
 06/11  05:00:00,23.147339883551696,26.309052658251575 
 06/11  06:00:00,22.94207534883793,25.931373510272658 
 06/11  07:00:00,23.15666895104931,25.981948262189836 
 06/11  08:00:00,24.169659420849727,26.923267018353167 
 06/11  09:00:00,25.64166947987959,28.299242666729144 
 06/11  10:00:00,26.430495324716078,29.10368346653487 
 06/11  11:00:00,26.792755524114093,29.487791158241984 
 06/11  12:00:00,27.26449199045871,29.983828894592138 
 06/11  13:00:00,27.413655072413417,30.197244007955847 
 06/11  14:00:00,27.376511662585857,30.24482006264338 
 06/11  15:00:00,27.190172340785219,30.096408489533915 
 06/11  16:00:00,26.91464148045527,29.85059515863955 
 06/11  17:00:00,26.46314365047523,29.46439554641898 
 06/11  18:00:00,26.01419000347505,29.078187769654677 
 06/11  19:00:00,25.538930450341483,28.645363128575189 
 06/11  20:00:00,25.103003217317917,28.233329770489 
 06/11  21:00:00,24.770440272987839,27.90971202184126 
 06/11  22:00:00,24.53044413571071,27.646218197572659 
 06/11  23:00:00,24.31690138269562,27.382064974700059 
 06/11  24:00:00,24.12221429532064,27.11986295395583 
 06/12  01:00:00,23.94312491862758,26.867845672727197 
 06/12  02:00:00,23.77313597334515,26.61839441878267 
 06/12  03:00:00,23.190316674227547,25.813410185860385 
 06/12  04:00:00,23.19591471133131,25.78790527202291 
 06/12  05:00:00,23.22601026485753,25.753090350621805 
 06/12  06:00:00,22.770387202160678,25.09080741260881 
 06/12  07:00:00,22.79641886526855,25.05843706681967 
 06/12  08:00:00,23.00313931752138,25.20011208077428 
 06/12  09:00:00,22.881945212641776,24.91877370376482 
 06/12  10:00:00,23.12861860965461,25.126435815047338 
 06/12  11:00:00,23.36925693811414,25.341964831916365 
 06/12  12:00:00,23.285957241619579,25.127796677220134 
 06/12  13:00:00,23.530169327819789,25.33972833796686 
 06/12  14:00:00,23.745037739762016,25.5346593726565 
 06/12  15:00:00,23.56292793567538,25.265530790288055 
 06/12  16:00:00,23.546938670173434,25.233769089868408 
 06/12  17:00:00,23.497388104896957,25.18079995651927 
 06/12  18:00:00,23.26424016688067,24.896784596024739 
 06/12  19:00:00,22.902865751671969,24.48001875037716 
 06/12  20:00:00,22.451173187024268,23.993911275249908 
 06/12  21:00:00,22.163373336366669,23.66421387620734 
 06/12  22:00:00,21.941636402660735,23.393784731461776 
 06/12  23:00:00,21.74529984209218,23.13944652240698 
 06/12  24:00:00,21.579226455817829,22.90838396268863 
 06/13  01:00:00,21.34757731964091,22.614960226284674 
 06/13  02:00:00,21.13823178328434,22.350927706579239 
 06/13  03:00:00,20.816705663837437,21.977056171444585 
 06/13  04:00:00,20.662769421585887,21.75366184519751 
 06/13  05:00:00,20.599163233292484,21.588817888518287 
 06/13  06:00:00,20.552114965471707,21.43436049510631 
 06/13  07:00:00,21.11173840607367,21.961067759237264 
 06/13  08:00:00,22.254999689983177,23.049004550127994 
 06/13  09:00:00,23.6613962985814,24.398479466408184 
 06/13  10:00:00,24.39801053571043,25.10721033383592 
 06/13  11:00:00,24.592951571872076,25.347894180535616 
 06/13  12:00:00,24.189657217337819,25.09092270819955 
 06/13  13:00:00,24.481540265612485,25.62492729440544 
 06/13  14:00:00,24.862889015112978,26.21312726646354 
 06/13  15:00:00,25.48955223256176,27.105768335077444 
 06/13  16:00:00,25.936467168723018,27.869344397387289 
 06/13  17:00:00,25.953639047333235,28.082711829243 
 06/13  18:00:00,25.676653541913806,28.073870162147885 
 06/13  19:00:00,24.983889895161256,27.521677587995649 
 06/13  20:00:00,24.156817242348049,26.799016509184605 
 06/13  21:00:00,23.63385340528462,26.358293061134256 
 06/13  22:00:00,23.366276312052464,26.120493804646487 
 06/13  23:00:00,23.08130424315041,25.844052977340863 
 06/13  24:00:00,22.866103668735908,25.5850031785423 
 06/14  01:00:00,22.724420976876954,25.35474342113327 
 06/14  02:00:00,22.595278979839749,25.118326347062223 
 06/14  03:00:00,22.47219959890089,24.8825978120702 
 06/14  04:00:00,22.349452823460635,24.649235545112533 
 06/14  05:00:00,22.27399407382129,24.464135234421929 
 06/14  06:00:00,22.20042901917363,24.28039526488595 
 06/14  07:00:00,22.17935264094163,24.168319255097726 
 06/14  08:00:00,22.355005424414626,24.29007849629803 
 06/14  09:00:00,22.704636609886003,24.61437061118326 
 06/14  10:00:00,23.326755546638578,25.19096589991542 
 06/14  11:00:00,23.81703596431327,25.736416762419276 
 06/14  12:00:00,24.504158126218589,26.484506694189436 
 06/14  13:00:00,25.078071291783745,27.132603690792327 
 06/14  14:00:00,25.369037672566848,27.492599809897503 
 06/14  15:00:00,25.91948871528169,28.15184259212748 
 06/14  16:00:00,26.70498511296228,29.038817683312176 
 06/14  17:00:00,27.184285437719269,29.731560057089064 
 06/14  18:00:00,27.25797613723982,29.987885775417266 
 06/14  19:00:00,26.571231644814774,29.497393372518546 
 06/14  20:00:00,25.476978073231554,28.43040079596573 
 06/14  21:00:00,24.567073722269794,27.590243592457445 
 06/14  22:00:00,24.341375968947355,27.407030278495058 
 06/14  23:00:00,23.901310708759686,27.027394076481188 
 06/14  24:00:00,23.64686618457818,26.75513838916086 
 06/15  01:00:00,23.468376369642788,26.492684517971886 
 06/15  02:00:00,23.28388713115446,26.205800065535337 
 06/15  03:00:00,23.11928037516641,25.948333500092635 
 06/15  04:00:00,22.889525046635016,25.596669802171449 
 06/15  05:00:00,22.702259601397729,25.29814620467694 
 06/15  06:00:00,22.556534143876296,25.0489300391704 
 06/15  07:00:00,22.759827985941553,25.148762797420824 
 06/15  08:00:00,23.145488812205813,25.487798176867469 
 06/15  09:00:00,23.545604339584146,25.792593745247929 
 06/15  10:00:00,23.828194318073018,26.027462498297476 
 06/15  11:00:00,24.163263450342897,26.354776493981498 
 06/15  12:00:00,24.484340295512149,26.69175489445242 
 06/15  13:00:00,24.771123825642115,27.022109457415099 
 06/15  14:00:00,25.06078644492925,27.394818629323347 
 06/15  15:00:00,25.274561379104175,27.725220194006476 
 06/15  16:00:00,25.386661103317115,27.954022160862526 
 06/15  17:00:00,25.37066335060229,28.02929895130986 
 06/15  18:00:00,25.186649769979394,27.91764174530078 
 06/15  19:00:00,24.722331637454319,27.43633236385754 
 06/15  20:00:00,24.175542167919774,26.858280758142177 
 06/15  21:00:00,23.21040965920216,25.768643555710427 
 06/15  22:00:00,23.027379633693898,25.684416335649595 
 06/15  23:00:00,23.02060979611319,25.72019458385107 
 06/15  24:00:00,22.902315542685586,25.543148490643487 
 06/16  01:00:00,22.696097996723613,25.24640419201316 
 06/16  02:00:00,22.491914682983066,24.952145684230737 
 06/16  03:00:00,22.3124705312488,24.682291149358034 
 06/16  04:00:00,22.15304161194879,24.42592266965338 
 06/16  05:00:00,21.913757893562257,24.062391626069066 
 06/16  06:00:00,21.732899596493277,23.775163023958315 
 06/16  07:00:00,22.182657047857228,24.155441404747774 
 06/16  08:00:00,23.174339439213918,25.126278138470789 
 06/16  09:00:00,24.71598890115009,26.656385781929069 
 06/16  10:00:00,25.658433650888797,27.63993585589961 
 06/16  11:00:00,25.794873410645495,27.87087053364884 
 06/16  12:00:00,25.747640252331963,27.893764016444835 
 06/16  13:00:00,25.83254904079226,28.13170005289721 
 06/16  14:00:00,26.009199959625847,28.44897991160089 
 06/16  15:00:00,26.631244527839017,29.43206891128169 
 06/16  16:00:00,27.64438651079108,30.79679841048099 
 06/16  17:00:00,28.260492216859594,31.82893530881679 
 06/16  18:00:00,28.263296434957746,32.16775560519968 
 06/16  19:00:00,27.619894954844669,31.912088497848779 
 06/16  20:00:00,26.4147119115289,30.853924487098714 
 06/16  21:00:00,25.56351531710708,30.070792510398474 
 06/16  22:00:00,25.14602492674156,29.663332703674898 
 06/16  23:00:00,24.58261179976128,29.119411710162799 
 06/16  24:00:00,24.36677421800909,28.829115880422728 
 06/17  01:00:00,24.16337948933286,28.501885655350315 
 06/17  02:00:00,23.989106929118827,28.176209495841485 
 06/17  03:00:00,23.824947811571506,27.838890150926987 
 06/17  04:00:00,23.65566127560488,27.48550905423474 
 06/17  05:00:00,23.49455538664448,27.13685087036847 
 06/17  06:00:00,23.342641150456744,26.800671804889086 
 06/17  07:00:00,23.78166909477867,27.109132530057239 
 06/17  08:00:00,24.37758413518716,27.636357366896655 
 06/17  09:00:00,25.13605659745988,28.299068250882589 
 06/17  10:00:00,25.758605360781468,28.888042282055083 
 06/17  11:00:00,26.167246431713648,29.303237464226073 
 06/17  12:00:00,26.650186318703068,29.87979490093915 
 06/17  13:00:00,26.899157546696637,30.204834293830964 
 06/17  14:00:00,27.22864667349932,30.57914758623566 
 06/17  15:00:00,27.55885088162954,31.02609227268571 
 06/17  16:00:00,27.974980979943376,31.57180111132511 
 06/17  17:00:00,28.441364655725175,32.11646804752315 
 06/17  18:00:00,28.99621502431626,32.84870681042621 
 06/17  19:00:00,28.346237125731439,32.318516716531579 
 06/17  20:00:00,27.1896564068527,31.138765302752544 
 06/17  21:00:00,26.359572416828315,30.270813063166434 
 06/17  22:00:00,25.841427799376896,29.763524115050705 
 06/17  23:00:00,25.479856173196326,29.39127548650533 
 06/17  24:00:00,24.983318443113068,28.87014480336404 
 06/18  01:00:00,24.743013295839185,28.535828996948326 
 06/18  02:00:00,24.522529832511748,28.189190614774757 
 06/18  03:00:00,24.29863350163586,27.826450992131546 
 06/18  04:00:00,24.077548055500608,27.465003225610987 
 06/18  05:00:00,23.85235031663201,27.09367642450126 
 06/18  06:00:00,23.673980567101617,26.773022150611703 
 06/18  07:00:00,24.232723178966617,27.2486235619131 
 06/18  08:00:00,25.1932018108062,28.133079247029707 
 06/18  09:00:00,26.20230072240295,29.101500891809857 
 06/18  10:00:00,26.81692988774261,29.731349569831868 
 06/18  11:00:00,27.499695337967365,30.474339121212468 
 06/18  12:00:00,27.609379750406548,30.59780766066281 
 06/18  13:00:00,27.907035697956958,31.017764792656885 
 06/18  14:00:00,28.211032755157985,31.46281304171587 
 06/18  15:00:00,28.653372190449134,32.156804925076787 
 06/18  16:00:00,29.50228125424851,33.2238138276483 
 06/18  17:00:00,30.228255225514098,34.39569995920034 
 06/18  18:00:00,30.17906811274741,34.57298295895665 
 06/18  19:00:00,29.476083901862596,34.19895881532554 
 06/18  20:00:00,28.213331253472775,33.045766786101378 
 06/18  21:00:00,27.30901201895962,32.183654092727859 
 06/18  22:00:00,26.796246711851255,31.71620987668409 
 06/18  23:00:00,26.437379600986696,31.35087278078794 
 06/18  24:00:00,25.971800765935716,30.848580612391307 
 06/19  01:00:00,25.70312065471348,30.45334654761514 
 06/19  02:00:00,25.41068066266766,29.999287206515289 
 06/19  03:00:00,25.116603041693194,29.52926529069689 
 06/19  04:00:00,24.885402520249799,29.13473942513499 
 06/19  05:00:00,24.69074359422565,28.77532785973957 
 06/19  06:00:00,24.509693740197095,28.431375921204237 
 06/19  07:00:00,24.659769243621918,28.412638756613878 
 06/19  08:00:00,25.11279320222376,28.77170582821497 
 06/19  09:00:00,25.6554646708178,29.245094103378159 
 06/19  10:00:00,26.379932257779666,29.902445788793267 
 06/19  11:00:00,26.97464381030039,30.532854986279248 
 06/19  12:00:00,27.364653363432088,30.936511284637697 
 06/19  13:00:00,27.94889507124325,31.60201754623896 
 06/19  14:00:00,28.34135043488058,32.069155675169657 
 06/19  15:00:00,28.76059768771472,32.57936661387572 
 06/19  16:00:00,28.737975093030387,32.75305604189835 
 06/19  17:00:00,28.332813289919004,32.46864859922976 
 06/19  18:00:00,27.8138606909394,32.0435540931968 
 06/19  19:00:00,27.312048036822405,31.50024490019993 
 06/19  20:00:00,26.856822041042184,30.997692557410717 
 06/19  21:00:00,26.427942208086486,30.53366667834566 
 06/19  22:00:00,25.967538887667354,30.060454041065726 
 06/19  23:00:00,25.731236146180938,29.8111655107803 
 06/19  24:00:00,25.220427341388786,29.0187082091748 
 06/20  01:00:00,25.18623379089065,29.021252559112953 
 06/20  02:00:00,25.17352866054187,28.99618906156182 
 06/20  03:00:00,24.674528276693516,28.187888456390345 
 06/20  04:00:00,24.60170836302812,28.067955578663228 
 06/20  05:00:00,24.565435468905894,27.96251528972871 
 06/20  06:00:00,24.097117765665769,27.226347253610457 
 06/20  07:00:00,24.061181926754057,27.126388006489984 
 06/20  08:00:00,24.175820678790655,27.169509757252969 
 06/20  09:00:00,24.169570303747997,26.95993015708652 
 06/20  10:00:00,24.444952717916189,27.17342891046387 
 06/20  11:00:00,24.72814001382114,27.43923900915555 
 06/20  12:00:00,24.691075915727966,27.22060479081353 
 06/20  13:00:00,25.108878224434855,27.6689090119775 
 06/20  14:00:00,25.539972366314239,28.084922468841968 
 06/20  15:00:00,25.797246822994056,28.312023842501274 
 06/20  16:00:00,25.79533597196848,28.268036490053509 
 06/20  17:00:00,25.57976902995119,28.010355962594688 
 06/20  18:00:00,25.313812271822778,27.72311253524363 
 06/20  19:00:00,24.954363998800717,27.343129753577956 
 06/20  20:00:00,24.592796956939976,26.94817061343815 
 06/20  21:00:00,24.25050652385758,26.577318746748014 
 06/20  22:00:00,23.94436749281149,26.23268669278523 
 06/20  23:00:00,23.645072098393127,25.893503665115746 
 06/20  24:00:00,23.34168218696437,25.5432372345658 
 06/21  01:00:00,23.080568890293294,25.229076997694056 
 06/21  02:00:00,22.84297495559523,24.92946823045404 
 06/21  03:00:00,22.603058677337793,24.62064300152022 
 06/21  04:00:00,22.399985013667359,24.336828697378313 
 06/21  05:00:00,22.227322362222016,24.0761948174292 
 06/21  06:00:00,22.075947707140956,23.83863562980801 
 06/21  07:00:00,22.26560231865832,23.940031316973945 
 06/21  08:00:00,22.798463499055428,24.44349505924937 
 06/21  09:00:00,23.431089471384334,25.03270970223886 
 06/21  10:00:00,24.188286239117717,25.705146687339075 
 06/21  11:00:00,24.516840842187706,26.069644662049048 
 06/21  12:00:00,24.94700419779229,26.500356806637979 
 06/21  13:00:00,25.288680152255219,26.940219000494115 
 06/21  14:00:00,25.725973485372763,27.526075051996153 
 06/21  15:00:00,26.284969146043716,28.34499907220221 
 06/21  16:00:00,26.66001725011627,28.943109738183308 
 06/21  17:00:00,26.767850003157727,29.179144829030208 
 06/21  18:00:00,26.707874274949174,29.2568263328364 
 06/21  19:00:00,26.254008297653554,28.901973237320328 
 06/21  20:00:00,25.42399083672516,28.094928850810498 
 06/21  21:00:00,24.653326894806683,27.381275934276589 
 06/21  22:00:00,24.3864682877212,27.159908951132189 
 06/21  23:00:00,23.90769051949915,26.740852848715805 
 06/21  24:00:00,23.621198517962897,26.443539583087657 
 06/22  01:00:00,23.38395516743393,26.154702660086863 
 06/22  02:00:00,23.19948829148982,25.89381492561698 
 06/22  03:00:00,22.929540159629029,25.527769929988627 
 06/22  04:00:00,22.81758537628981,25.314498591272469 
 06/22  05:00:00,22.792758107423646,25.174701149827127 
 06/22  06:00:00,22.808225582052729,25.07363500137926 
 06/22  07:00:00,22.867653845758708,25.036920055933434 
 06/22  08:00:00,23.32950257341212,25.491430361191168 
 06/22  09:00:00,24.215291758182575,26.339335533553649 
 06/22  10:00:00,24.833272886707137,26.99830817561958 
 06/22  11:00:00,25.2539083575002,27.426927378119694 
 06/22  12:00:00,25.77339932450603,27.971187005339947 
 06/22  13:00:00,25.955032506372377,28.216724957906984 
 06/22  14:00:00,26.10815419897689,28.45174729499144 
 06/22  15:00:00,26.25582637267653,28.68762413530341 
 06/22  16:00:00,26.204902998976274,28.734639852658856 
 06/22  17:00:00,25.92651412455,28.527506749877664 
 06/22  18:00:00,25.576018656119424,28.21208063798308 
 06/22  19:00:00,24.989399058802399,27.675355288113765 
 06/22  20:00:00,24.466153348397719,27.190310411422098 
 06/22  21:00:00,24.036550718671756,26.7953392385458 
 06/22  22:00:00,23.74729915581341,26.511269478063264 
 06/22  23:00:00,23.530929619563979,26.2678868141679 
 06/22  24:00:00,23.327464516723933,26.0130017755812 
 06/23  01:00:00,23.12595916098264,25.741000026718696 
 06/23  02:00:00,22.940453418235344,25.469990692267687 
 06/23  03:00:00,22.758180578603349,25.193266713369895 
 06/23  04:00:00,22.643380131622263,24.96984704688678 
 06/23  05:00:00,22.55710485867887,24.766943017700166 
 06/23  06:00:00,22.463891940911148,24.560331215930938 
 06/23  07:00:00,22.496523982649305,24.497516018450438 
 06/23  08:00:00,22.690717788603718,24.63773489326367 
 06/23  09:00:00,22.95461298288199,24.861818347065858 
 06/23  10:00:00,23.334220872873588,25.153564835489296 
 06/23  11:00:00,23.640798127279255,25.41402315737102 
 06/23  12:00:00,23.92773194565059,25.68380494741336 
 06/23  13:00:00,24.291124539714617,26.11788144636641 
 06/23  14:00:00,24.78278095965102,26.67923195248463 
 06/23  15:00:00,25.452386363669665,27.469054476943783 
 06/23  16:00:00,25.60377081131773,27.702921173373974 
 06/23  17:00:00,25.612889864494698,27.809697542848455 
 06/23  18:00:00,25.390869618714249,27.610608954023239 
 06/23  19:00:00,24.860836748752584,27.094262933277947 
 06/23  20:00:00,24.25630189067271,26.538676326546584 
 06/23  21:00:00,23.855871982039817,26.184920829741757 
 06/23  22:00:00,23.383191586880537,25.791494967626009 
 06/23  23:00:00,23.160105306206544,25.591947037266796 
 06/23  24:00:00,23.027251567477767,25.42861815683276 
 06/24  01:00:00,22.890548962375204,25.250114552876665 
 06/24  02:00:00,22.736941912289639,25.052086149855947 
 06/24  03:00:00,22.599327378225749,24.86670076401214 
 06/24  04:00:00,22.479034063779478,24.677450451798359 
 06/24  05:00:00,22.340775003069493,24.457051482336487 
 06/24  06:00:00,22.23538773608482,24.271554336052199 
 06/24  07:00:00,22.40115525220513,24.386099847961935 
 06/24  08:00:00,23.049594645532929,25.01563102634435 
 06/24  09:00:00,23.864045660372655,25.822298898119976 
 06/24  10:00:00,24.54675466965686,26.54305983243654 
 06/24  11:00:00,25.333358698644426,27.395931928939377 
 06/24  12:00:00,25.61497279111061,27.76717274265021 
 06/24  13:00:00,25.997569029872115,28.278183407897925 
 06/24  14:00:00,26.137236103910696,28.561537764326574 
 06/24  15:00:00,26.23921149094112,28.80269201542434 
 06/24  16:00:00,26.170263208429387,28.866663353466334 
 06/24  17:00:00,25.873996996733938,28.64186610648313 
 06/24  18:00:00,25.392654221166607,28.23088273960224 
 06/24  19:00:00,24.915951684507485,27.794103339538805 
 06/24  20:00:00,24.44121523153722,27.375236486512038 
 06/24  21:00:00,24.073841403696528,27.03734568340002 
 06/24  22:00:00,23.820663860976887,26.79801750398153 
 06/24  23:00:00,23.62001999887873,26.58100963371498 
 06/24  24:00:00,23.4295572191535,26.351129078740738 
 06/25  01:00:00,23.25428620551884,26.104578407612459 
 06/25  02:00:00,23.08157284368118,25.838579251731369 
 06/25  03:00:00,22.919725643707243,25.574173412728198 
 06/25  04:00:00,22.758370474696258,25.295479776957874 
 06/25  05:00:00,22.601807762894926,25.015032335120066 
 06/25  06:00:00,22.471907353044853,24.76544065809437 
 06/25  07:00:00,23.027781230683009,25.314592242033986 
 06/25  08:00:00,23.876152851461968,26.098929579456639 
 06/25  09:00:00,24.568474105031414,26.81888530814986 
 06/25  10:00:00,25.378660844846764,27.6518105169856 
 06/25  11:00:00,25.703436787028687,28.00549321635959 
 06/25  12:00:00,26.14572886484864,28.52608483567898 
 06/25  13:00:00,26.326484425920126,28.82088575752063 
 06/25  14:00:00,26.417972723168345,29.039630846625408 
 06/25  15:00:00,26.498410601706689,29.205377988877623 
 06/25  16:00:00,26.36171028493852,29.11101880464079 
 06/25  17:00:00,25.953779039268804,28.69339567496158 
 06/25  18:00:00,25.37514029717223,28.12800215938459 
 06/25  19:00:00,24.915419687942909,27.730013312516485 
 06/25  20:00:00,24.46679070585694,27.322555113789265 
 06/25  21:00:00,24.09967924873933,26.97259946905255 
 06/25  22:00:00,23.879848705138725,26.751533401982959 
 06/25  23:00:00,23.724449989287039,26.563551499450165 
 06/25  24:00:00,23.579367098441556,26.362129519280008 
 06/26  01:00:00,23.40905027829242,26.124177850740815 
 06/26  02:00:00,23.219429355583857,25.85317928702112 
 06/26  03:00:00,23.031752933393077,25.585221137744154 
 06/26  04:00:00,22.893208149906387,25.34545008705352 
 06/26  05:00:00,22.77365704325103,25.112204322366883 
 06/26  06:00:00,22.66782492410011,24.896788435817695 
 06/26  07:00:00,22.69383672565261,24.846694401334934 
 06/26  08:00:00,22.89474223905386,25.009833582266596 
 06/26  09:00:00,23.216090463170287,25.31433988908283 
 06/26  10:00:00,23.658445264323935,25.718620639414007 
 06/26  11:00:00,24.01395710549304,26.06055753020682 
 06/26  12:00:00,24.38001913456327,26.425031363815849 
 06/26  13:00:00,24.79408702754755,26.88172035970319 
 06/26  14:00:00,25.23502031472752,27.42853674030325 
 06/26  15:00:00,25.657994743554313,27.997278264950976 
 06/26  16:00:00,25.821602225633606,28.32260606889205 
 06/26  17:00:00,25.71321421135629,28.35311727011323 
 06/26  18:00:00,25.43827304232259,28.118669018439915 
 06/26  19:00:00,24.92305066332812,27.61654085981247 
 06/26  20:00:00,24.44632396616506,27.10130520140877 
 06/26  21:00:00,24.04229070761337,26.691929797216419 
 06/26  22:00:00,23.588263578471286,26.255957688626695 
 06/26  23:00:00,23.358436053907803,26.028644949498728 
 06/26  24:00:00,23.19937018973487,25.832197516813105 
 06/27  01:00:00,23.03978001709301,25.6083333568809 
 06/27  02:00:00,22.860448789669389,25.35100436936745 
 06/27  03:00:00,22.67795210078811,25.084085779896708 
 06/27  04:00:00,22.50517678035505,24.82586056867955 
 06/27  05:00:00,22.3362551835527,24.567651827971738 
 06/27  06:00:00,22.195665809314677,24.339703292092968 
 06/27  07:00:00,22.44312713012827,24.535642807274934 
 06/27  08:00:00,22.958967513531648,25.021767733401224 
 06/27  09:00:00,23.571252015018446,25.60089642340069 
 06/27  10:00:00,24.001106907488997,26.041173828339298 
 06/27  11:00:00,24.408861858990855,26.460424670118934 
 06/27  12:00:00,24.72104914005338,26.82236694753192 
 06/27  13:00:00,24.95843632310997,27.143882222257166 
 06/27  14:00:00,25.14683610891551,27.429435603836305 
 06/27  15:00:00,25.284370198211965,27.67025886974837 
 06/27  16:00:00,25.39674058899359,27.86602657734474 
 06/27  17:00:00,25.428668027928997,27.992876948776954 
 06/27  18:00:00,25.28331903966986,27.936355215854137 
 06/27  19:00:00,24.8561094945824,27.520675862363853 
 06/27  20:00:00,24.236499880360463,26.889688373118348 
 06/27  21:00:00,23.83003092687259,26.50241186329162 
 06/27  22:00:00,23.57314620882719,26.272497520544989 
 06/27  23:00:00,23.360924997345184,26.056999687483299 
 06/27  24:00:00,23.160863399981638,25.823951392893059 
 06/28  01:00:00,23.018565975083808,25.633651101594699 
 06/28  02:00:00,22.916767871392396,25.473310326946895 
 06/28  03:00:00,22.873440188259069,25.37436056305574 
 06/28  04:00:00,22.804591990485159,25.224441764155757 
 06/28  05:00:00,22.695553057079449,25.02378378346853 
 06/28  06:00:00,22.594090320965738,24.838608548304589 
 06/28  07:00:00,22.55283498537538,24.737528141067697 
 06/28  08:00:00,22.666749882880219,24.812698233936879 
 06/28  09:00:00,22.924564667538424,25.038915549675285 
 06/28  10:00:00,23.206737302790523,25.306942120034156 
 06/28  11:00:00,23.626222233216017,25.729430725975328 
 06/28  12:00:00,23.948687908829237,26.09687427088935 
 06/28  13:00:00,24.31728011885729,26.531229495290999 
 06/28  14:00:00,24.67815006496658,26.996289047061987 
 06/28  15:00:00,24.988339964394628,27.39885469311062 
 06/28  16:00:00,25.140284897669166,27.655347953133505 
 06/28  17:00:00,25.12866452466593,27.7250986189287 
 06/28  18:00:00,24.93705369865306,27.604300867470223 
 06/28  19:00:00,24.565792247167019,27.232712095875895 
 06/28  20:00:00,23.98574584617066,26.60466480174709 
 06/28  21:00:00,23.592459353005986,26.204443715981605 
 06/28  22:00:00,23.301432275513144,25.935649125990584 
 06/28  23:00:00,23.050195966225453,25.68953241834002 
 06/28  24:00:00,22.80023483585187,25.41406786618829 
 06/29  01:00:00,22.64783214620685,25.206034955068089 
 06/29  02:00:00,22.554493373784564,25.03526868335274 
 06/29  03:00:00,22.46286486980972,24.855574334676594 
 06/29  04:00:00,22.384987204869643,24.694093467560778 
 06/29  05:00:00,22.329032841802055,24.557709706931648 
 06/29  06:00:00,22.319444720740309,24.470654143669149 
 06/29  07:00:00,22.402390690587884,24.48401018797003 
 06/29  08:00:00,22.625568181025466,24.655738768773856 
 06/29  09:00:00,22.88702565811114,24.930368983417478 
 06/29  10:00:00,23.242208297769574,25.26618606310026 
 06/29  11:00:00,23.51733814242428,25.51542855666044 
 06/29  12:00:00,23.74113586198496,25.730033447292393 
 06/29  13:00:00,23.916515405126927,25.937977938354594 
 06/29  14:00:00,24.042994410046377,26.112451617964476 
 06/29  15:00:00,23.956413379587809,25.954192641742496 
 06/29  16:00:00,24.214249646084157,26.324681533257178 
 06/29  17:00:00,24.53294688204894,26.764864697367153 
 06/29  18:00:00,24.657197924423799,26.971723224354546 
 06/29  19:00:00,24.37616980159311,26.691063235275978 
 06/29  20:00:00,23.760117549127309,26.000968055938555 
 06/29  21:00:00,23.121208974875914,25.33078330178883 
 06/29  22:00:00,22.85160346443308,25.09085246256598 
 06/29  23:00:00,22.783785171427309,25.04538629601166 
 06/29  24:00:00,22.732766996810257,24.978239467088704 
 06/30  01:00:00,22.6523319136122,24.851352199592179 
 06/30  02:00:00,22.547454817140886,24.68450802887202 
 06/30  03:00:00,22.4660807616215,24.544410506290246 
 06/30  04:00:00,22.38851480468879,24.407745360021246 
 06/30  05:00:00,22.303726987309934,24.26314673942331 
 06/30  06:00:00,22.227428543431996,24.129361049338557 
 06/30  07:00:00,22.283487080505105,24.141646499636776 
 06/30  08:00:00,22.518765918842317,24.367584772545869 
 06/30  09:00:00,22.77798438400265,24.636593747052168 
 06/30  10:00:00,23.253883998232895,25.107275716858824 
 06/30  11:00:00,23.732762524892367,25.609457647281617 
 06/30  12:00:00,24.234140027814154,26.192941576294318 
 06/30  13:00:00,24.650034783211159,26.715649483432445 
 06/30  14:00:00,25.054583704247209,27.243273222035186 
 06/30  15:00:00,25.46197032692759,27.8056309780253 
 06/30  16:00:00,25.628792962158017,28.165124961831709 
 06/30  17:00:00,25.538461076187806,28.226336316106118 
 06/30  18:00:00,25.23970734037325,28.03178271390235 
 06/30  19:00:00,24.78574853272804,27.62495444680728 
 06/30  20:00:00,24.16363687783446,27.058662045575724 
 06/30  21:00:00,23.794461088918334,26.71356203306604 
 06/30  22:00:00,23.562568436181424,26.513427861424007 
 06/30  23:00:00,23.355309326681654,26.301092915935234 
 06/30  24:00:00,23.134749819426284,26.024314837840085 
 07/01  01:00:00,23.00606924702969,25.841417591975703 
 07/01  02:00:00,22.87855097798518,25.636417088443769 
 07/01  03:00:00,22.665393076027745,25.214269205543144 
 07/01  04:00:00,22.558113534146775,25.078771587199566 
 07/01  05:00:00,22.47021716652436,24.96472685525347 
 07/01  06:00:00,22.375896525146719,24.802446842146226 
 07/01  07:00:00,22.401319227912216,24.73907551306502 
 07/01  08:00:00,22.579448551474987,24.829362420521368 
 07/01  09:00:00,22.846798258637116,25.01922759569596 
 07/01  10:00:00,23.099978172556797,25.247914304463778 
 07/01  11:00:00,23.48012529391682,25.591001925763444 
 07/01  12:00:00,23.777576722693774,25.888692872736589 
 07/01  13:00:00,24.336328348218474,26.502681149834598 
 07/01  14:00:00,25.049281313192137,27.309539770599373 
 07/01  15:00:00,25.913365127925745,28.38524939648198 
 07/01  16:00:00,26.31235285411743,28.919186084275624 
 07/01  17:00:00,26.37101688752946,29.11621727166538 
 07/01  18:00:00,26.261846366690244,29.12068865188078 
 07/01  19:00:00,25.481876523730088,28.382300006683374 
 07/01  20:00:00,24.599397614594197,27.513861928086035 
 07/01  21:00:00,23.53099584926857,26.36560759752187 
 07/01  22:00:00,23.499263647709826,26.50120338720715 
 07/01  23:00:00,23.32311262080295,26.398524151364915 
 07/01  24:00:00,23.091159388400315,26.09865615219892 
 07/02  01:00:00,22.91993984493159,25.848199336003846 
 07/02  02:00:00,22.7992164942555,25.62958682841784 
 07/02  03:00:00,22.70870546393175,25.421737911452163 
 07/02  04:00:00,22.594884063921083,25.18771300343858 
 07/02  05:00:00,22.469812873175177,24.9453424191535 
 07/02  06:00:00,22.354497554756397,24.71562396100803 
 07/02  07:00:00,22.38698246834685,24.6400004169029 
 07/02  08:00:00,22.58064319671933,24.756180344196904 
 07/02  09:00:00,22.83938349510136,24.972746061239918 
 07/02  10:00:00,23.250727860874183,25.325051028135144 
 07/02  11:00:00,23.606996839309603,25.65324224964691 
 07/02  12:00:00,23.929974346947753,25.974648223449507 
 07/02  13:00:00,24.184224836495788,26.24954968198361 
 07/02  14:00:00,24.36460433265152,26.46794211518518 
 07/02  15:00:00,24.46557402587309,26.627209173187305 
 07/02  16:00:00,24.447470889568849,26.66296501387671 
 07/02  17:00:00,24.309839909034119,26.558016339820399 
 07/02  18:00:00,24.057120583398395,26.324282046406276 
 07/02  19:00:00,23.75887570050795,26.04197905908098 
 07/02  20:00:00,23.305170073748756,25.594321845532038 
 07/02  21:00:00,22.928137172855828,25.108050980746485 
 07/02  22:00:00,22.734934235960194,24.972231744998589 
 07/02  23:00:00,22.582330877394307,24.857458039717789 
 07/02  24:00:00,22.36338412668198,24.46951499184385 
 07/03  01:00:00,22.233623391573159,24.332988218379769 
 07/03  02:00:00,22.129651820511968,24.233023050994477 
 07/03  03:00:00,21.975358844059934,23.892016767609634 
 07/03  04:00:00,21.87590478105134,23.754194356791208 
 07/03  05:00:00,21.787329636370289,23.643138068335149 
 07/03  06:00:00,21.698213874131988,23.48432395796617 
 07/03  07:00:00,21.768330104137083,23.494811754743489 
 07/03  08:00:00,22.160752074198546,23.86157072347948 
 07/03  09:00:00,22.817723576876248,24.525792912887679 
 07/03  10:00:00,23.579874473737556,25.27594551836719 
 07/03  11:00:00,23.90804796493093,25.611674281363933 
 07/03  12:00:00,24.38822144216403,26.162589231895738 
 07/03  13:00:00,24.61087409063272,26.511766403313808 
 07/03  14:00:00,24.88528362547656,26.951681603651154 
 07/03  15:00:00,25.170857619480754,27.41178732785628 
 07/03  16:00:00,25.365355653932988,27.72359091734822 
 07/03  17:00:00,25.417613718307796,27.87805556978403 
 07/03  18:00:00,25.27705316125388,27.8430124366304 
 07/03  19:00:00,24.946793780779726,27.547547878383996 
 07/03  20:00:00,24.245778331877653,26.85571805174309 
 07/03  21:00:00,23.52661908771666,26.196672296990938 
 07/03  22:00:00,23.309492402107617,25.981845103326639 
 07/03  23:00:00,23.023505014522326,25.68326345213252 
 07/03  24:00:00,22.769232184699445,25.381166619720618 
 07/04  01:00:00,22.53495597258603,25.087435508987104 
 07/04  02:00:00,22.330637328831096,24.804552485354955 
 07/04  03:00:00,22.1640790589046,24.544116103153717 
 07/04  04:00:00,22.074538932847678,24.344812867305305 
 07/04  05:00:00,22.008195967008278,24.158252727026697 
 07/04  06:00:00,21.946517389771047,23.97724971457201 
 07/04  07:00:00,22.033444753534395,23.969202933312745 
 07/04  08:00:00,22.37632080616624,24.28434351921814 
 07/04  09:00:00,22.982952215804013,24.837399034724425 
 07/04  10:00:00,23.51417496744304,25.34577147660656 
 07/04  11:00:00,23.925846425950036,25.742405542894788 
 07/04  12:00:00,24.235176864250037,26.067396541024708 
 07/04  13:00:00,24.518553217075366,26.423285911393625 
 07/04  14:00:00,24.790658903515536,26.80201476737615 
 07/04  15:00:00,24.997528943512767,27.1337435233268 
 07/04  16:00:00,25.0083979849856,27.265034119496435 
 07/04  17:00:00,24.83309963233068,27.197679847372169 
 07/04  18:00:00,24.558107298790746,26.983184339493595 
 07/04  19:00:00,24.173495614589237,26.571663509030026 
 07/04  20:00:00,23.587630860524305,25.94151915722724 
 07/04  21:00:00,23.147812618677759,25.526762582814699 
 07/04  22:00:00,22.86508239263402,25.283132497793674 
 07/04  23:00:00,22.646146565492296,25.081178857260974 
 07/04  24:00:00,22.422573204915964,24.842599099657794 
 07/05  01:00:00,22.22881110890369,24.59536741275739 
 07/05  02:00:00,22.070852272445788,24.36042249549369 
 07/05  03:00:00,21.915827526262743,24.11480460046123 
 07/05  04:00:00,21.833806320772348,23.932997271777788 
 07/05  05:00:00,21.795299462810797,23.78851017811781 
 07/05  06:00:00,21.76502013208256,23.65119167263217 
 07/05  07:00:00,21.908570760202545,23.733636090980214 
 07/05  08:00:00,22.353961242776493,24.159769758767838 
 07/05  09:00:00,22.990882659243483,24.791144422549676 
 07/05  10:00:00,23.86795152156721,25.68872746858512 
 07/05  11:00:00,24.832626807262977,26.739156474158376 
 07/05  12:00:00,25.121770449054759,27.111306039020414 
 07/05  13:00:00,25.399615219007694,27.515740775195004 
 07/05  14:00:00,25.77654708276053,28.08030190908729 
 07/05  15:00:00,26.387381204176223,28.94228705147542 
 07/05  16:00:00,26.54688042371955,29.29225724169462 
 07/05  17:00:00,26.46588224511692,29.502455908194834 
 07/05  18:00:00,26.0933456762516,29.314198451494187 
 07/05  19:00:00,25.58745063693812,29.017522451056104 
 07/05  20:00:00,24.95743528804685,28.42939788190389 
 07/05  21:00:00,24.274934937296643,27.792288223157337 
 07/05  22:00:00,24.11443839197286,27.646660679208507 
 07/05  23:00:00,23.91417868751698,27.441261702579984 
 07/05  24:00:00,23.685555225092299,27.163897228716406 
 07/06  01:00:00,23.51385645440276,26.903450412120699 
 07/06  02:00:00,23.374569528174054,26.65662843806025 
 07/06  03:00:00,23.230128811923824,26.39481390847741 
 07/06  04:00:00,23.114915080552774,26.165734666425565 
 07/06  05:00:00,23.00970613777832,25.94660124444253 
 07/06  06:00:00,22.917436914449888,25.74120489286843 
 07/06  07:00:00,22.940863398965094,25.668881464156809 
 07/06  08:00:00,23.125522996157355,25.776966555394119 
 07/06  09:00:00,23.3855264987669,25.981547288409609 
 07/06  10:00:00,23.989982325115855,26.57980518614268 
 07/06  11:00:00,24.86035167367344,27.443781170249438 
 07/06  12:00:00,25.384520540464103,27.968423971280605 
 07/06  13:00:00,25.98009840052789,28.727383015239405 
 07/06  14:00:00,26.25597167014938,29.091887602170546 
 07/06  15:00:00,26.860103140562907,29.86358156763312 
 07/06  16:00:00,27.01684186987829,30.21705015179119 
 07/06  17:00:00,26.801729676664605,30.25953319636312 
 07/06  18:00:00,26.278476012418034,29.854963752635514 
 07/06  19:00:00,25.718309507997934,29.39536744864408 
 07/06  20:00:00,25.040001974503498,28.773620892384075 
 07/06  21:00:00,24.74457771558746,28.514788060706374 
 07/06  22:00:00,24.352939849141543,28.175126105543563 
 07/06  23:00:00,24.14439083784985,27.96547108607619 
 07/06  24:00:00,24.0147530067536,27.775968211968327 
 07/07  01:00:00,23.83437182170947,27.50248968771813 
 07/07  02:00:00,23.66118393093768,27.23522372044284 
 07/07  03:00:00,23.417113529597505,26.857322744938437 
 07/07  04:00:00,23.292491613365358,26.598612321785713 
 07/07  05:00:00,23.215762959878388,26.372308611380988 
 07/07  06:00:00,23.128557728556733,26.13403904649444 
 07/07  07:00:00,23.140084178598725,26.0241013010692 
 07/07  08:00:00,23.301232474720498,26.09596894710883 
 07/07  09:00:00,23.566565977121848,26.2859619128982 
 07/07  10:00:00,24.046644453947118,26.77209813008939 
 07/07  11:00:00,24.762127847721847,27.445413713623787 
 07/07  12:00:00,25.566556657188863,28.285962930866704 
 07/07  13:00:00,25.99567368091273,28.796717681921228 
 07/07  14:00:00,26.235213406800165,29.117566152171486 
 07/07  15:00:00,26.545030423897626,29.57704978297783 
 07/07  16:00:00,26.50401775161578,29.726379715237248 
 07/07  17:00:00,26.217894320569813,29.569831791631196 
 07/07  18:00:00,25.902426733168349,29.326251894365976 
 07/07  19:00:00,25.456052891595236,28.962285068703279 
 07/07  20:00:00,25.130007362507106,28.663693064842655 
 07/07  21:00:00,24.858222823609354,28.407326710072053 
 07/07  22:00:00,24.602298840109328,28.133605780710746 
 07/07  23:00:00,24.408886069567374,27.886004459096165 
 07/07  24:00:00,24.095284400920954,27.488854131847896 
 07/08  01:00:00,23.895162497679789,27.24832482949633 
 07/08  02:00:00,23.773046277993989,27.08988149472637 
 07/08  03:00:00,23.648066868231365,26.907756787045576 
 07/08  04:00:00,23.47871013600657,26.646661146758328 
 07/08  05:00:00,23.299814092580033,26.367156001407094 
 07/08  06:00:00,23.14591381470754,25.977347295087193 
 07/08  07:00:00,23.13186074511839,25.944850549142953 
 07/08  08:00:00,23.276166047673884,26.09584712155237 
 07/08  09:00:00,23.44259841188134,26.059839330310106 
 07/08  10:00:00,23.739806370882286,26.387320059535534 
 07/08  11:00:00,24.137828211731006,26.751239458345837 
 07/08  12:00:00,24.26139969326501,26.69664157799494 
 07/08  13:00:00,24.51699882085467,26.958136651013605 
 07/08  14:00:00,24.75766451187173,27.25087492464418 
 07/08  15:00:00,24.691855381096916,27.071215543191135 
 07/08  16:00:00,24.7311518202282,27.128927051147956 
 07/08  17:00:00,24.74379133071101,27.199409627148805 
 07/08  18:00:00,24.52020381130447,26.902223421185864 
 07/08  19:00:00,24.26198117749077,26.628837823648995 
 07/08  20:00:00,24.001409205979056,26.372292924311766 
 07/08  21:00:00,23.789749189728796,26.059877235272177 
 07/08  22:00:00,23.62563231522007,25.890037891879016 
 07/08  23:00:00,23.477932806058218,25.755528304109597 
 07/08  24:00:00,23.302766957473446,25.48619485539639 
 07/09  01:00:00,23.18604620206297,25.344117559169324 
 07/09  02:00:00,23.085551473111708,25.235838143651546 
 07/09  03:00:00,22.92661714278493,24.971233968557958 
 07/09  04:00:00,22.851234938432666,24.866489052161563 
 07/09  05:00:00,22.801871288001754,24.80941987352805 
 07/09  06:00:00,22.691302042566958,24.615877239361489 
 07/09  07:00:00,22.681754025875195,24.576041282591786 
 07/09  08:00:00,22.807093610131774,24.698709553629536 
 07/09  09:00:00,22.934179349315018,24.767344877912629 
 07/09  10:00:00,23.211368762820976,25.070152664644618 
 07/09  11:00:00,23.57824462077098,25.449560336358375 
 07/09  12:00:00,23.810961589900804,25.654025599683185 
 07/09  13:00:00,24.008990514136305,25.885464068766138 
 07/09  14:00:00,24.161800933375838,26.084069688030057 
 07/09  15:00:00,24.231440498260608,26.18352905350398 
 07/09  16:00:00,24.21293484473749,26.189335092724805 
 07/09  17:00:00,24.107471765548718,26.109876902828078 
 07/09  18:00:00,23.860748186689265,25.805081111145854 
 07/09  19:00:00,23.617485300062364,25.585626219127869 
 07/09  20:00:00,23.379763577287649,25.394700027849006 
 07/09  21:00:00,23.135198882474147,25.102715957386928 
 07/09  22:00:00,23.027676905832406,24.998743041016806 
 07/09  23:00:00,22.955507467459264,24.942429937864075 
 07/09  24:00:00,22.853735301836865,24.829979519544687 
 07/10  01:00:00,22.727946155749544,24.67222665426217 
 07/10  02:00:00,22.57330848968415,24.478662991707667 
 07/10  03:00:00,22.378054185648137,24.18650263319423 
 07/10  04:00:00,22.283272050003246,24.081079837506836 
 07/10  05:00:00,22.24195363863094,24.048288786338458 
 07/10  06:00:00,22.166215709424493,23.902899961326005 
 07/10  07:00:00,22.17558352682131,23.889842544751795 
 07/10  08:00:00,22.319980705434909,24.038916331817189 
 07/10  09:00:00,22.490492512611927,24.15545507622431 
 07/10  10:00:00,22.76921953208653,24.480586917670203 
 07/10  11:00:00,23.186561385422949,24.949008951689494 
 07/10  12:00:00,23.47675691819362,25.269376518781919 
 07/10  13:00:00,23.69868382619249,25.538773549628475 
 07/10  14:00:00,23.851172465993053,25.75661556265847 
 07/10  15:00:00,23.94246525849999,25.92904845570122 
 07/10  16:00:00,23.95617241312752,26.020956492207824 
 07/10  17:00:00,23.884239537330087,26.01506411205423 
 07/10  18:00:00,23.620262191632386,25.671502896112949 
 07/10  19:00:00,23.40712044347767,25.50408969538024 
 07/10  20:00:00,23.19187261106405,25.37383263816059 
 07/10  21:00:00,23.01276388926012,25.23655258131341 
 07/10  22:00:00,22.889305270854267,25.117658247157526 
 07/10  23:00:00,22.7950451478382,25.016724667796319 
 07/10  24:00:00,22.70629733180461,24.918747518698575 
 07/11  01:00:00,22.613525473195336,24.81038921435262 
 07/11  02:00:00,22.5199383793159,24.694362725311576 
 07/11  03:00:00,22.392771217089597,24.461240836937188 
 07/11  04:00:00,22.344054741554865,24.406760682610604 
 07/11  05:00:00,22.33996790187997,24.43792383644187 
 07/11  06:00:00,22.29475509644394,24.31243804983529 
 07/11  07:00:00,22.321250309805089,24.32450197233244 
 07/11  08:00:00,22.481371093084005,24.51088369400022 
 07/11  09:00:00,22.675692740368814,24.65825601121055 
 07/11  10:00:00,22.961226509430046,24.96358575379243 
 07/11  11:00:00,23.344299266703275,25.44247301823709 
 07/11  12:00:00,23.60894650392852,25.779540304414846 
 07/11  13:00:00,23.872813238042008,26.081494812748486 
 07/11  14:00:00,24.094605597438368,26.36145566811563 
 07/11  15:00:00,24.252848680174883,26.59161390078631 
 07/11  16:00:00,24.28901577145075,26.71624905539356 
 07/11  17:00:00,24.21891408791942,26.73216681141437 
 07/11  18:00:00,24.04652044589539,26.637616388542577 
 07/11  19:00:00,23.795617071869434,26.4504411782158 
 07/11  20:00:00,23.527722060461238,26.229272351698446 
 07/11  21:00:00,23.353320733107379,26.082060939801477 
 07/11  22:00:00,23.238885817639696,25.978823641294153 
 07/11  23:00:00,23.153790445733479,25.897573233640075 
 07/11  24:00:00,23.090884704455595,25.831732630582903 
 07/12  01:00:00,23.025696064711459,25.75017102700004 
 07/12  02:00:00,22.947707745084068,25.63800956155043 
 07/12  03:00:00,22.87823386783838,25.523769260193807 
 07/12  04:00:00,22.840045286160199,25.442472360475536 
 07/12  05:00:00,22.81361878187082,25.378185168472937 
 07/12  06:00:00,22.7565785001776,25.208791784443468 
 07/12  07:00:00,22.800049133156663,25.211378661025856 
 07/12  08:00:00,22.989573813441515,25.40984701249706 
 07/12  09:00:00,23.21359533081591,25.605480537291933 
 07/12  10:00:00,23.483806814351,25.874491292366515 
 07/12  11:00:00,23.845667254857604,26.305275737826727 
 07/12  12:00:00,24.05386240135344,26.5143681488279 
 07/12  13:00:00,24.262713089543266,26.757220270010959 
 07/12  14:00:00,24.444407772344879,26.99509975616272 
 07/12  15:00:00,24.551066000611873,27.147533507215948 
 07/12  16:00:00,24.566570802352346,27.1926071749378 
 07/12  17:00:00,24.485477727025747,27.136203633479928 
 07/12  18:00:00,24.309182149589455,26.981197457568038 
 07/12  19:00:00,24.064584818664295,26.752249624116513 
 07/12  20:00:00,23.81541491984728,26.508361226772306 
 07/12  21:00:00,23.63966231002318,26.322796440050167 
 07/12  22:00:00,23.53221053962096,26.199383379340039 
 07/12  23:00:00,23.44756266369602,26.099028131500345 
 07/12  24:00:00,23.365282601040847,25.99596384611832 
 07/13  01:00:00,23.281698578837678,25.879534560961458 
 07/13  02:00:00,23.182663757497499,25.730001197011707 
 07/13  03:00:00,23.093208442768444,25.590071042641655 
 07/13  04:00:00,23.014767739280889,25.462810495576986 
 07/13  05:00:00,22.931243553082444,25.327005684191087 
 07/13  06:00:00,22.847340828958587,25.19291809254162 
 07/13  07:00:00,22.832362872281477,25.14395088821588 
 07/13  08:00:00,22.944493618194167,25.24261897071298 
 07/13  09:00:00,23.17994090911467,25.482524377439998 
 07/13  10:00:00,23.459332829048429,25.77695290636388 
 07/13  11:00:00,23.665595206326385,25.990118416867455 
 07/13  12:00:00,23.88648840718215,26.15959896870616 
 07/13  13:00:00,24.088651775954547,26.430797486536315 
 07/13  14:00:00,24.28823878142885,26.70817899886567 
 07/13  15:00:00,24.344418125342707,26.70921980436788 
 07/13  16:00:00,24.352080227251866,26.723688717977124 
 07/13  17:00:00,24.275352138893994,26.679139693810695 
 07/13  18:00:00,24.05997453869943,26.378967783166993 
 07/13  19:00:00,23.812547067115,26.121001178171349 
 07/13  20:00:00,23.552795183918556,25.874701546387173 
 07/13  21:00:00,23.345761641097025,25.601425382183299 
 07/13  22:00:00,23.219778592988538,25.466560247516204 
 07/13  23:00:00,23.121840167361865,25.377134390643034 
 07/13  24:00:00,23.002934256918207,25.17914506383593 
 07/14  01:00:00,22.913271564876895,25.066879824543095 
 07/14  02:00:00,22.839016632456596,24.99106464939174 
 07/14  03:00:00,22.751603093279575,24.822201777064956 
 07/14  04:00:00,22.691416575202994,24.73930499192447 
 07/14  05:00:00,22.64251669211335,24.69272600854553 
 07/14  06:00:00,22.59724244053518,24.582607327116926 
 07/14  07:00:00,22.61427703752247,24.59672302813131 
 07/14  08:00:00,22.740356868735267,24.74824560652225 
 07/14  09:00:00,23.003271609748979,25.04247119842088 
 07/14  10:00:00,23.260536077850696,25.30829490890804 
 07/14  11:00:00,23.65795220086007,25.777301556359349 
 07/14  12:00:00,23.943341389788516,26.135887183940207 
 07/14  13:00:00,24.22583042908036,26.481294306383547 
 07/14  14:00:00,24.464184545937209,26.80451602864209 
 07/14  15:00:00,24.63445235869571,27.074583138536484 
 07/14  16:00:00,24.63263548269535,27.188746088483727 
 07/14  17:00:00,24.463795911811258,27.113589654636855 
 07/14  18:00:00,24.194501688062528,26.888016334828419 
 07/14  19:00:00,23.89680841624254,26.61172259647444 
 07/14  20:00:00,23.615433480403646,26.354226852335754 
 07/14  21:00:00,23.39694834092952,26.15083053050484 
 07/14  22:00:00,23.283807732997518,26.05299298022227 
 07/14  23:00:00,23.217809499116606,25.997153577027495 
 07/14  24:00:00,23.155990520800566,25.929766417710458 
 07/15  01:00:00,23.08587807093815,25.83173033767377 
 07/15  02:00:00,23.00255464510572,25.69500454202347 
 07/15  03:00:00,22.922442053093535,25.55095249039231 
 07/15  04:00:00,22.85281817056199,25.421420796746906 
 07/15  05:00:00,22.799317691236444,25.31983647735644 
 07/15  06:00:00,22.744896762973096,25.214020228340073 
 07/15  07:00:00,22.7742690402324,25.209253092274225 
 07/15  08:00:00,22.961494089692246,25.377009753739494 
 07/15  09:00:00,23.248274977601377,25.63894611087101 
 07/15  10:00:00,23.64486095455294,26.071605717335193 
 07/15  11:00:00,23.976954850212377,26.43943523937117 
 07/15  12:00:00,24.31229680252006,26.806654990384368 
 07/15  13:00:00,24.5289902736979,27.094564783201734 
 07/15  14:00:00,24.640540726206667,27.28022013237886 
 07/15  15:00:00,24.664805033940078,27.357261170216167 
 07/15  16:00:00,24.63194496630755,27.366078867976868 
 07/15  17:00:00,24.52280491132026,27.29646810300028 
 07/15  18:00:00,24.331630837945228,27.126328776606838 
 07/15  19:00:00,24.064276227624089,26.858821357694795 
 07/15  20:00:00,23.785939645704329,26.5663518194978 
 07/15  21:00:00,23.57679661194391,26.331801514070987 
 07/15  22:00:00,23.445269923515263,26.17600112193659 
 07/15  23:00:00,23.353860649248455,26.063240364496499 
 07/15  24:00:00,23.2644673176743,25.94252477987997 
 07/16  01:00:00,23.161584545042783,25.787757981531827 
 07/16  02:00:00,23.061695773522297,25.624871942348539 
 07/16  03:00:00,23.01629885870417,25.470478533662697 
 07/16  04:00:00,22.89979353545197,25.294954318855117 
 07/16  05:00:00,22.749658460384024,25.102309903763897 
 07/16  06:00:00,22.677950304509087,24.92787365232135 
 07/16  07:00:00,22.668098222667305,24.87538094703999 
 07/16  08:00:00,22.983933676363308,25.213135024329107 
 07/16  09:00:00,23.66171115943476,25.90394307568557 
 07/16  10:00:00,24.376244714391789,26.71098308983978 
 07/16  11:00:00,24.596095229102198,26.970565600215033 
 07/16  12:00:00,24.805827270651784,27.22205760238483 
 07/16  13:00:00,25.04117326655805,27.505994294896757 
 07/16  14:00:00,25.427959282741186,28.029176248333767 
 07/16  15:00:00,25.757998068309296,28.492530439896329 
 07/16  16:00:00,25.989175301818095,28.84326050905747 
 07/16  17:00:00,26.067177366719258,29.00732811535546 
 07/16  18:00:00,25.94203450220047,28.956179163861156 
 07/16  19:00:00,25.419360552919807,28.430999445683378 
 07/16  20:00:00,24.870503187986956,27.867475141724826 
 07/16  21:00:00,24.542886888549874,27.547670962545696 
 07/16  22:00:00,24.116502493942119,27.130837383635887 
 07/16  23:00:00,23.87936904172714,26.896972937112566 
 07/16  24:00:00,23.73578180319984,26.72793964643217 
 07/17  01:00:00,23.616599593448755,26.557993319475214 
 07/17  02:00:00,23.514954623591565,26.39573361279504 
 07/17  03:00:00,23.424503976430377,26.23519359374538 
 07/17  04:00:00,23.264570896380826,25.988628953723365 
 07/17  05:00:00,23.066236588088964,25.707912747678458 
 07/17  06:00:00,22.85551653225976,25.425328572393604 
 07/17  07:00:00,23.076949993868486,25.62020954147736 
 07/17  08:00:00,23.950326264560738,26.472224247738504 
 07/17  09:00:00,24.968430110286019,27.483349011876184 
 07/17  10:00:00,25.82800776603073,28.530047406572007 
 07/17  11:00:00,26.059280751322349,28.8200597946141 
 07/17  12:00:00,26.50623582376008,29.390304872095578 
 07/17  13:00:00,26.785384400869675,29.798920771611735 
 07/17  14:00:00,27.163598469385236,30.31183777098601 
 07/17  15:00:00,27.563889583155246,30.859834784758247 
 07/17  16:00:00,27.80251541689594,31.277458281348986 
 07/17  17:00:00,27.715230217549658,31.45572413410452 
 07/17  18:00:00,27.266739213664267,31.14025657562403 
 07/17  19:00:00,26.737899146162648,30.709107473518566 
 07/17  20:00:00,26.046182768057237,30.07554691997789 
 07/17  21:00:00,25.7186776566013,29.761907060050605 
 07/17  22:00:00,25.26905410932533,29.306521688353038 
 07/17  23:00:00,25.0009963046309,29.027230522560914 
 07/17  24:00:00,24.817293186656998,28.797245677261427 
 07/18  01:00:00,24.65212477605932,28.549830196485073 
 07/18  02:00:00,24.472825248467705,28.26579404358515 
 07/18  03:00:00,24.309352740607513,27.989124927889603 
 07/18  04:00:00,24.16708846499282,27.732470775838047 
 07/18  05:00:00,24.03986961972952,27.490499259722623 
 07/18  06:00:00,23.91106430364598,27.243963501960726 
 07/18  07:00:00,23.957402103473098,27.215356709072837 
 07/18  08:00:00,24.618649552105699,27.875796468064825 
 07/18  09:00:00,25.751934729217845,28.95443704086772 
 07/18  10:00:00,26.338268632320806,29.626735732066764 
 07/18  11:00:00,26.650413353243498,29.98532778827824 
 07/18  12:00:00,27.03751905664292,30.493928236920934 
 07/18  13:00:00,27.203320428696427,30.75582380298376 
 07/18  14:00:00,27.281144118923618,30.92848314903959 
 07/18  15:00:00,27.353579912844397,31.13209510245776 
 07/18  16:00:00,27.2423750253139,31.124339762585696 
 07/18  17:00:00,26.943951637457525,30.876450114974369 
 07/18  18:00:00,26.589737765977256,30.523004550514714 
 07/18  19:00:00,26.116655039318706,30.059615195893455 
 07/18  20:00:00,25.769490455888616,29.74019508570788 
 07/18  21:00:00,25.296966423515714,29.00772083003161 
 07/18  22:00:00,25.147291772305019,28.974689507978018 
 07/18  23:00:00,25.051861521533398,28.97737041070025 
 07/18  24:00:00,24.882690811923,28.749871842880546 
 07/19  01:00:00,24.72971991679898,28.474677250039404 
 07/19  02:00:00,24.595608987103597,28.217193480796334 
 07/19  03:00:00,24.488348999818446,27.9961403255205 
 07/19  04:00:00,24.31413006135602,27.711493310700086 
 07/19  05:00:00,24.01336405247254,27.262544626099144 
 07/19  06:00:00,23.700569317811465,26.69157415669863 
 07/19  07:00:00,23.615419138473138,26.56764920712277 
 07/19  08:00:00,23.695106246597115,26.597839451856684 
 07/19  09:00:00,23.68471872491778,26.377219602007174 
 07/19  10:00:00,24.009834834015466,26.723381561120854 
 07/19  11:00:00,24.32909302464561,26.96276039563663 
 07/19  12:00:00,24.232164156017764,26.66755503042462 
 07/19  13:00:00,24.4870130331873,26.928397690384718 
 07/19  14:00:00,24.763018356909787,27.21693537998764 
 07/19  15:00:00,24.622281063656787,26.91940533512698 
 07/19  16:00:00,24.634784663080024,26.930574085246275 
 07/19  17:00:00,24.61659310248415,26.931188582551706 
 07/19  18:00:00,24.20249905189971,26.36179158078507 
 07/19  19:00:00,23.913658075653478,26.064660141666239 
 07/19  20:00:00,23.64089297976262,25.795373877325848 
 07/19  21:00:00,23.408736189465477,25.43270855085797 
 07/19  22:00:00,23.22329202873367,25.236220763627676 
 07/19  23:00:00,23.058820725496984,25.076474977764268 
 07/19  24:00:00,22.920231661164164,24.80536453312447 
 07/20  01:00:00,22.743240233242515,24.589852653711796 
 07/20  02:00:00,22.53857899626357,24.359254245622819 
 07/20  03:00:00,22.386835356920018,24.065336846733673 
 07/20  04:00:00,22.205957267979259,23.854109751406264 
 07/20  05:00:00,22.02825791153538,23.63984374592704 
 07/20  06:00:00,21.880651394913863,23.42586541624292 
 07/20  07:00:00,21.89302076563078,23.363827616253209 
 07/20  08:00:00,22.09014528597128,23.50713621940968 
 07/20  09:00:00,22.357487903584845,23.736087963158039 
 07/20  10:00:00,22.72379229432782,24.026087799878974 
 07/20  11:00:00,23.01272084618371,24.29326403397811 
 07/20  12:00:00,23.130735440279414,24.38651933153053 
 07/20  13:00:00,23.38937505303805,24.682028821783 
 07/20  14:00:00,23.626392355157376,24.964206656808988 
 07/20  15:00:00,23.701317051374809,25.08207416744396 
 07/20  16:00:00,23.637695500490474,25.072239148738015 
 07/20  17:00:00,23.48108218741742,24.978494486270866 
 07/20  18:00:00,23.236946034838739,24.793013843725054 
 07/20  19:00:00,22.98850093681129,24.56908749578432 
 07/20  20:00:00,22.589735860948218,24.200126177887264 
 07/20  21:00:00,22.29382266201885,23.928507914054959 
 07/20  22:00:00,22.146753878778129,23.8021179482181 
 07/20  23:00:00,22.05181790592384,23.709314249420769 
 07/20  24:00:00,21.971053837519429,23.616740185665269 
 07/21  01:00:00,21.87926411800491,23.49968676721794 
 07/21  02:00:00,21.77603448406527,23.362211911658286 
 07/21  03:00:00,21.679229524118879,23.227886358990366 
 07/21  04:00:00,21.58202259448534,23.09545900920005 
 07/21  05:00:00,21.49041555928951,22.97006760181618 
 07/21  06:00:00,21.400049583854938,22.8411635178893 
 07/21  07:00:00,21.431884117727436,22.83458327360184 
 07/21  08:00:00,21.78298957525304,23.185253844370764 
 07/21  09:00:00,22.38967279527936,23.826939991602616 
 07/21  10:00:00,23.20883863208277,24.65985634949252 
 07/21  11:00:00,24.183649875838549,25.735762661395989 
 07/21  12:00:00,24.580410817299297,26.263839267840788 
 07/21  13:00:00,25.13993688338887,26.999183647086999 
 07/21  14:00:00,25.344229473376104,27.388545610827536 
 07/21  15:00:00,25.937026731248815,28.110694063633255 
 07/21  16:00:00,26.821377367302515,29.31065501335545 
 07/21  17:00:00,27.49890296899828,30.26724101030711 
 07/21  18:00:00,27.863975953531666,30.944680507572654 
 07/21  19:00:00,26.79597821092547,30.326656873841459 
 07/21  20:00:00,25.635435751340287,29.462252620910577 
 07/21  21:00:00,25.19840399684326,29.15450064749867 
 07/21  22:00:00,24.85041689113642,28.876005824297175 
 07/21  23:00:00,24.346664956760784,28.472433198775478 
 07/21  24:00:00,24.077062314740738,28.200853826527003 
 07/22  01:00:00,23.94589801758955,27.999631151744415 
 07/22  02:00:00,23.813320944934515,27.76206734761213 
 07/22  03:00:00,23.668715899185647,27.508809338124235 
 07/22  04:00:00,23.51412236628322,27.235709738915778 
 07/22  05:00:00,23.36395196166588,26.95779661840263 
 07/22  06:00:00,23.224337832786998,26.70970282217351 
 07/22  07:00:00,23.329134566599813,26.716835544209247 
 07/22  08:00:00,23.840813071980344,27.192705579832663 
 07/22  09:00:00,24.380276108513358,27.706023602416495 
 07/22  10:00:00,25.087134006615714,28.443823489431588 
 07/22  11:00:00,25.455395009742995,28.794661542262604 
 07/22  12:00:00,25.960265248181707,29.359990688511929 
 07/22  13:00:00,26.429420603541556,29.81794420795793 
 07/22  14:00:00,27.108499193936149,30.65014955976968 
 07/22  15:00:00,27.711950027552179,31.42946691230498 
 07/22  16:00:00,28.40845460945737,32.24412354749868 
 07/22  17:00:00,29.202115158303607,33.298436767650347 
 07/22  18:00:00,29.481382881703458,33.75320946940228 
 07/22  19:00:00,28.75312944181024,33.34215638832349 
 07/22  20:00:00,27.624933780254396,32.29794967241742 
 07/22  21:00:00,26.915115560301829,31.679940668322617 
 07/22  22:00:00,26.54270517429237,31.369805121357694 
 07/22  23:00:00,26.048170113709256,30.894374948635574 
 07/22  24:00:00,25.79902470996722,30.607536710614555 
 07/23  01:00:00,25.67314964203388,30.406994318779657 
 07/23  02:00:00,25.533640702444797,30.167254580337095 
 07/23  03:00:00,25.37850686080537,29.8920778072457 
 07/23  04:00:00,25.24325324069689,29.636415150141074 
 07/23  05:00:00,25.118297155465674,29.38817783264387 
 07/23  06:00:00,25.0023973734487,29.146789066385183 
 07/23  07:00:00,25.06306911888553,29.128060322115613 
 07/23  08:00:00,25.559358899753478,29.634318026578137 
 07/23  09:00:00,26.58323998381939,30.670219363556759 
 07/23  10:00:00,27.55395849278049,31.77783868818379 
 07/23  11:00:00,28.038525937272789,32.20993698395048 
 07/23  12:00:00,28.48071652083318,32.66012642136045 
 07/23  13:00:00,28.96631956155816,33.30647689828999 
 07/23  14:00:00,29.114272507787356,33.60684093718321 
 07/23  15:00:00,29.182229302727924,33.82876965670621 
 07/23  16:00:00,29.065751484897004,33.922432928153927 
 07/23  17:00:00,28.785259337537537,33.865798731656628 
 07/23  18:00:00,28.492688342607896,33.712946864155629 
 07/23  19:00:00,28.049046502667495,33.445224486509747 
 07/23  20:00:00,27.65201917990497,33.11817477815256 
 07/23  21:00:00,27.301562024524203,32.78689845574429 
 07/23  22:00:00,27.072455229220617,32.53938824499552 
 07/23  23:00:00,26.9119961924795,32.320637553019967 
 07/23  24:00:00,26.75729444148601,32.06571668074251 
 07/24  01:00:00,26.605097048698857,31.800550687081807 
 07/24  02:00:00,26.46243703712551,31.537935174390044 
 07/24  03:00:00,26.328203786377057,31.272123982095356 
 07/24  04:00:00,26.197773219084725,31.028244095610828 
 07/24  05:00:00,25.976024633725495,30.596104272450025 
 07/24  06:00:00,25.776848953315978,30.24661393229656 
 07/24  07:00:00,25.717795980764178,30.078563303689206 
 07/24  08:00:00,25.87964830941588,30.157584029113776 
 07/24  09:00:00,26.16769941510033,30.371256262990003 
 07/24  10:00:00,26.451967736626114,30.583974292052198 
 07/24  11:00:00,26.671014063797057,30.737414287806698 
 07/24  12:00:00,26.7949647458643,30.79497217276421 
 07/24  13:00:00,27.316432814248136,31.367965490202864 
 07/24  14:00:00,28.060362458339257,32.190695089091779 
 07/24  15:00:00,28.595368869098473,32.77005303322407 
 07/24  16:00:00,29.463528519002993,33.66578878284287 
 07/24  17:00:00,30.21674954428606,34.60654535616409 
 07/24  18:00:00,30.254501883012805,34.74714049076803 
 07/24  19:00:00,29.73421505744628,34.483330817319117 
 07/24  20:00:00,28.513544776154079,33.30284592359043 
 07/24  21:00:00,27.767018694536988,32.57470578737208 
 07/24  22:00:00,27.37560621232898,32.19956218811396 
 07/24  23:00:00,26.86807707977674,31.703018847975405 
 07/24  24:00:00,26.670701091422339,31.447688459685087 
 07/25  01:00:00,26.555832630396315,31.260198389131568 
 07/25  02:00:00,26.42729197011186,31.043079506051059 
 07/25  03:00:00,26.338501701829267,30.866078189730979 
 07/25  04:00:00,26.209187304201384,30.609599321133947 
 07/25  05:00:00,26.06231516016376,30.328657931890544 
 07/25  06:00:00,25.906458698327364,29.86900353493261 
 07/25  07:00:00,25.854896071264045,29.78508749968309 
 07/25  08:00:00,25.928351820685849,29.858100436113764 
 07/25  09:00:00,26.050491263122625,29.756616431746776 
 07/25  10:00:00,26.551849852742973,30.356285476721909 
 07/25  11:00:00,27.323368400394878,31.15846076898886 
 07/25  12:00:00,28.200770520771333,32.20371691070676 
 07/25  13:00:00,28.547565274869588,32.58214859925897 
 07/25  14:00:00,28.801736247258896,32.89932113993782 
 07/25  15:00:00,29.079827186090559,33.31946598509297 
 07/25  16:00:00,29.37165500345668,33.6725604483664 
 07/25  17:00:00,29.880188796692634,34.294984885092109 
 07/25  18:00:00,30.342757174344315,34.83190820074193 
 07/25  19:00:00,29.763867945694533,34.41543615793742 
 07/25  20:00:00,28.83932881519367,33.52067861601271 
 07/25  21:00:00,28.26053380254639,32.93897679283391 
 07/25  22:00:00,27.922628932241368,32.587219453485499 
 07/25  23:00:00,27.45719043167861,32.08927438648216 
 07/25  24:00:00,27.201151373848587,31.800337913859886 
 07/26  01:00:00,27.028155571757414,31.56507871154172 
 07/26  02:00:00,26.838434771550828,31.28508726043244 
 07/26  03:00:00,26.672680084586874,31.0332255604675 
 07/26  04:00:00,26.436444876437187,30.674213584871724 
 07/26  05:00:00,26.25426558008024,30.3824255448791 
 07/26  06:00:00,26.087534379680375,30.104018691313209 
 07/26  07:00:00,26.352122326776109,30.338271449208834 
 07/26  08:00:00,27.28806789143034,31.234245982863198 
 07/26  09:00:00,28.30869887068303,32.313951970928567 
 07/26  10:00:00,29.24591134627206,33.38838821470161 
 07/26  11:00:00,29.627961167240686,33.841215305611118 
 07/26  12:00:00,29.6781161403384,33.9228015360856 
 07/26  13:00:00,29.606245957699266,33.89123858816106 
 07/26  14:00:00,29.62247111719346,33.960200309809788 
 07/26  15:00:00,30.074582744547159,34.64265646140148 
 07/26  16:00:00,30.966839415664663,35.737387969524998 
 07/26  17:00:00,31.723912441647799,36.88900753446296 
 07/26  18:00:00,31.740545052493486,37.09410980729436 
 07/26  19:00:00,31.066690482348084,36.692219781591919 
 07/26  20:00:00,29.917255123612948,35.58873761564323 
 07/26  21:00:00,29.156005508522126,34.81722822509785 
 07/26  22:00:00,28.773352490554893,34.407341038313578 
 07/26  23:00:00,28.26624436552816,33.868205938813797 
 07/26  24:00:00,28.059055363377703,33.596301253978669 
 07/27  01:00:00,27.904224496064303,33.34326426325912 
 07/27  02:00:00,27.74445572126567,33.05648724992357 
 07/27  03:00:00,27.60082627017554,32.7746752254425 
 07/27  04:00:00,27.468509076030615,32.518402447984417 
 07/27  05:00:00,27.25635379399024,32.12343095984646 
 07/27  06:00:00,27.07771720928664,31.798665769094776 
 07/27  07:00:00,26.993360883555814,31.593299033317004 
 07/27  08:00:00,27.05154506433891,31.54918056792557 
 07/27  09:00:00,27.228962900353339,31.644225838935815 
 07/27  10:00:00,27.525274470554835,31.920738468593365 
 07/27  11:00:00,27.994845191126463,32.369684611391367 
 07/27  12:00:00,28.437735805624287,32.83695620680676 
 07/27  13:00:00,28.80578661295796,33.248345309022898 
 07/27  14:00:00,29.15801569914329,33.63640256158247 
 07/27  15:00:00,29.532320259084515,34.07625920970999 
 07/27  16:00:00,29.830861197159508,34.44067569474256 
 07/27  17:00:00,30.02487197287963,34.68089321481926 
 07/27  18:00:00,30.005667266354643,34.68944855991847 
 07/27  19:00:00,29.485892355756019,34.16619388233599 
 07/27  20:00:00,28.645334885098156,33.22740226414238 
 07/27  21:00:00,28.066036289760669,32.617980954735518 
 07/27  22:00:00,27.73335553801156,32.266718145626217 
 07/27  23:00:00,27.299407313891643,31.81066969278646 
 07/27  24:00:00,27.059221659871399,31.517276372438738 
 07/28  01:00:00,26.891212802335795,31.27243554914342 
 07/28  02:00:00,26.71784602635281,31.015026208024428 
 07/28  03:00:00,26.53100705930587,30.738883551070079 
 07/28  04:00:00,26.370445155640178,30.47130865648701 
 07/28  05:00:00,26.22350902369609,30.207216355401028 
 07/28  06:00:00,26.08805896342766,29.958326413193907 
 07/28  07:00:00,26.05812540834321,29.85252632662987 
 07/28  08:00:00,26.447994038823965,30.246714389047115 
 07/28  09:00:00,27.325575281712596,31.081596050660914 
 07/28  10:00:00,28.306993889363669,32.1564614003839 
 07/28  11:00:00,28.825093067681885,32.75983618061459 
 07/28  12:00:00,29.09666786914555,33.11991197489924 
 07/28  13:00:00,29.479504945909615,33.66622519088722 
 07/28  14:00:00,29.73883239416228,34.079896654476069 
 07/28  15:00:00,30.19959753789332,34.70551381126274 
 07/28  16:00:00,30.866642398272555,35.61465690204988 
 07/28  17:00:00,31.33312500362634,36.28484692526703 
 07/28  18:00:00,31.364101358885227,36.457051996412 
 07/28  19:00:00,30.69050492374501,36.0433364755973 
 07/28  20:00:00,29.549837558449597,34.95213850840604 
 07/28  21:00:00,28.797120928884217,34.20659343473541 
 07/28  22:00:00,28.424796704416168,33.8355662074262 
 07/28  23:00:00,27.915841392097485,33.31980651257638 
 07/28  24:00:00,27.719560524427878,33.058280439045578 
 07/29  01:00:00,27.481827049327998,32.705971305147347 
 07/29  02:00:00,27.234583897248194,32.319002967040898 
 07/29  03:00:00,26.979015348502608,31.90615504482185 
 07/29  04:00:00,26.80226285208169,31.58812632944952 
 07/29  05:00:00,26.66992467722074,31.319422289393889 
 07/29  06:00:00,26.561672125955515,31.078975931404409 
 07/29  07:00:00,26.551758602924229,30.946620511631328 
 07/29  08:00:00,26.745887184861926,31.054156901845578 
 07/29  09:00:00,27.068949443611566,31.32837178547227 
 07/29  10:00:00,27.511416355998198,31.72727855188024 
 07/29  11:00:00,27.89176014170061,32.115240102154277 
 07/29  12:00:00,28.258519334854364,32.51040907625506 
 07/29  13:00:00,28.509522959713747,32.79990874632695 
 07/29  14:00:00,28.671395216711156,32.99748261219113 
 07/29  15:00:00,28.75420121500851,33.12102282250005 
 07/29  16:00:00,28.705415438123624,33.08943507570677 
 07/29  17:00:00,28.493589429046766,32.85884024642414 
 07/29  18:00:00,28.166170416834399,32.49085682375168 
 07/29  19:00:00,27.7276731739208,31.991336253869379 
 07/29  20:00:00,27.262574928675038,31.4920666678731 
 07/29  21:00:00,26.829471940761054,31.016272676250737 
 07/29  22:00:00,26.559881518070669,30.72189004667908 
 07/29  23:00:00,26.367231202674846,30.486553377998044 
 07/29  24:00:00,26.19319396495154,30.24904297689099 
 07/30  01:00:00,26.07224573297514,30.05550746988064 
 07/30  02:00:00,25.97450338702684,29.871016385768319 
 07/30  03:00:00,25.902357538939126,29.712590829499079 
 07/30  04:00:00,25.780006482802034,29.483716602368664 
 07/30  05:00:00,25.643462571649179,29.24590992723679 
 07/30  06:00:00,25.50303169537118,29.008787805512158 
 07/30  07:00:00,25.47938473099884,28.92574230166342 
 07/30  08:00:00,25.686790171588279,29.098086905061757 
 07/30  09:00:00,26.105168748759696,29.541598502438803 
 07/30  10:00:00,26.780552377413394,30.234140666454758 
 07/30  11:00:00,27.53120054030021,31.055429022735916 
 07/30  12:00:00,28.103375438799828,31.74395318338649 
 07/30  13:00:00,28.413496623230807,32.152131110411897 
 07/30  14:00:00,28.88090041820659,32.80503210638477 
 07/30  15:00:00,29.314801324308648,33.29645115232895 
 07/30  16:00:00,29.72601473275702,34.00468168694266 
 07/30  17:00:00,29.685431669075738,34.107591743430379 
 07/30  18:00:00,29.486164966812554,34.09071426082178 
 07/30  19:00:00,28.953158403813548,33.660183423546488 
 07/30  20:00:00,28.224401993466097,32.93013529625213 
 07/30  21:00:00,27.550863549086324,32.21075028785914 
 07/30  22:00:00,27.373033518912857,32.0690769234791 
 07/30  23:00:00,27.136284401695197,31.84692984852903 
 07/30  24:00:00,26.885221975268079,31.562227770393389 
 07/31  01:00:00,26.71959238200596,31.32336708443036 
 07/31  02:00:00,26.593947265024047,31.099097344883615 
 07/31  03:00:00,26.4776154156052,30.877027425941635 
 07/31  04:00:00,26.372827328814503,30.674037155759625 
 07/31  05:00:00,26.270458332824786,30.47687332830576 
 07/31  06:00:00,26.182707685321117,30.297495050831747 
 07/31  07:00:00,26.133950680438386,30.161438129744064 
 07/31  08:00:00,26.23128414782969,30.197533242343807 
 07/31  09:00:00,26.51965288813939,30.457781637888279 
 07/31  10:00:00,26.8030606854497,30.735060704174587 
 07/31  11:00:00,27.15062282819552,31.112485107794137 
 07/31  12:00:00,27.3576296803917,31.35502140400471 
 07/31  13:00:00,27.626171556840626,31.620996914236238 
 07/31  14:00:00,28.079020359395746,32.1688417173434 
 07/31  15:00:00,28.473896635073964,32.666985418654409 
 07/31  16:00:00,28.484141496160477,32.75861249346483 
 07/31  17:00:00,28.114140525197756,32.39034902386088 
 07/31  18:00:00,27.648098187624428,31.871509202428308 
 07/31  19:00:00,27.25688766905875,31.41247690924076 
 07/31  20:00:00,26.905118058108064,31.033373030338454 
 07/31  21:00:00,26.671047248534344,30.805248668443288 
 07/31  22:00:00,26.488374325112635,30.609186097144709 
 07/31  23:00:00,26.319783484639875,30.395735768515846 
 07/31  24:00:00,26.145527040962425,30.153453216239073 
 08/01  01:00:00,25.872837309414849,29.815383166457495 
 08/01  02:00:00,25.594690847602274,29.43349085056826 
 08/01  03:00:00,25.40667848955186,29.143413919739879 
 08/01  04:00:00,25.255315746482514,28.89563584342876 
 08/01  05:00:00,25.109091965529136,28.653157272843225 
 08/01  06:00:00,24.948309698223466,28.387485612120984 
 08/01  07:00:00,25.109442105656428,28.508658914281335 
 08/01  08:00:00,26.109356281616735,29.46052860172289 
 08/01  09:00:00,27.471748912505136,30.829921448191237 
 08/01  10:00:00,28.33159234751162,31.847544098855285 
 08/01  11:00:00,28.69273772356995,32.34549606678257 
 08/01  12:00:00,28.928318787517619,32.686209144841928 
 08/01  13:00:00,29.30993095913997,33.250658273315718 
 08/01  14:00:00,29.58322707912827,33.7168771142617 
 08/01  15:00:00,29.902330923332167,34.20894377957039 
 08/01  16:00:00,30.220709524108476,34.749129871673009 
 08/01  17:00:00,30.363901804068406,35.15034554626481 
 08/01  18:00:00,30.16358645701893,35.19147741721303 
 08/01  19:00:00,29.503964146652959,34.62547045905613 
 08/01  20:00:00,28.61919192635341,33.73586143745145 
 08/01  21:00:00,28.014378592939076,33.057365499287 
 08/01  22:00:00,27.735141160326987,32.76185869891671 
 08/01  23:00:00,27.246085664366903,32.221285864939918 
 08/01  24:00:00,26.928614954140543,31.841954776076304 
 08/02  01:00:00,26.61109023349399,31.41391228094572 
 08/02  02:00:00,26.28213665025979,30.939547020463637 
 08/02  03:00:00,25.957200159844964,30.458719158259627 
 08/02  04:00:00,25.69352252554851,30.04514137461227 
 08/02  05:00:00,25.466305079907845,29.66231155012484 
 08/02  06:00:00,25.23745668578359,29.265969212042827 
 08/02  07:00:00,25.36748966196889,29.244394271830048 
 08/02  08:00:00,25.80082849166623,29.616109006170647 
 08/02  09:00:00,26.23467963562605,29.947954718774559 
 08/02  10:00:00,26.599006648769149,30.259615933706685 
 08/02  11:00:00,27.024166956573845,30.687144497485514 
 08/02  12:00:00,27.416728090800868,31.109122409870147 
 08/02  13:00:00,27.703716587731657,31.417588638376598 
 08/02  14:00:00,27.878437305053187,31.623689043534445 
 08/02  15:00:00,27.97793926536747,31.771762874664817 
 08/02  16:00:00,27.927532689985435,31.73248426544648 
 08/02  17:00:00,27.700590869363486,31.49268781520214 
 08/02  18:00:00,27.361043704518548,31.134685463118303 
 08/02  19:00:00,26.847977815311766,30.584714107579236 
 08/02  20:00:00,26.393733968517304,30.113328055242194 
 08/02  21:00:00,26.011827835768004,29.707718984640957 
 08/02  22:00:00,25.7496472575613,29.427097947023055 
 08/02  23:00:00,25.53720418882229,29.180896541674625 
 08/02  24:00:00,25.33646676244947,28.926536302017678 
 08/03  01:00:00,25.176018317783674,28.677758733897627 
 08/03  02:00:00,25.03370223132871,28.42828277753093 
 08/03  03:00:00,24.898718977857226,28.186571782050863 
 08/03  04:00:00,24.765954408869005,27.958766072404527 
 08/03  05:00:00,24.6573135514299,27.764331301337227 
 08/03  06:00:00,24.54858077317509,27.569422792152055 
 08/03  07:00:00,24.588017633911489,27.548646763118425 
 08/03  08:00:00,25.466146442724268,28.392177195781039 
 08/03  09:00:00,26.81398353295716,29.76374778320888 
 08/03  10:00:00,27.661802305614374,30.699380676239945 
 08/03  11:00:00,28.01632070302311,31.180585659216168 
 08/03  12:00:00,28.297017621810697,31.595457983370669 
 08/03  13:00:00,28.592916832490546,32.099570127262257 
 08/03  14:00:00,28.78769681979354,32.485031291105148 
 08/03  15:00:00,29.19653149183246,33.09903630612494 
 08/03  16:00:00,29.729927464089778,33.81840672583808 
 08/03  17:00:00,30.268617804016345,34.702295844275557 
 08/03  18:00:00,30.287312210339747,34.90797625805827 
 08/03  19:00:00,29.463936570208767,34.35686255498466 
 08/03  20:00:00,28.47287591684356,33.41271512474071 
 08/03  21:00:00,27.81205219126409,32.79437521625957 
 08/03  22:00:00,27.460135472922916,32.42780600230962 
 08/03  23:00:00,27.000795222680794,31.94449565896776 
 08/03  24:00:00,26.80282897121471,31.67591569834477 
 08/04  01:00:00,26.625748244502565,31.420730973763424 
 08/04  02:00:00,26.43978704906982,31.14754257398988 
 08/04  03:00:00,26.26910409493511,30.87734145210761 
 08/04  04:00:00,26.137428704098985,30.61837982360242 
 08/04  05:00:00,26.02561964156138,30.368232375245019 
 08/04  06:00:00,25.930174787387018,30.141920359434818 
 08/04  07:00:00,25.889050803491498,29.995806617601926 
 08/04  08:00:00,26.049874483068224,30.091970635792575 
 08/04  09:00:00,26.446593170906618,30.485185221076937 
 08/04  10:00:00,27.056749920695343,31.088815992355547 
 08/04  11:00:00,27.85550280786883,31.978830959923714 
 08/04  12:00:00,28.4468604751264,32.661927514522847 
 08/04  13:00:00,28.76615230429796,32.98314674777433 
 08/04  14:00:00,29.214853574632753,33.545948209180398 
 08/04  15:00:00,29.648981067975968,34.055688687518479 
 08/04  16:00:00,30.179508375112677,34.80487837099131 
 08/04  17:00:00,29.939218682550459,34.79133609378156 
 08/04  18:00:00,29.11610442296687,34.00250267620366 
 08/04  19:00:00,28.39107058455536,33.31046596144495 
 08/04  20:00:00,27.972699589874197,32.92124562759623 
 08/04  21:00:00,27.36639260275816,32.297561247570559 
 08/04  22:00:00,27.105173654112038,32.03525168051752 
 08/04  23:00:00,26.90919616166623,31.800441296937679 
 08/04  24:00:00,26.706504894738907,31.51168164569724 
 08/05  01:00:00,26.549842974459744,31.269608319858035 
 08/05  02:00:00,26.31584159259877,30.915302543879954 
 08/05  03:00:00,26.13828306982677,30.625318612869486 
 08/05  04:00:00,26.029403632857563,30.39942653564864 
 08/05  05:00:00,25.945054556586127,30.18788645310033 
 08/05  06:00:00,25.88745323143567,30.01172353461013 
 08/05  07:00:00,25.884637577444285,29.89993784279773 
 08/05  08:00:00,26.0359083105998,29.958593500571597 
 08/05  09:00:00,26.315737562791015,30.212445745487864 
 08/05  10:00:00,26.72137207675526,30.580227324246274 
 08/05  11:00:00,27.041052248091398,30.906302187885424 
 08/05  12:00:00,27.306678114495086,31.210951526253884 
 08/05  13:00:00,27.43402820243748,31.357651645371626 
 08/05  14:00:00,27.452584223568583,31.358858744759467 
 08/05  15:00:00,27.349450812000524,31.06393503092392 
 08/05  16:00:00,27.271793801362735,30.976137648350986 
 08/05  17:00:00,27.146183856253804,30.9151804664141 
 08/05  18:00:00,26.898552788952885,30.527487928706607 
 08/05  19:00:00,26.529523158164986,30.152420263528496 
 08/05  20:00:00,26.223927702724095,29.8589968264777 
 08/05  21:00:00,25.97129360343282,29.539468158823597 
 08/05  22:00:00,25.810452843031745,29.334099786166545 
 08/05  23:00:00,25.69399451951894,29.179210028777186 
 08/05  24:00:00,25.587901495532817,29.023066769298816 
 08/06  01:00:00,25.474055382666358,28.85155047130586 
 08/06  02:00:00,25.35385500129383,28.672224613701613 
 08/06  03:00:00,25.237196495307843,28.49780680099856 
 08/06  04:00:00,25.12966469833207,28.332580770009657 
 08/06  05:00:00,25.0286404387518,28.17586333970606 
 08/06  06:00:00,24.928346395041456,28.02102939700469 
 08/06  07:00:00,24.86883341975797,27.916086425302639 
 08/06  08:00:00,24.9302961473484,27.954699854756769 
 08/06  09:00:00,25.127111117744528,28.142149944420689 
 08/06  10:00:00,25.396088353207028,28.410305325086474 
 08/06  11:00:00,25.665434753606975,28.688525833452773 
 08/06  12:00:00,25.924189566102414,28.972902535785978 
 08/06  13:00:00,26.24698734672414,29.336571580177126 
 08/06  14:00:00,26.753861370614229,29.962614777299107 
 08/06  15:00:00,27.168088098741149,30.472832487524039 
 08/06  16:00:00,27.321570423606386,30.74053245666232 
 08/06  17:00:00,27.17944047931528,30.702308988526828 
 08/06  18:00:00,26.854245243499706,30.4236390534815 
 08/06  19:00:00,26.33892828148492,29.89690677131197 
 08/06  20:00:00,25.920735610834389,29.416304644074388 
 08/06  21:00:00,25.627241716668786,29.10857801622332 
 08/06  22:00:00,25.44590783977392,28.947847616935243 
 08/06  23:00:00,25.311859302424087,28.826256218207406 
 08/06  24:00:00,25.194124338497283,28.692899268481115 
 08/07  01:00:00,25.08133959141055,28.54454343562988 
 08/07  02:00:00,24.97341132237775,28.38960724782537 
 08/07  03:00:00,24.87162100962443,28.235740930438366 
 08/07  04:00:00,24.771842014956868,28.075411725346176 
 08/07  05:00:00,24.683431857917407,27.924968110594095 
 08/07  06:00:00,24.60079286958785,27.78228766006428 
 08/07  07:00:00,24.574965530107549,27.71673881444466 
 08/07  08:00:00,24.76774988039269,27.893187069826565 
 08/07  09:00:00,25.184090763838328,28.311473631559676 
 08/07  10:00:00,25.706976501518317,28.83575612738589 
 08/07  11:00:00,26.375933230952449,29.64384910488225 
 08/07  12:00:00,26.852871983832434,30.236786304718078 
 08/07  13:00:00,27.15236052289621,30.5759994626043 
 08/07  14:00:00,27.65871254947942,31.21124682980542 
 08/07  15:00:00,28.005896873396599,31.682215663815599 
 08/07  16:00:00,28.142687493451818,31.995424376686335 
 08/07  17:00:00,27.99121936198827,32.013205256943539 
 08/07  18:00:00,27.60388987806415,31.724388316369269 
 08/07  19:00:00,27.049203759147816,31.24918769892797 
 08/07  20:00:00,26.540673808822214,30.72975868167545 
 08/07  21:00:00,26.13801480629388,30.32117972879171 
 08/07  22:00:00,25.908789183577679,30.095211534608496 
 08/07  23:00:00,25.759027653003967,29.935145010127138 
 08/07  24:00:00,25.611726226255106,29.73664445963106 
 08/08  01:00:00,25.488876753986099,29.562996389130217 
 08/08  02:00:00,25.38218695066254,29.397700684275749 
 08/08  03:00:00,25.3055066390587,29.256259256062749 
 08/08  04:00:00,25.20466064715796,29.06424250860196 
 08/08  05:00:00,25.09101200456217,28.847905052534466 
 08/08  06:00:00,24.982060932235766,28.63978362663826 
 08/08  07:00:00,24.964352658975917,28.552959595768475 
 08/08  08:00:00,25.127883346728966,28.69202473980206 
 08/08  09:00:00,25.44806907980834,29.00665942334874 
 08/08  10:00:00,26.012708778656486,29.606016247475077 
 08/08  11:00:00,26.53512829548929,30.093456597202644 
 08/08  12:00:00,27.242561174766359,30.89575756275447 
 08/08  13:00:00,27.544680109441836,31.250352149398205 
 08/08  14:00:00,27.997110838482297,31.829132827561183 
 08/08  15:00:00,28.229928946029888,32.16392809676095 
 08/08  16:00:00,28.514740468135704,32.5506182517785 
 08/08  17:00:00,28.746558517007999,32.93812825625342 
 08/08  18:00:00,28.769985778436238,33.106618998500298 
 08/08  19:00:00,28.16903760059708,32.59807447876316 
 08/08  20:00:00,27.476420715306074,31.89693951047404 
 08/08  21:00:00,26.753908647450989,31.100998836128889 
 08/08  22:00:00,26.56336498197993,30.917498951098346 
 08/08  23:00:00,26.309177544805864,30.654470707101937 
 08/08  24:00:00,26.09450639657495,30.39675606337721 
 08/09  01:00:00,25.88925578378249,30.12296657994075 
 08/09  02:00:00,25.706446106829174,29.847866708655454 
 08/09  03:00:00,25.559314528569418,29.599692299965754 
 08/09  04:00:00,25.423210743080657,29.361350238990057 
 08/09  05:00:00,25.28221776996436,29.11212303300132 
 08/09  06:00:00,25.142809994275326,28.863334565819274 
 08/09  07:00:00,25.17270746871511,28.813888819101263 
 08/09  08:00:00,25.690299587644124,29.320216492930514 
 08/09  09:00:00,26.48963523217822,30.093420865344066 
 08/09  10:00:00,27.39697181524536,31.03200943600278 
 08/09  11:00:00,28.324338153618404,32.186026628388429 
 08/09  12:00:00,28.688141481180698,32.613906457247427 
 08/09  13:00:00,28.994470288150717,33.00453130030951 
 08/09  14:00:00,29.447856378049545,33.64263826276612 
 08/09  15:00:00,29.8485305957214,34.173598335217409 
 08/09  16:00:00,30.57377284560817,35.15182291804448 
 08/09  17:00:00,31.06821244482505,35.9096818515749 
 08/09  18:00:00,31.080624101004689,36.118956150257648 
 08/09  19:00:00,29.959846559187605,35.225250497747527 
 08/09  20:00:00,28.871992458105358,34.162014181218648 
 08/09  21:00:00,28.353251636845714,33.5924481265975 
 08/09  22:00:00,28.021499042998735,33.25964839034681 
 08/09  23:00:00,27.53428523329322,32.74924618514888 
 08/09  24:00:00,27.276854970360515,32.470215662893938 
 08/10  01:00:00,27.067622371810214,32.17128063283703 
 08/10  02:00:00,26.90517236196817,31.88400437531204 
 08/10  03:00:00,26.675722250638587,31.489865321684595 
 08/10  04:00:00,26.5145593196629,31.194907329057036 
 08/10  05:00:00,26.375506870769106,30.921110718248433 
 08/10  06:00:00,26.22559066088546,30.6332373435335 
 08/10  07:00:00,26.222136231231017,30.52575972071506 
 08/10  08:00:00,26.475568389840999,30.712930238003517 
 08/10  09:00:00,26.752824431868978,30.954452310934394 
 08/10  10:00:00,27.492523858552013,31.668167627115339 
 08/10  11:00:00,28.497804185355294,32.70689214769466 
 08/10  12:00:00,28.99033339218867,33.25983809891683 
 08/10  13:00:00,29.62710101843686,34.116720960520527 
 08/10  14:00:00,29.88742666464102,34.46393830683115 
 08/10  15:00:00,30.469710857636238,35.239016577894009 
 08/10  16:00:00,31.071686348282463,36.02849533912395 
 08/10  17:00:00,31.456159246686405,36.66937422117639 
 08/10  18:00:00,31.466687167083668,36.91413158195625 
 08/10  19:00:00,30.534554673210175,36.24599331143689 
 08/10  20:00:00,29.558918109362005,35.28136266173368 
 08/10  21:00:00,28.921748847066163,34.65052308468364 
 08/10  22:00:00,28.544484819418377,34.261618541822638 
 08/10  23:00:00,28.05819009996341,33.747700696301198 
 08/10  24:00:00,27.8362973714485,33.47327334581582 
 08/11  01:00:00,27.6374473732503,33.18573922997712 
 08/11  02:00:00,27.454939070693756,32.899407328862569 
 08/11  03:00:00,27.21468002057262,32.510074687359949 
 08/11  04:00:00,27.05717873193792,32.19982578784595 
 08/11  05:00:00,26.891739534897824,31.857266947680615 
 08/11  06:00:00,26.735103710080055,31.525408322008809 
 08/11  07:00:00,26.846782553570639,31.531145169806917 
 08/11  08:00:00,27.84429210122321,32.45799700198911 
 08/11  09:00:00,29.104891985243556,33.712631458071658 
 08/11  10:00:00,29.94504249844329,34.632554535903079 
 08/11  11:00:00,30.375494180290326,35.20806681022469 
 08/11  12:00:00,30.68595537434757,35.60105733937564 
 08/11  13:00:00,31.06719925691462,36.127036830571487 
 08/11  14:00:00,31.30469519475209,36.481190857937878 
 08/11  15:00:00,31.470856484251536,36.841012040647587 
 08/11  16:00:00,31.551258364656954,37.12635667106568 
 08/11  17:00:00,31.500118072551364,37.27254389483476 
 08/11  18:00:00,31.180558027945229,37.07990334571194 
 08/11  19:00:00,30.4836091344219,36.368016658556758 
 08/11  20:00:00,29.726062121403083,35.53352215232603 
 08/11  21:00:00,29.267654705573514,34.97333887322091 
 08/11  22:00:00,28.991187272792947,34.65301371576417 
 08/11  23:00:00,28.522142318392647,34.09003661702136 
 08/11  24:00:00,28.162642643765748,33.65333254118916 
 08/12  01:00:00,27.944994372469656,33.33204426329911 
 08/12  02:00:00,27.80014189555615,33.063817277850329 
 08/12  03:00:00,27.663119995257384,32.7830722161437 
 08/12  04:00:00,27.51149067828252,32.498604307495359 
 08/12  05:00:00,27.303764550527064,32.11492019585462 
 08/12  06:00:00,27.115537773918964,31.77429013319072 
 08/12  07:00:00,27.160422213999199,31.73397490667527 
 08/12  08:00:00,27.71423347802922,32.27276253815258 
 08/12  09:00:00,28.26579103534265,32.8249789692362 
 08/12  10:00:00,28.955901835222247,33.57357652556688 
 08/12  11:00:00,29.323429610367368,33.94831540092406 
 08/12  12:00:00,29.793400850364713,34.50663893689212 
 08/12  13:00:00,30.11365646164451,34.88789929558613 
 08/12  14:00:00,30.490852679272114,35.36378479122739 
 08/12  15:00:00,30.885137486235565,35.88948790942581 
 08/12  16:00:00,30.882416183943428,35.994800540884508 
 08/12  17:00:00,30.387655646398096,35.48249497150344 
 08/12  18:00:00,29.80631178622476,34.858335460495599 
 08/12  19:00:00,29.117506207456459,34.107258351146118 
 08/12  20:00:00,28.780022756995039,33.805062546215257 
 08/12  21:00:00,28.238748150056059,33.008567511818139 
 08/12  22:00:00,27.97190141483326,32.845295067209438 
 08/12  23:00:00,27.78098030885989,32.70815487087687 
 08/12  24:00:00,27.599518279322355,32.406733516068559 
 08/13  01:00:00,27.34256066706641,32.03612498488106 
 08/13  02:00:00,27.167585790032399,31.753575941209733 
 08/13  03:00:00,26.97841358028198,31.434526837799603 
 08/13  04:00:00,26.81643006874635,31.15129902872942 
 08/13  05:00:00,26.66298011290832,30.872913663228457 
 08/13  06:00:00,26.516605226200754,30.605672906142546 
 08/13  07:00:00,26.456119176571595,30.450363111487325 
 08/13  08:00:00,26.544796234850499,30.472547637386627 
 08/13  09:00:00,26.73479176310339,30.60733019725539 
 08/13  10:00:00,26.986205120872755,30.8130478161303 
 08/13  11:00:00,27.227041086858347,31.039060530378039 
 08/13  12:00:00,27.078371820184864,30.60343573838167 
 08/13  13:00:00,27.39635187870844,30.999050048324429 
 08/13  14:00:00,27.653178340266604,31.411746098221835 
 08/13  15:00:00,27.3732599491994,30.827257709101568 
 08/13  16:00:00,27.35198937334332,30.813539427526654 
 08/13  17:00:00,27.262423410908899,30.79703322682619 
 08/13  18:00:00,26.812426674707468,30.09491041174411 
 08/13  19:00:00,26.57791948350387,29.917424784898239 
 08/13  20:00:00,26.221964014536228,29.536142033892433 
 08/13  21:00:00,25.93547908980519,29.075165432240593 
 08/13  22:00:00,25.800910772139337,28.943490437502079 
 08/13  23:00:00,25.703085386224669,28.87165458512846 
 08/13  24:00:00,25.494946721169307,28.48812372362049 
 08/14  01:00:00,25.398178774167595,28.387056087256764 
 08/14  02:00:00,25.31029222765833,28.319939977533026 
 08/14  03:00:00,25.11871903766231,27.95672469943575 
 08/14  04:00:00,25.01370270460957,27.840315069313463 
 08/14  05:00:00,24.92997572887204,27.757047890766509 
 08/14  06:00:00,24.794290238325727,27.49927667808929 
 08/14  07:00:00,24.72163801009496,27.39209716795044 
 08/14  08:00:00,24.768112544338267,27.43728414572916 
 08/14  09:00:00,24.906682124364726,27.514773047749406 
 08/14  10:00:00,25.14808277377525,27.768357586185294 
 08/14  11:00:00,25.414576443376956,28.065841592471327 
 08/14  12:00:00,25.618570342382055,28.231424516224548 
 08/14  13:00:00,25.790609993848038,28.426261311533968 
 08/14  14:00:00,25.921244856056686,28.60012435615604 
 08/14  15:00:00,25.954231288682317,28.60665158539076 
 08/14  16:00:00,25.904730782684557,28.573814589711973 
 08/14  17:00:00,25.744049151024205,28.429202762415053 
 08/14  18:00:00,25.513388926499567,28.135939862293396 
 08/14  19:00:00,25.172980645517265,27.794085579747966 
 08/14  20:00:00,24.90024607902979,27.52532431317919 
 08/14  21:00:00,24.724989396730064,27.29539660869884 
 08/14  22:00:00,24.608300382170499,27.171613480244316 
 08/14  23:00:00,24.494603878331217,27.065710032644924 
 08/14  24:00:00,24.38019188579946,26.89692990018885 
 08/15  01:00:00,24.269964447938727,26.768690644974077 
 08/15  02:00:00,24.161953552992427,26.6536273106229 
 08/15  03:00:00,24.050362571287466,26.47686858560521 
 08/15  04:00:00,23.95270060905375,26.35888443547841 
 08/15  05:00:00,23.849826442818686,26.24666747369303 
 08/15  06:00:00,23.757625869466329,26.091362421766623 
 08/15  07:00:00,23.6900603773923,26.001889594141497 
 08/15  08:00:00,23.71719704838985,26.027931935522618 
 08/15  09:00:00,23.875721873359458,26.193600241239289 
 08/15  10:00:00,24.146247244794087,26.487623850964935 
 08/15  11:00:00,24.39747801474082,26.760800153894914 
 08/15  12:00:00,24.745471731223817,27.169714742449217 
 08/15  13:00:00,24.96895027496582,27.449081761510067 
 08/15  14:00:00,25.082761399669175,27.60661173942013 
 08/15  15:00:00,25.1372397796029,27.705936253146399 
 08/15  16:00:00,25.09590965992615,27.70469386558287 
 08/15  17:00:00,24.94766471370318,27.577174345545477 
 08/15  18:00:00,24.684881145482387,27.221506847837725 
 08/15  19:00:00,24.407769705682285,26.94754389913528 
 08/15  20:00:00,24.162017239098483,26.745268288945629 
 08/15  21:00:00,24.001546090199974,26.608406557799776 
 08/15  22:00:00,23.8919573111953,26.491276041288029 
 08/15  23:00:00,23.791286753790734,26.36783162488548 
 08/15  24:00:00,23.69060947732544,26.241863880999508 
 08/16  01:00:00,23.59899927155549,26.129063934021123 
 08/16  02:00:00,23.522833091057476,26.036898568872404 
 08/16  03:00:00,23.449065444358984,25.945713589909557 
 08/16  04:00:00,23.37451702753035,25.845903157365947 
 08/16  05:00:00,23.2967962697469,25.733876799256789 
 08/16  06:00:00,23.20831196861464,25.54604437719322 
 08/16  07:00:00,23.15207193701294,25.46982265732332 
 08/16  08:00:00,23.192690907590238,25.52948226547383 
 08/16  09:00:00,23.371906699608986,25.725883501769006 
 08/16  10:00:00,23.687375367881019,26.055096886183159 
 08/16  11:00:00,24.215883414167466,26.648461557435036 
 08/16  12:00:00,24.70193347511989,27.22257413070745 
 08/16  13:00:00,25.147266972197245,27.712009940535645 
 08/16  14:00:00,25.847825527938569,28.554532635017414 
 08/16  15:00:00,26.38656577154254,29.256995299903765 
 08/16  16:00:00,26.444074669723105,29.475799912506699 
 08/16  17:00:00,25.965539156979696,29.041967478178515 
 08/16  18:00:00,25.451936023833708,28.584857434615814 
 08/16  19:00:00,25.054106382079639,28.256074850683168 
 08/16  20:00:00,24.555104777254316,27.82194183790277 
 08/16  21:00:00,24.31426923430662,27.61818889854841 
 08/16  22:00:00,24.221526344258014,27.554470609324495 
 08/16  23:00:00,24.148008053524653,27.499306807799216 
 08/16  24:00:00,24.087139090129506,27.44833103990624 
 08/17  01:00:00,24.017137056923855,27.349884731134649 
 08/17  02:00:00,23.93490571161679,27.206582724418653 
 08/17  03:00:00,23.85523215254151,27.05689566146286 
 08/17  04:00:00,23.74216347934261,26.85788302888722 
 08/17  05:00:00,23.628232445967489,26.65833294069735 
 08/17  06:00:00,23.574907061025099,26.462351304135504 
 08/17  07:00:00,23.51678315823397,26.363535347594597 
 08/17  08:00:00,23.586579706793868,26.44219003681797 
 08/17  09:00:00,23.8674196288571,26.72635925521793 
 08/17  10:00:00,24.3552111883837,27.2591067096678 
 08/17  11:00:00,24.833413657525548,27.796691096244069 
 08/17  12:00:00,25.271679682829814,28.257218032345805 
 08/17  13:00:00,25.84709270609375,28.808740298656823 
 08/17  14:00:00,26.642892694064885,29.74974080711568 
 08/17  15:00:00,27.26360536828276,30.44289921684913 
 08/17  16:00:00,28.088004422905774,31.500816977753943 
 08/17  17:00:00,28.41807065016337,31.907383434738134 
 08/17  18:00:00,28.478611835526498,32.14415038220011 
 08/17  19:00:00,27.527856871475728,31.397966783586655 
 08/17  20:00:00,26.642147877839077,30.54212768544942 
 08/17  21:00:00,26.051192399764056,29.999129864359337 
 08/17  22:00:00,25.715593060916374,29.66810387213834 
 08/17  23:00:00,25.27081521502651,29.209958369698744 
 08/17  24:00:00,25.03407797619738,28.945657414197457 
 08/18  01:00:00,24.90431913801824,28.760808666263054 
 08/18  02:00:00,24.779207226318236,28.556081150690088 
 08/18  03:00:00,24.636668786814288,28.31692308621565 
 08/18  04:00:00,24.50460685556238,28.07339875724902 
 08/18  05:00:00,24.378872697954959,27.821085619522259 
 08/18  06:00:00,24.262094596481039,27.572407212041786 
 08/18  07:00:00,24.26639155274776,27.486746949223368 
 08/18  08:00:00,24.510459561502186,27.665793641128887 
 08/18  09:00:00,24.731493851957173,27.822456413262758 
 08/18  10:00:00,25.00150456602386,28.075867619152917 
 08/18  11:00:00,25.373574256064296,28.455739611986468 
 08/18  12:00:00,25.929339085038817,29.101019615086366 
 08/18  13:00:00,26.45031584223458,29.62781854233402 
 08/18  14:00:00,27.183016745640559,30.491273976776598 
 08/18  15:00:00,27.817380921400443,31.2709021674716 
 08/18  16:00:00,27.91250544045147,31.470519333144929 
 08/18  17:00:00,27.676544521439408,31.35547546431953 
 08/18  18:00:00,27.165963804189425,30.9040264642124 
 08/18  19:00:00,26.616278663799407,30.39472972048962 
 08/18  20:00:00,26.175936950966489,29.978595759905013 
 08/18  21:00:00,25.630744650580064,29.40597141794838 
 08/18  22:00:00,25.358263441302975,29.15735463693131 
 08/18  23:00:00,25.205045399115197,29.010032651726705 
 08/18  24:00:00,25.044666616390065,28.81108528083754 
 08/19  01:00:00,24.911813861829854,28.61539847157871 
 08/19  02:00:00,24.814348616137463,28.44034851000508 
 08/19  03:00:00,24.713425220754514,28.24196470089375 
 08/19  04:00:00,24.6256281119418,28.057141534898784 
 08/19  05:00:00,24.538024472757955,27.869924814254828 
 08/19  06:00:00,24.455691550500338,27.690613391560576 
 08/19  07:00:00,24.431698961153356,27.582728836442809 
 08/19  08:00:00,24.59262945592059,27.688615458244514 
 08/19  09:00:00,24.95610798031145,28.055917692608856 
 08/19  10:00:00,25.494686531781846,28.610415988002694 
 08/19  11:00:00,25.94395431790403,29.120896017721454 
 08/19  12:00:00,26.3220462263931,29.568610787845527 
 08/19  13:00:00,26.610390571975566,29.906301072983817 
 08/19  14:00:00,26.800616327511905,30.155587638074246 
 08/19  15:00:00,26.89394086039132,30.313266086802483 
 08/19  16:00:00,26.824198715722983,30.296460607414639 
 08/19  17:00:00,26.595791068698806,30.095217744387786 
 08/19  18:00:00,26.30095889056348,29.790589979294777 
 08/19  19:00:00,25.845794841393137,29.306388829494855 
 08/19  20:00:00,25.523354217130775,28.96634511746847 
 08/19  21:00:00,25.30011962803616,28.745740037657528 
 08/19  22:00:00,25.15860103829609,28.603248985117867 
 08/19  23:00:00,25.062788721443849,28.48718715853009 
 08/19  24:00:00,24.983379967041626,28.376209459409908 
 08/20  01:00:00,24.895352662128066,28.246065560687453 
 08/20  02:00:00,24.799404269342664,28.10184053523851 
 08/20  03:00:00,24.705466916503313,27.95835045581031 
 08/20  04:00:00,24.590204465145868,27.779772314280636 
 08/20  05:00:00,24.458958613030757,27.58690546868547 
 08/20  06:00:00,24.297871827337205,27.25719762570563 
 08/20  07:00:00,24.191533312233689,27.132039214279975 
 08/20  08:00:00,24.248762139901879,27.20993943833949 
 08/20  09:00:00,24.52166040128166,27.496633163768786 
 08/20  10:00:00,24.865197323711756,27.85004556653181 
 08/20  11:00:00,25.336848146057009,28.385536034732817 
 08/20  12:00:00,25.683623332994693,28.806411081544537 
 08/20  13:00:00,26.062508516675963,29.243050760957979 
 08/20  14:00:00,26.464150046407583,29.73409403803462 
 08/20  15:00:00,26.781815101615,30.157455020026199 
 08/20  16:00:00,26.735969164672164,30.204162454403119 
 08/20  17:00:00,26.379776031839389,29.86345446991774 
 08/20  18:00:00,25.891377788182518,29.383449937080209 
 08/20  19:00:00,25.480001968311919,28.961402705158656 
 08/20  20:00:00,25.14867392021724,28.62051357680239 
 08/20  21:00:00,24.9080986311499,28.228306389620646 
 08/20  22:00:00,24.727073745495919,28.097477590936138 
 08/20  23:00:00,24.563119281325326,27.980181945804327 
 08/20  24:00:00,24.47361090486967,27.69317167430519 
 08/21  01:00:00,24.321051286024596,27.50369009069855 
 08/21  02:00:00,24.162188907106097,27.319121313275255 
 08/21  03:00:00,24.07739120279885,27.053980505395424 
 08/21  04:00:00,23.893299551971809,26.786885586336167 
 08/21  05:00:00,23.683002143849039,26.50620478611304 
 08/21  06:00:00,23.381652188837017,26.086468338940706 
 08/21  07:00:00,23.277668135684939,25.900141399929919 
 08/21  08:00:00,23.442152735205274,26.021437982573074 
 08/21  09:00:00,23.845929588814707,26.404290767118803 
 08/21  10:00:00,24.460179591026316,27.013550822296375 
 08/21  11:00:00,24.963048055133599,27.583266248806319 
 08/21  12:00:00,25.39924708357189,28.085867712285145 
 08/21  13:00:00,25.732250562697979,28.457710760454519 
 08/21  14:00:00,25.97912600192382,28.751667358236536 
 08/21  15:00:00,26.13853906035557,28.991132206280726 
 08/21  16:00:00,26.112072383930408,29.070001642316499 
 08/21  17:00:00,25.891718982833248,28.94386078868737 
 08/21  18:00:00,25.595317583349645,28.64791253364497 
 08/21  19:00:00,25.13909918177022,28.172969115477359 
 08/21  20:00:00,24.77639623542393,27.78666889879326 
 08/21  21:00:00,24.500609372950306,27.515364691372615 
 08/21  22:00:00,24.293541626496137,27.322661365547686 
 08/21  23:00:00,24.1230779911715,27.15014797683267 
 08/21  24:00:00,23.962587483887348,26.96474917983191 
 08/22  01:00:00,23.807284018023247,26.751343054541669 
 08/22  02:00:00,23.66843588685054,26.535300973441726 
 08/22  03:00:00,23.52275188581537,26.304520128846425 
 08/22  04:00:00,23.408635958694675,26.118920194219343 
 08/22  05:00:00,23.324250506648029,25.967742134761616 
 08/22  06:00:00,23.289128433436539,25.868102838429807 
 08/22  07:00:00,23.273596781970185,25.7812853077287 
 08/22  08:00:00,23.35279914185908,25.79654663852991 
 08/22  09:00:00,23.645730395191316,26.055705955208809 
 08/22  10:00:00,24.007656974678079,26.447292080347979 
 08/22  11:00:00,24.536903940112525,27.038393854584329 
 08/22  12:00:00,24.939870737671279,27.518911405012547 
 08/22  13:00:00,25.457876014065655,28.058917949487414 
 08/22  14:00:00,26.19975244652294,28.934755839263123 
 08/22  15:00:00,26.85172031691911,29.742937366653999 
 08/22  16:00:00,27.015126458948865,30.03008122661901 
 08/22  17:00:00,26.91681833347365,30.0860125288755 
 08/22  18:00:00,26.44440027406219,29.734349426587654 
 08/22  19:00:00,25.9034894394448,29.254731497437125 
 08/22  20:00:00,25.46160943361758,28.86672799274669 
 08/22  21:00:00,24.91136932769207,28.335426169009005 
 08/22  22:00:00,24.668673925878048,28.121065834132918 
 08/22  23:00:00,24.575942789053756,28.05066769690054 
 08/22  24:00:00,24.46832623809997,27.937008196982779 
 08/23  01:00:00,24.349804398889526,27.763335856057869 
 08/23  02:00:00,24.239228834929258,27.568122249304133 
 08/23  03:00:00,24.04232327700774,27.145411323725804 
 08/23  04:00:00,23.933573697423108,27.000430890628164 
 08/23  05:00:00,23.801257521076548,26.836828315639534 
 08/23  06:00:00,23.646071778130023,26.482793814860828 
 08/23  07:00:00,23.53510878544866,26.324034889708839 
 08/23  08:00:00,23.55063078532668,26.325246091504824 
 08/23  09:00:00,23.718485425265773,26.443148923238664 
 08/23  10:00:00,24.18620789289797,26.91656555417623 
 08/23  11:00:00,24.9328169532791,27.685655846390806 
 08/23  12:00:00,25.73304849163499,28.5148504365744 
 08/23  13:00:00,26.259551765105436,29.160389816878756 
 08/23  14:00:00,26.78137322295289,29.865630906515809 
 08/23  15:00:00,26.87427616046795,30.021914735909037 
 08/23  16:00:00,27.026228677791069,30.259825144669866 
 08/23  17:00:00,27.05754634496595,30.450454683935367 
 08/23  18:00:00,26.718363591140915,30.22893786580226 
 08/23  19:00:00,26.177056261817385,29.752952690753746 
 08/23  20:00:00,25.746864295291819,29.363809556872586 
 08/23  21:00:00,25.226012769444038,28.84196769513945 
 08/23  22:00:00,24.965332233745607,28.59939812793775 
 08/23  23:00:00,24.834033722692014,28.47961410188341 
 08/23  24:00:00,24.690582521883486,28.308341642081034 
 08/24  01:00:00,24.508219893498834,28.06120753106693 
 08/24  02:00:00,24.31931661652943,27.79148897475598 
 08/24  03:00:00,24.14233695718039,27.525780091462523 
 08/24  04:00:00,23.955646782026336,27.229493114957049 
 08/24  05:00:00,23.814696247597256,26.989872284309688 
 08/24  06:00:00,23.574951846506523,26.615993552529468 
 08/24  07:00:00,23.552926249138527,26.512689101926595 
 08/24  08:00:00,24.37162408433859,27.31451436431255 
 08/24  09:00:00,25.76016933686405,28.66516845476447 
 08/24  10:00:00,27.064984620383478,30.094215577952896 
 08/24  11:00:00,27.33238942804539,30.456866367369977 
 08/24  12:00:00,27.399037748205033,30.586353016817648 
 08/24  13:00:00,27.829306452802287,31.123866017400404 
 08/24  14:00:00,28.214564261348195,31.66471048736455 
 08/24  15:00:00,28.390910553014245,31.994028082386057 
 08/24  16:00:00,28.32606431891693,32.191057134746177 
 08/24  17:00:00,27.973193512642,31.987396317283474 
 08/24  18:00:00,27.36925337494956,31.52564644786368 
 08/24  19:00:00,26.864786340940559,31.038024019097354 
 08/24  20:00:00,26.454392684744105,30.63749813412104 
 08/24  21:00:00,25.934624609541829,30.085425207183577 
 08/24  22:00:00,25.66336670588956,29.804464082225104 
 08/24  23:00:00,25.50977196999933,29.612776219809626 
 08/24  24:00:00,25.33966300566376,29.357032142418999 
 08/25  01:00:00,25.165283694529607,29.07251498243838 
 08/25  02:00:00,24.92335116011582,28.688953330691498 
 08/25  03:00:00,24.557060357970586,28.056506324680357 
 08/25  04:00:00,24.477236964784635,27.92532860305672 
 08/25  05:00:00,24.435436202725055,27.81253915568841 
 08/25  06:00:00,24.187982381541283,27.31926818037651 
 08/25  07:00:00,24.130380826101239,27.190992075862935 
 08/25  08:00:00,24.198810636806998,27.2062031864794 
 08/25  09:00:00,24.36183477634585,27.290600389195473 
 08/25  10:00:00,24.562207736937706,27.403650941113907 
 08/25  11:00:00,24.76259132722284,27.532944812363714 
 08/25  12:00:00,24.83720885478438,27.448291806129619 
 08/25  13:00:00,25.017212754335309,27.629641253957908 
 08/25  14:00:00,25.174152771722178,27.805856496188669 
 08/25  15:00:00,25.09707456923549,27.59121937834787 
 08/25  16:00:00,25.003308382681888,27.469210901648336 
 08/25  17:00:00,24.818314780499237,27.268940681006293 
 08/25  18:00:00,24.43052886620203,26.743828378424327 
 08/25  19:00:00,24.111637779344677,26.396517115269096 
 08/25  20:00:00,23.919964626832639,26.19292229580594 
 08/25  21:00:00,23.761069167192209,25.920213095452345 
 08/25  22:00:00,23.653115212380429,25.79926433185607 
 08/25  23:00:00,23.523804089968825,25.651433341820196 
 08/25  24:00:00,23.390510190507059,25.465600979259997 
 08/26  01:00:00,23.29180236922208,25.313844572547177 
 08/26  02:00:00,23.211500520215894,25.184317412797918 
 08/26  03:00:00,23.140020317394997,25.06335302000964 
 08/26  04:00:00,23.05689994070653,24.931662514687735 
 08/26  05:00:00,22.953602397546729,24.786506097039319 
 08/26  06:00:00,22.822522512252225,24.564176594037759 
 08/26  07:00:00,22.790440770193848,24.51914054142373 
 08/26  08:00:00,22.90827121577439,24.645991363746178 
 08/26  09:00:00,23.163215449643823,24.91506938359602 
 08/26  10:00:00,23.61892670195258,25.364008195165419 
 08/26  11:00:00,24.339204959945638,26.12210520686314 
 08/26  12:00:00,25.162861901283699,27.027221547735154 
 08/26  13:00:00,25.509828982968079,27.517054681447044 
 08/26  14:00:00,25.6244201171771,27.78763685200418 
 08/26  15:00:00,25.455359041413645,27.788223895470055 
 08/26  16:00:00,25.27810006145828,27.773800147753254 
 08/26  17:00:00,25.13771414230622,27.745104277721155 
 08/26  18:00:00,24.922124255419275,27.634260067220436 
 08/26  19:00:00,24.613955828204934,27.386135869422213 
 08/26  20:00:00,24.23631782305376,27.04989274170654 
 08/26  21:00:00,24.008045458812267,26.815349135239047 
 08/26  22:00:00,23.87964852978206,26.68188658828796 
 08/26  23:00:00,23.756697214997574,26.558386047640658 
 08/26  24:00:00,23.62868889580465,26.417420258983964 
 08/27  01:00:00,23.509657227497635,26.26684547745501 
 08/27  02:00:00,23.400180780854993,26.113374831412896 
 08/27  03:00:00,23.29275339511518,25.954355981054918 
 08/27  04:00:00,23.190642753298915,25.79316636685452 
 08/27  05:00:00,23.094636804688578,25.6330956342667 
 08/27  06:00:00,22.995799483291554,25.465415907357259 
 08/27  07:00:00,22.955247190234638,25.362869800822435 
 08/27  08:00:00,23.031443838162894,25.392425509542563 
 08/27  09:00:00,23.238065676987355,25.583466969716377 
 08/27  10:00:00,23.504893351621356,25.84800068335572 
 08/27  11:00:00,23.892265871906628,26.266905058668287 
 08/27  12:00:00,24.088269798046676,26.43058548696406 
 08/27  13:00:00,24.309717079568278,26.67878179998186 
 08/27  14:00:00,24.44705592168976,26.861653886311925 
 08/27  15:00:00,24.458241880729014,26.869179431327397 
 08/27  16:00:00,24.315933208260544,26.66191209541001 
 08/27  17:00:00,24.062731919621734,26.34911289332166 
 08/27  18:00:00,23.621060002358584,25.823071287224509 
 08/27  19:00:00,23.286056981553878,25.48674728659895 
 08/27  20:00:00,23.049298352516485,25.24914964492483 
 08/27  21:00:00,22.89270483395687,25.0735959372127 
 08/27  22:00:00,22.801996675838447,24.95424925405964 
 08/27  23:00:00,22.74814742972377,24.86470426732421 
 08/27  24:00:00,22.69780016981427,24.76939130662138 
 08/28  01:00:00,22.613656441583236,24.632821633529504 
 08/28  02:00:00,22.519935884237556,24.4852899216199 
 08/28  03:00:00,22.432626243012729,24.34641552443609 
 08/28  04:00:00,22.34363800607862,24.208747895241936 
 08/28  05:00:00,22.25110940028567,24.063150793991928 
 08/28  06:00:00,22.167394490066078,23.926370950676426 
 08/28  07:00:00,22.15209160944785,23.866832102262799 
 08/28  08:00:00,22.5211886842675,24.243593923379707 
 08/28  09:00:00,23.514667394292233,25.275207629308633 
 08/28  10:00:00,24.385248527499379,26.227474718028213 
 08/28  11:00:00,24.589219496872127,26.482422168198885 
 08/28  12:00:00,24.807959406435289,26.758670113478293 
 08/28  13:00:00,24.975445633854436,26.994492809663695 
 08/28  14:00:00,24.970591482943627,27.0488730099021 
 08/28  15:00:00,24.775693586341608,26.895764356360666 
 08/28  16:00:00,24.601820128091103,26.718309105424074 
 08/28  17:00:00,24.450064453149034,26.587296520027644 
 08/28  18:00:00,24.199438554113848,26.37200095032981 
 08/28  19:00:00,23.907642970185678,26.097582559542738 
 08/28  20:00:00,23.538168426962466,25.745876813594749 
 08/28  21:00:00,23.32879796957612,25.55615794463382 
 08/28  22:00:00,23.221224663318613,25.4458139023789 
 08/28  23:00:00,23.152966771624457,25.356546044687556 
 08/28  24:00:00,23.06975237000395,25.24237474860837 
 08/29  01:00:00,22.959669235771974,25.094671936017087 
 08/29  02:00:00,22.823096754003488,24.91431369871374 
 08/29  03:00:00,22.69685889930119,24.743612957873265 
 08/29  04:00:00,22.523600752338554,24.519328159355849 
 08/29  05:00:00,22.32277676590986,24.260269883251817 
 08/29  06:00:00,22.104963053260176,23.97933958388147 
 08/29  07:00:00,22.091279504735256,23.947233667549534 
 08/29  08:00:00,22.867349379055598,24.706277664112429 
 08/29  09:00:00,24.32516085082705,26.214826417861774 
 08/29  10:00:00,25.058606724010738,27.101799813907936 
 08/29  11:00:00,25.36093341435675,27.467139278193878 
 08/29  12:00:00,25.58628939224548,27.739371109439646 
 08/29  13:00:00,25.88894095001202,28.125151083530296 
 08/29  14:00:00,26.32734873100338,28.717198762501917 
 08/29  15:00:00,26.92492399837829,29.54872270238117 
 08/29  16:00:00,26.956719366234667,29.68664278355281 
 08/29  17:00:00,26.708762166281678,29.540939549645125 
 08/29  18:00:00,26.191524544898927,29.09158016030015 
 08/29  19:00:00,25.613171473646806,28.549382037887395 
 08/29  20:00:00,25.206308948670974,28.150829489088666 
 08/29  21:00:00,24.68917583618579,27.642319436301827 
 08/29  22:00:00,24.420678499215336,27.404451024877845 
 08/29  23:00:00,24.262819488508748,27.25744919457868 
 08/29  24:00:00,24.07961513608402,27.064855764931456 
 08/30  01:00:00,23.895538700923255,26.830273001883996 
 08/30  02:00:00,23.717208292258339,26.568397865274016 
 08/30  03:00:00,23.545979750097083,26.30620066244252 
 08/30  04:00:00,23.375745277849825,26.04841063932087 
 08/30  05:00:00,23.191047248283664,25.774914624748186 
 08/30  06:00:00,22.983464364276509,25.47760676566964 
 08/30  07:00:00,22.92651542507892,25.35063785352143 
 08/30  08:00:00,23.29754328375013,25.714849270814569 
 08/30  09:00:00,23.888197864045055,26.28835379199912 
 08/30  10:00:00,24.698596650402267,27.103057210353634 
 08/30  11:00:00,25.698060369221748,28.21982817741466 
 08/30  12:00:00,26.44318507190435,29.08220195652811 
 08/30  13:00:00,26.882270389857479,29.589004432089479 
 08/30  14:00:00,27.499490782117375,30.36485329257872 
 08/30  15:00:00,28.121335079510396,31.179481522073766 
 08/30  16:00:00,28.521031201206339,31.740156658435386 
 08/30  17:00:00,28.307419074700076,31.753843400980239 
 08/30  18:00:00,27.50420285288662,31.10268705675354 
 08/30  19:00:00,26.72368355001528,30.406551331135309 
 08/30  20:00:00,26.17937257829123,29.941211374239196 
 08/30  21:00:00,25.797719884563919,29.59184757563669 
 08/30  22:00:00,25.342651022325087,29.196996249813929 
 08/30  23:00:00,25.121899454396748,28.996893906440478 
 08/30  24:00:00,24.994539409588353,28.841368843346396 
 08/31  01:00:00,24.832429285474423,28.612422874475926 
 08/31  02:00:00,24.629048862530835,28.323824099656826 
 08/31  03:00:00,24.42895755274692,28.029898258821065 
 08/31  04:00:00,24.2669892972642,27.755142583832755 
 08/31  05:00:00,24.13802288045475,27.50881063872113 
 08/31  06:00:00,23.930744913185995,27.144791329613406 
 08/31  07:00:00,23.874721669412609,26.988067554366798 
 08/31  08:00:00,24.106477422862115,27.17497275965875 
 08/31  09:00:00,24.626477742680217,27.680358872647767 
 08/31  10:00:00,25.229146666136985,28.29083716383665 
 08/31  11:00:00,26.04691840191311,29.18156698164716 
 08/31  12:00:00,26.646079396767289,29.89036268504573 
 08/31  13:00:00,26.985997401010186,30.247238927360109 
 08/31  14:00:00,27.574941463819117,30.952646019497096 
 08/31  15:00:00,27.9167920096715,31.376908327779817 
 08/31  16:00:00,28.02900825460899,31.612601195055626 
 08/31  17:00:00,27.733692085938029,31.44884567017807 
 08/31  18:00:00,27.16313489380544,30.92785432743267 
 08/31  19:00:00,26.436044160770107,30.16489335190386 
 08/31  20:00:00,26.068641344594679,29.800062073814695 
 08/31  21:00:00,25.53957066106161,29.27497065638449 
 08/31  22:00:00,25.275992258425306,29.016450206390048 
 08/31  23:00:00,25.052257721693115,28.7701723827848 
 08/31  24:00:00,24.822646920005185,28.487789085603063 
 09/01  01:00:00,24.698616179183245,28.258508191330959 
 09/01  02:00:00,24.576144992976564,28.021905144106165 
 09/01  03:00:00,24.439038437662516,27.782611852453667 
 09/01  04:00:00,24.268206011777044,27.503531567250115 
 09/01  05:00:00,24.068051615479939,27.203608040897909 
 09/01  06:00:00,23.89471184852512,26.952409896311957 
 09/01  07:00:00,23.844894691440748,26.798986160159509 
 09/01  08:00:00,24.673671531658177,27.59485747665126 
 09/01  09:00:00,25.983797058071518,28.85754694789405 
 09/01  10:00:00,27.129453073568773,30.135235285177929 
 09/01  11:00:00,27.498414742339788,30.617701470063254 
 09/01  12:00:00,27.783643680477956,30.967453659591589 
 09/01  13:00:00,28.323883140367376,31.658232350072728 
 09/01  14:00:00,28.689810376019957,32.193626757357609 
 09/01  15:00:00,29.07293460295045,32.692051235682509 
 09/01  16:00:00,29.649228003257094,33.472740771571107 
 09/01  17:00:00,29.757421639168688,33.717612390346548 
 09/01  18:00:00,29.50854231203083,33.688594431601028 
 09/01  19:00:00,28.287105257079995,32.56543095882285 
 09/01  20:00:00,27.280316840755459,31.522656313762277 
 09/01  21:00:00,26.838489696532326,31.11928170058621 
 09/01  22:00:00,26.555196950831787,30.853930101129607 
 09/01  23:00:00,26.130563138272359,30.4447794274743 
 09/01  24:00:00,25.88908882762243,30.16534761586884 
 09/02  01:00:00,25.70298560602594,29.876339531399436 
 09/02  02:00:00,25.539499500429647,29.596860295596554 
 09/02  03:00:00,25.287064332849285,29.194579672371078 
 09/02  04:00:00,25.127859264308098,28.9013157503076 
 09/02  05:00:00,24.991829827174784,28.6308869211246 
 09/02  06:00:00,24.851978251467754,28.354850058505357 
 09/02  07:00:00,24.78135227037023,28.161160375448838 
 09/02  08:00:00,24.938752684939858,28.24398931560343 
 09/02  09:00:00,25.274246404515048,28.54844228031827 
 09/02  10:00:00,25.842417363991094,29.074043468966968 
 09/02  11:00:00,26.348356031489517,29.617491591583048 
 09/02  12:00:00,26.779785429945805,30.08026245153478 
 09/02  13:00:00,27.251718363583419,30.596959148798768 
 09/02  14:00:00,27.811115275024798,31.194186173923727 
 09/02  15:00:00,28.30185263731792,31.71374798112356 
 09/02  16:00:00,28.480213698382415,31.958720379815895 
 09/02  17:00:00,28.197816852449095,31.80353051117901 
 09/02  18:00:00,27.586747673020377,31.254398259642416 
 09/02  19:00:00,26.880531935164343,30.554412038656176 
 09/02  20:00:00,26.565324459619825,30.297010498685837 
 09/02  21:00:00,26.10545707800721,29.90979690491566 
 09/02  22:00:00,25.86005436597546,29.700122202020834 
 09/02  23:00:00,25.724958453361567,29.553331889721986 
 09/02  24:00:00,25.579789691494875,29.36406760994532 
 09/03  01:00:00,25.430829180625346,29.163569508079424 
 09/03  02:00:00,25.30275553525599,28.97832929404792 
 09/03  03:00:00,25.203659068560929,28.818520790058707 
 09/03  04:00:00,25.05520041737077,28.576228126704913 
 09/03  05:00:00,24.877537431475998,28.299986762588156 
 09/03  06:00:00,24.66010404184128,27.81689041712555 
 09/03  07:00:00,24.540686037525643,27.680651043898228 
 09/03  08:00:00,24.537980689049716,27.682440079166068 
 09/03  09:00:00,24.485525112851268,27.395791909427524 
 09/03  10:00:00,24.76756315556044,27.679260251858318 
 09/03  11:00:00,25.058265441002896,28.010210622870276 
 09/03  12:00:00,25.187160918081174,27.98547159214227 
 09/03  13:00:00,25.3877572794446,28.188192844415626 
 09/03  14:00:00,25.5072769116576,28.354070294523266 
 09/03  15:00:00,25.120826775269906,27.71171970053023 
 09/03  16:00:00,25.08951642638835,27.73951848901452 
 09/03  17:00:00,25.021957306509696,27.743633733989783 
 09/03  18:00:00,24.423279045307287,26.899293179432467 
 09/03  19:00:00,24.19512148551699,26.695210805619518 
 09/03  20:00:00,24.107916654520694,26.654308035998928 
 09/03  21:00:00,24.004321540641109,26.516522371890429 
 09/03  22:00:00,23.857430976298116,26.301641878494104 
 09/03  23:00:00,23.69999908133288,26.080460854325044 
 09/03  24:00:00,23.55767605172138,25.88441449406478 
 09/04  01:00:00,23.43616546002723,25.710395379109323 
 09/04  02:00:00,23.319126627691764,25.53882266310118 
 09/04  03:00:00,23.100955186808414,25.139791018213658 
 09/04  04:00:00,23.001571140632885,25.03707836943377 
 09/04  05:00:00,22.906238373143255,24.920752956793487 
 09/04  06:00:00,22.775139385850843,24.627675189001267 
 09/04  07:00:00,22.668944503519325,24.487445337116485 
 09/04  08:00:00,22.660188812908176,24.46397263731883 
 09/04  09:00:00,22.744698591327944,24.456456686184536 
 09/04  10:00:00,23.126808169550249,24.859806511441549 
 09/04  11:00:00,23.65946660528833,25.397532288250184 
 09/04  12:00:00,24.142217868168595,25.91186107687559 
 09/04  13:00:00,24.426557706917309,26.21247762793835 
 09/04  14:00:00,24.505924135891868,26.317728287858779 
 09/04  15:00:00,24.17447473032037,25.920829288848986 
 09/04  16:00:00,24.063770928006308,25.890274445282615 
 09/04  17:00:00,23.931690593033069,25.84866101332248 
 09/04  18:00:00,23.590884782059474,25.418961737698319 
 09/04  19:00:00,23.22019054324246,25.08946649037054 
 09/04  20:00:00,23.004202449399668,24.919963877485288 
 09/04  21:00:00,22.885223772037596,24.74292101189212 
 09/04  22:00:00,22.80012013187046,24.653938942649046 
 09/04  23:00:00,22.73655317148758,24.60540978306578 
 09/04  24:00:00,22.72511063378993,24.548775632487606 
 09/05  01:00:00,22.651802472194825,24.44986190706644 
 09/05  02:00:00,22.561575160467446,24.341031811567388 
 09/05  03:00:00,22.529527231552487,24.255134948623618 
 09/05  04:00:00,22.46424052284806,24.16087230681026 
 09/05  05:00:00,22.384480722467975,24.06626866853582 
 09/05  06:00:00,22.337377036594547,23.98423363615699 
 09/05  07:00:00,22.276801094715073,23.90403542350823 
 09/05  08:00:00,22.290946721121533,23.926449552844376 
 09/05  09:00:00,22.446032383787729,24.103754067329164 
 09/05  10:00:00,22.677337152571778,24.35170002557622 
 09/05  11:00:00,22.915855598799433,24.59892739855181 
 09/05  12:00:00,23.035103686153378,24.67915091492768 
 09/05  13:00:00,23.232685816474228,24.90836915227911 
 09/05  14:00:00,23.4190545866034,25.1612970466953 
 09/05  15:00:00,23.499448698478397,25.30244653905283 
 09/05  16:00:00,23.450457866303638,25.285779910239289 
 09/05  17:00:00,23.282140364400975,25.124333091331576 
 09/05  18:00:00,23.03758593242334,24.875676591363275 
 09/05  19:00:00,22.755812106883277,24.591701689769807 
 09/05  20:00:00,22.537198783213009,24.382761693623427 
 09/05  21:00:00,22.38413970862541,24.241507683280078 
 09/05  22:00:00,22.273851810869638,24.132697733706288 
 09/05  23:00:00,22.170106149086217,24.015159452189555 
 09/05  24:00:00,22.069135245479165,23.88995897502059 
 09/06  01:00:00,21.94795447386274,23.733869754071774 
 09/06  02:00:00,21.819224788609394,23.562551292246217 
 09/06  03:00:00,21.67616614518543,23.305432182962368 
 09/06  04:00:00,21.572491620341613,23.176640946351147 
 09/06  05:00:00,21.48002293709444,23.078697833198484 
 09/06  06:00:00,21.376980946038516,22.942111094096846 
 09/06  07:00:00,21.316927042351048,22.8322597123618 
 09/06  08:00:00,21.408208685944488,22.880146943445135 
 09/06  09:00:00,21.69206952517881,23.152709416291047 
 09/06  10:00:00,22.131624282366013,23.5906021680504 
 09/06  11:00:00,22.48791490417635,23.9575502022498 
 09/06  12:00:00,22.77205833540264,24.25914135829187 
 09/06  13:00:00,23.117264521929447,24.650628416532329 
 09/06  14:00:00,23.539029031292608,25.158236693404214 
 09/06  15:00:00,23.884624908247795,25.62756181331562 
 09/06  16:00:00,24.21168031817839,26.09446295928752 
 09/06  17:00:00,24.40243188476216,26.39938838619357 
 09/06  18:00:00,24.217646191633518,26.313124935545383 
 09/06  19:00:00,23.606355671449547,25.728959050401529 
 09/06  20:00:00,22.98981589708913,25.06076214726293 
 09/06  21:00:00,22.778496736094433,24.87106424994806 
 09/06  22:00:00,22.53716600824393,24.65786055747394 
 09/06  23:00:00,22.306187973227929,24.428387962638987 
 09/06  24:00:00,22.15088845845923,24.25193482244764 
 09/07  01:00:00,22.07247526335287,24.141251972464599 
 09/07  02:00:00,22.012924695182176,24.03563337844193 
 09/07  03:00:00,21.971568899211286,23.940427530761505 
 09/07  04:00:00,21.83281838410935,23.728757257328327 
 09/07  05:00:00,21.633764741030804,23.442649070245936 
 09/07  06:00:00,21.418234265723389,23.142949232699075 
 09/07  07:00:00,21.398777746295598,23.082409345713289 
 09/07  08:00:00,22.261772099946897,23.92627824345265 
 09/07  09:00:00,23.70150278460545,25.386843413521875 
 09/07  10:00:00,24.438658245477236,26.28307287236887 
 09/07  11:00:00,24.748372485497144,26.65674263506969 
 09/07  12:00:00,25.120722550917177,27.099792087473653 
 09/07  13:00:00,25.423806779460536,27.52084609794902 
 09/07  14:00:00,25.93856309084584,28.191046602976056 
 09/07  15:00:00,26.564884060096199,29.021610238585397 
 09/07  16:00:00,27.025036170288929,29.680616951721 
 09/07  17:00:00,27.4565980997158,30.41554559724935 
 09/07  18:00:00,26.950952794924868,30.09677496818611 
 09/07  19:00:00,25.92007884057349,29.223169825749844 
 09/07  20:00:00,25.26389627840816,28.670901778427134 
 09/07  21:00:00,24.83709164572567,28.303868066570528 
 09/07  22:00:00,24.309896521424294,27.790393641204667 
 09/07  23:00:00,24.057692506626166,27.54059679255732 
 09/07  24:00:00,23.92729339265862,27.36683121428115 
 09/08  01:00:00,23.73543007222072,27.08871288006982 
 09/08  02:00:00,23.53751954414939,26.809901755295138 
 09/08  03:00:00,23.25159729202768,26.407921164145337 
 09/08  04:00:00,23.061178580991404,26.111254284159423 
 09/08  05:00:00,22.889621994944254,25.82137092075575 
 09/08  06:00:00,22.73509918594304,25.55801101745778 
 09/08  07:00:00,22.706873973186686,25.39735117691991 
 09/08  08:00:00,22.98891328046795,25.588806963284104 
 09/08  09:00:00,23.665310439423459,26.237254637841479 
 09/08  10:00:00,24.475578265474178,27.046924617984723 
 09/08  11:00:00,25.09033793196243,27.73344135681289 
 09/08  12:00:00,25.448665575594974,28.07954693926424 
 09/08  13:00:00,26.02277431368521,28.70098573246622 
 09/08  14:00:00,26.73667189087433,29.55980816363431 
 09/08  15:00:00,27.379089563098679,30.367491549895587 
 09/08  16:00:00,27.51779914840852,30.679752984528585 
 09/08  17:00:00,27.4911838776614,30.801780940249093 
 09/08  18:00:00,27.04655557227921,30.47650700175336 
 09/08  19:00:00,26.248197597890667,29.73497452968591 
 09/08  20:00:00,25.47920814195048,28.959543394527914 
 09/08  21:00:00,25.213210908275209,28.725784869196269 
 09/08  22:00:00,24.790518771381934,28.336238116344917 
 09/08  23:00:00,24.5317604122759,28.072600758810247 
 09/08  24:00:00,24.35878401651429,27.84999751065064 
 09/09  01:00:00,24.179306500056428,27.59394185208994 
 09/09  02:00:00,23.979053291480125,27.3025035013606 
 09/09  03:00:00,23.78621583015394,27.007597821335538 
 09/09  04:00:00,23.635838367509917,26.76100851061453 
 09/09  05:00:00,23.397403609588225,26.388487539486449 
 09/09  06:00:00,23.209694894166725,26.083565868759686 
 09/09  07:00:00,23.173665393104206,25.929424384148406 
 09/09  08:00:00,23.936758213923704,26.661732080129263 
 09/09  09:00:00,25.263341622200934,27.924667602314679 
 09/09  10:00:00,26.502614411594938,29.265975719912853 
 09/09  11:00:00,26.926378018413677,29.797311903906967 
 09/09  12:00:00,27.257955779826177,30.192914924327007 
 09/09  13:00:00,27.704157711565256,30.748583320819816 
 09/09  14:00:00,28.12649690602846,31.393817227672068 
 09/09  15:00:00,28.280440749503609,31.694728657735454 
 09/09  16:00:00,28.59293472812473,32.20217872868116 
 09/09  17:00:00,28.744092818190326,32.479981048753447 
 09/09  18:00:00,28.290364179071717,32.229045824702009 
 09/09  19:00:00,27.317073195294979,31.280255408918195 
 09/09  20:00:00,26.674796310750535,30.640739627176534 
 09/09  21:00:00,26.232931841190579,30.22945920384492 
 09/09  22:00:00,25.695175020722695,29.725702199794918 
 09/09  23:00:00,25.426548024026887,29.445778469943016 
 09/09  24:00:00,25.250341548437278,29.207046953349637 
 09/10  01:00:00,25.08333879997478,28.943033668206306 
 09/10  02:00:00,24.909211094860337,28.65549700906618 
 09/10  03:00:00,24.75275431616781,28.37533830681275 
 09/10  04:00:00,24.579835131889717,28.082854799261669 
 09/10  05:00:00,24.434085306416823,27.838712598059546 
 09/10  06:00:00,24.213754928944863,27.479134121985568 
 09/10  07:00:00,24.19309071828109,27.345887496209568 
 09/10  08:00:00,24.57920698288156,27.704162480343905 
 09/10  09:00:00,25.100490652565818,28.16208957741479 
 09/10  10:00:00,25.567430526344937,28.625148907833628 
 09/10  11:00:00,25.975238768888294,29.042522032985496 
 09/10  12:00:00,26.250747865175059,29.32863935459476 
 09/10  13:00:00,26.49384342571703,29.595971747684016 
 09/10  14:00:00,26.68842516749332,29.826114116033968 
 09/10  15:00:00,26.877982635454637,30.086839646082525 
 09/10  16:00:00,26.832932803643926,30.090439228581816 
 09/10  17:00:00,26.473773968311908,29.71924700930203 
 09/10  18:00:00,25.942267668529789,29.148681461734545 
 09/10  19:00:00,25.48426069322217,28.680380471660326 
 09/10  20:00:00,25.163284142766807,28.37252506694204 
 09/10  21:00:00,24.955050433164069,28.16675170510969 
 09/10  22:00:00,24.774425809287416,27.966843703972029 
 09/10  23:00:00,24.614622755585989,27.773438591862698 
 09/10  24:00:00,24.46261498264526,27.572049584332566 
 09/11  01:00:00,24.30553446936104,27.344451410485747 
 09/11  02:00:00,24.144526127125059,27.103017136533589 
 09/11  03:00:00,23.980722968066396,26.852785786384378 
 09/11  04:00:00,23.854407477098687,26.654846254445716 
 09/11  05:00:00,23.74430165271795,26.47492194444426 
 09/11  06:00:00,23.63997340857177,26.29855932449922 
 09/11  07:00:00,23.554163964751177,26.13791022020161 
 09/11  08:00:00,23.558819444010987,26.080750391902254 
 09/11  09:00:00,23.6948817973883,26.163629927976424 
 09/11  10:00:00,23.947926826657239,26.379373185816683 
 09/11  11:00:00,24.242742990671187,26.659730469996004 
 09/11  12:00:00,24.284125753378285,26.56392712966136 
 09/11  13:00:00,24.533071387499957,26.836814604616249 
 09/11  14:00:00,24.704591969804857,27.084732582547909 
 09/11  15:00:00,24.807837265238886,27.2096591541806 
 09/11  16:00:00,24.752248863168984,27.136053029830099 
 09/11  17:00:00,24.53580661314331,26.903552343856878 
 09/11  18:00:00,24.262522600751333,26.624668672484405 
 09/11  19:00:00,23.86008554693212,26.183170622128114 
 09/11  20:00:00,23.576920193258134,25.87165853520068 
 09/11  21:00:00,23.322737842045727,25.592308374041904 
 09/11  22:00:00,23.063319598708494,25.299490270690414 
 09/11  23:00:00,22.820588066270717,25.017658136073263 
 09/11  24:00:00,22.576476740418177,24.72546489736254 
 09/12  01:00:00,22.36999517587324,24.45710897024598 
 09/12  02:00:00,22.19553693399749,24.208592323887055 
 09/12  03:00:00,22.019674484873904,23.950957318540437 
 09/12  04:00:00,21.86179101351579,23.707807754077704 
 09/12  05:00:00,21.686969656347004,23.44298598265228 
 09/12  06:00:00,21.508379872386987,23.173542380178966 
 09/12  07:00:00,21.43111517360156,23.01109690824474 
 09/12  08:00:00,21.533331137493485,23.026679233304578 
 09/12  09:00:00,21.75565988098943,23.165521315143598 
 09/12  10:00:00,22.1215047017349,23.493952163796597 
 09/12  11:00:00,22.735927229475249,24.017483268773828 
 09/12  12:00:00,23.25531317546035,24.540077113087717 
 09/12  13:00:00,23.591412529895864,24.8928286559324 
 09/12  14:00:00,23.741275435927549,25.081177672533959 
 09/12  15:00:00,23.740790951688106,25.154686327312829 
 09/12  16:00:00,23.693301759375328,25.21666915771311 
 09/12  17:00:00,23.594500789355565,25.21179812784858 
 09/12  18:00:00,23.3264823528046,25.001411632065627 
 09/12  19:00:00,22.981000206688369,24.677662373908548 
 09/12  20:00:00,22.543149866752488,24.262657955759388 
 09/12  21:00:00,22.246502256279535,23.98052282595022 
 09/12  22:00:00,22.000610582221666,23.723103320455477 
 09/12  23:00:00,21.72259329236969,23.423607281679624 
 09/12  24:00:00,21.480525908946836,23.149853383458035 
 09/13  01:00:00,21.165395953909724,22.793989879640763 
 09/13  02:00:00,20.944034289101404,22.51596857471142 
 09/13  03:00:00,20.744308884974346,22.24245105094299 
 09/13  04:00:00,20.568988213739308,21.98401374389567 
 09/13  05:00:00,20.41271520173622,21.741348696194654 
 09/13  06:00:00,20.25838904685998,21.496527851518093 
 09/13  07:00:00,20.272599926684234,21.414924669334487 
 09/13  08:00:00,21.113905158667007,22.21971472152508 
 09/13  09:00:00,22.469914620749369,23.50586652952292 
 09/13  10:00:00,23.884175763993118,24.88200612788703 
 09/13  11:00:00,24.693401713431528,25.774309444276157 
 09/13  12:00:00,25.135749355387099,26.26536650193811 
 09/13  13:00:00,25.808502206652745,27.057734884016058 
 09/13  14:00:00,26.211852817323828,27.75374986589169 
 09/13  15:00:00,26.87443770963051,28.796946863891536 
 09/13  16:00:00,27.646551096684968,29.906018559011199 
 09/13  17:00:00,27.707273430542597,30.30368793761653 
 09/13  18:00:00,26.983005044681055,30.0173744735985 
 09/13  19:00:00,25.895436936580169,29.13875198377698 
 09/13  20:00:00,25.209791358523757,28.65802498143715 
 09/13  21:00:00,24.789381333356503,28.334226183275456 
 09/13  22:00:00,24.23921005316672,27.87543793671771 
 09/13  23:00:00,23.965705120876235,27.592839208488788 
 09/13  24:00:00,23.80732647226927,27.360230480345213 
 09/14  01:00:00,23.5828897991267,27.048059660590505 
 09/14  02:00:00,23.206193198422498,26.553940082158328 
 09/14  03:00:00,22.86475265281971,26.110679948890039 
 09/14  04:00:00,22.651592320591797,25.773255394306334 
 09/14  05:00:00,22.503761757428486,25.482241212985295 
 09/14  06:00:00,22.364144111320866,25.20834877763221 
 09/14  07:00:00,22.39697051438203,25.08270817684281 
 09/14  08:00:00,22.703397529132944,25.29966036687174 
 09/14  09:00:00,23.209245552856218,25.684512163456025 
 09/14  10:00:00,23.96397723734674,26.453689270278944 
 09/14  11:00:00,25.06335794208063,27.54656042640344 
 09/14  12:00:00,26.191837769464866,28.862402467698485 
 09/14  13:00:00,26.665381571914105,29.377636327948474 
 09/14  14:00:00,27.273253070236465,30.148465391337355 
 09/14  15:00:00,27.726697635498977,30.821810572490656 
 09/14  16:00:00,27.994155464421419,31.170948292712759 
 09/14  17:00:00,28.02438724364322,31.364659599474945 
 09/14  18:00:00,27.364018876375189,30.88454178935119 
 09/14  19:00:00,26.388360749412088,29.940566922047688 
 09/14  20:00:00,25.75180689365524,29.31618798705183 
 09/14  21:00:00,25.31143040270155,28.903542095870497 
 09/14  22:00:00,24.750049792715026,28.37198963618652 
 09/14  23:00:00,24.49070247086226,28.069119243624419 
 09/14  24:00:00,24.223844174357628,27.72399998736953 
 09/15  01:00:00,23.922231287634504,27.326432991348314 
 09/15  02:00:00,23.599945199845175,26.891424500270305 
 09/15  03:00:00,23.282904992525315,26.453752613651074 
 09/15  04:00:00,23.023761869422314,26.065381004259075 
 09/15  05:00:00,22.79647090256112,25.696452280879539 
 09/15  06:00:00,22.564516389527915,25.321994235544226 
 09/15  07:00:00,22.530478087796536,25.139989826491364 
 09/15  08:00:00,23.335521036571615,25.85792699005335 
 09/15  09:00:00,24.619352199376054,27.040079304188294 
 09/15  10:00:00,25.997032057021366,28.396433398665207 
 09/15  11:00:00,26.599038173459623,29.07300324040603 
 09/15  12:00:00,27.004180066192928,29.525573612579934 
 09/15  13:00:00,27.472866402097709,30.090528973819283 
 09/15  14:00:00,27.982550294783296,30.789483041498785 
 09/15  15:00:00,28.340943463359417,31.399018239037838 
 09/15  16:00:00,28.528877429742879,31.70620295841529 
 09/15  17:00:00,28.377534128191987,31.76032474688974 
 09/15  18:00:00,27.756950391870736,31.30637034537447 
 09/15  19:00:00,26.84275663443458,30.435978529736674 
 09/15  20:00:00,26.20819996300074,29.86350943704641 
 09/15  21:00:00,25.765170762154939,29.476356641709079 
 09/15  22:00:00,25.230824671970685,29.007150050475585 
 09/15  23:00:00,25.002427963330854,28.741159717543753 
 09/15  24:00:00,24.780229423117509,28.442543133219094 
 09/16  01:00:00,24.556273975747528,28.134561541773765 
 09/16  02:00:00,24.250045993859965,27.715902988659737 
 09/16  03:00:00,24.021799482376275,27.370157038234237 
 09/16  04:00:00,23.77717796981218,26.99170636659656 
 09/16  05:00:00,23.53770246646787,26.616044772904375 
 09/16  06:00:00,23.307908409549069,26.246150192793409 
 09/16  07:00:00,23.23911286031212,26.041394384703293 
 09/16  08:00:00,23.699529938179809,26.422936030724089 
 09/16  09:00:00,24.94138168853335,27.59157563393905 
 09/16  10:00:00,26.304695694449859,28.935833323418345 
 09/16  11:00:00,27.102447396445,29.853677337784228 
 09/16  12:00:00,27.387324504074063,30.165808888982327 
 09/16  13:00:00,27.932243324934946,30.801885916426135 
 09/16  14:00:00,28.134439342837696,31.17221105992426 
 09/16  15:00:00,28.697426805450179,31.879370508486788 
 09/16  16:00:00,28.90055444221222,32.25496625802995 
 09/16  17:00:00,28.58199564180108,32.263836272558638 
 09/16  18:00:00,27.61520773151856,31.366797096274369 
 09/16  19:00:00,26.602186269452557,30.427983373742806 
 09/16  20:00:00,26.140306711688763,30.049992815316018 
 09/16  21:00:00,25.748656706501785,29.71006934694242 
 09/16  22:00:00,25.253950667686973,29.27369136344572 
 09/16  23:00:00,25.015925351881088,28.99889295316818 
 09/16  24:00:00,24.770185878462848,28.679678045117137 
 09/17  01:00:00,24.54144024016778,28.338508649237626 
 09/17  02:00:00,24.334702618481619,27.997063493685876 
 09/17  03:00:00,24.129142013125418,27.645683960020997 
 09/17  04:00:00,23.92733026623116,27.290025941534659 
 09/17  05:00:00,23.736812497938467,26.945787446300977 
 09/17  06:00:00,23.544177916248299,26.59685126532181 
 09/17  07:00:00,23.466274433651468,26.371394169210999 
 09/17  08:00:00,23.608499304821433,26.3779771442407 
 09/17  09:00:00,23.97363712152834,26.694236059888678 
 09/17  10:00:00,24.522960696299188,27.16895618150888 
 09/17  11:00:00,24.985408525526233,27.5866151723152 
 09/17  12:00:00,25.347577831679709,27.898573519067399 
 09/17  13:00:00,25.518869631499844,28.0406364354222 
 09/17  14:00:00,25.529097431008883,28.0501576095709 
 09/17  15:00:00,25.401150691763374,27.941630988874619 
 09/17  16:00:00,25.230493025900367,27.801507068038786 
 09/17  17:00:00,24.992581278439539,27.569831732595224 
 09/17  18:00:00,24.695408204191858,27.249709951631198 
 09/17  19:00:00,24.293887605570697,26.837171459479888 
 09/17  20:00:00,24.024387338084698,26.565583375892076 
 09/17  21:00:00,23.854864011242439,26.383668940827385 
 09/17  22:00:00,23.704855297104399,26.206029114563657 
 09/17  23:00:00,23.55431226175382,26.019258145146059 
 09/17  24:00:00,23.39978526630001,25.820188309287827 
 09/18  01:00:00,23.247952607626723,25.608024724609 
 09/18  02:00:00,23.105668116097055,25.398527806308406 
 09/18  03:00:00,22.9642754341754,25.18512275711844 
 09/18  04:00:00,22.795500271496999,24.93732029030575 
 09/18  05:00:00,22.58810370895547,24.653202853629116 
 09/18  06:00:00,22.367794491496473,24.361045720633137 
 09/18  07:00:00,22.31579993099001,24.24500054964095 
 09/18  08:00:00,22.824210015978936,24.76476657484691 
 09/18  09:00:00,24.148123930427695,26.059184500823798 
 09/18  10:00:00,25.705725925337565,27.69482624124142 
 09/18  11:00:00,26.674988019679487,28.763564407997636 
 09/18  12:00:00,27.272359412616255,29.412035137326748 
 09/18  13:00:00,27.951547211369804,30.18698509458488 
 09/18  14:00:00,28.28250445992665,30.77100903034532 
 09/18  15:00:00,28.90835495451904,31.710868258193373 
 09/18  16:00:00,29.347554404091857,32.42909485871659 
 09/18  17:00:00,29.1979664874131,32.47028471291701 
 09/18  18:00:00,28.14516907502751,31.658637655568623 
 09/18  19:00:00,27.03109186117978,30.5865110787034 
 09/18  20:00:00,26.28772759527357,29.879507914012167 
 09/18  21:00:00,25.7693203003047,29.410235410627338 
 09/18  22:00:00,25.479717786113214,29.14708195158033 
 09/18  23:00:00,25.083148108367973,28.76817818682562 
 09/18  24:00:00,24.890165605542266,28.532229329075898 
 09/19  01:00:00,24.70491364335911,28.258213011491749 
 09/19  02:00:00,24.504095324688927,27.96183299443597 
 09/19  03:00:00,24.308559240630374,27.67123293886369 
 09/19  04:00:00,24.127343649337818,27.389599411180308 
 09/19  05:00:00,23.849217826518048,26.97888866459234 
 09/19  06:00:00,23.592582945166947,26.60606921934817 
 09/19  07:00:00,23.504823619109599,26.39600758776962 
 09/19  08:00:00,24.107095124973616,26.951371820976904 
 09/19  09:00:00,25.313276020940199,28.073772139449358 
 09/19  10:00:00,26.696603150233803,29.485024738955287 
 09/19  11:00:00,27.244651819648145,30.133569338839636 
 09/19  12:00:00,27.579810268916789,30.479645567034785 
 09/19  13:00:00,28.17255814107671,31.11848210127709 
 09/19  14:00:00,28.557594078197796,31.586030718009689 
 09/19  15:00:00,29.18849811950956,32.35983504866071 
 09/19  16:00:00,29.68674892329584,33.01409739663491 
 09/19  17:00:00,29.407043424819194,32.86321230889675 
 09/19  18:00:00,28.351048702698248,31.81943218133408 
 09/19  19:00:00,27.246995425384325,30.685883711879776 
 09/19  20:00:00,26.576384394221575,30.028040305024939 
 09/19  21:00:00,26.11911772612264,29.57513631249114 
 09/19  22:00:00,25.62251763630027,29.081157082348804 
 09/19  23:00:00,25.446362418499523,28.82519064500048 
 09/19  24:00:00,25.273423949248437,28.549240978968009 
 09/20  01:00:00,25.015744153207046,28.192956963684379 
 09/20  02:00:00,24.673746308226514,27.723955930405969 
 09/20  03:00:00,24.078630231712955,26.925411169052805 
 09/20  04:00:00,23.869062420676948,26.645906764201965 
 09/20  05:00:00,23.639284478611349,26.332120493297226 
 09/20  06:00:00,23.23702730365837,25.830043995048898 
 09/20  07:00:00,23.08460602935178,25.55109095170793 
 09/20  08:00:00,23.250898263301797,25.576739253799358 
 09/20  09:00:00,23.881459877928138,26.131237588722635 
 09/20  10:00:00,24.60669155271516,26.76371644101637 
 09/20  11:00:00,25.014664797924433,27.15170187119952 
 09/20  12:00:00,25.55586349012085,27.60611699915075 
 09/20  13:00:00,25.916566180955777,27.97173662740625 
 09/20  14:00:00,26.314266337736897,28.41883206852888 
 09/20  15:00:00,26.664919289121487,28.84260429232799 
 09/20  16:00:00,26.656252740641265,28.89432268944684 
 09/20  17:00:00,26.139920741869785,28.40266558478379 
 09/20  18:00:00,25.430148022912755,27.71159761436706 
 09/20  19:00:00,24.650984434578214,26.969117795154089 
 09/20  20:00:00,24.34249542224481,26.68191828195799 
 09/20  21:00:00,23.87285618243118,26.251839617834756 
 09/20  22:00:00,23.60499951835233,25.98143205240646 
 09/20  23:00:00,23.422403621564329,25.752034727790048 
 09/20  24:00:00,23.24027625833713,25.503993102397695 
 09/21  01:00:00,23.067190615139756,25.259672183507115 
 09/21  02:00:00,22.919556554568925,25.035516185683006 
 09/21  03:00:00,22.77730123137295,24.810401797188175 
 09/21  04:00:00,22.608543344611289,24.555575627624589 
 09/21  05:00:00,22.425699981600169,24.288055001305755 
 09/21  06:00:00,22.234195760128129,24.01046780422689 
 09/21  07:00:00,22.08416467351132,23.770720360103537 
 09/21  08:00:00,22.514259633511139,24.166310590298914 
 09/21  09:00:00,23.593504616930895,25.197490283823293 
 09/21  10:00:00,24.91385257892854,26.52276262027558 
 09/21  11:00:00,25.741409031400388,27.368824974978258 
 09/21  12:00:00,26.272663614667118,27.90400845420198 
 09/21  13:00:00,26.898018090946079,28.65399256216036 
 09/21  14:00:00,27.33164053808941,29.326328921519776 
 09/21  15:00:00,27.786689598604707,30.07702834700332 
 09/21  16:00:00,27.714907408707228,30.225303795916177 
 09/21  17:00:00,27.327945055597295,30.0212133643596 
 09/21  18:00:00,26.392685569779816,29.112885596208245 
 09/21  19:00:00,25.393193228195647,28.197112630511798 
 09/21  20:00:00,24.922358223654116,27.83204649955458 
 09/21  21:00:00,24.512634927190179,27.499042588262257 
 09/21  22:00:00,24.004608591270136,27.0803272182932 
 09/21  23:00:00,23.706267209439049,26.781289169330994 
 09/21  24:00:00,23.49674945408785,26.508404294775028 
 09/22  01:00:00,23.32844866971211,26.24909526480014 
 09/22  02:00:00,23.069066716131098,25.87741692813259 
 09/22  03:00:00,22.872278824645073,25.55985195885541 
 09/22  04:00:00,22.662252681940808,25.222790864619918 
 09/22  05:00:00,22.4472749566417,24.880698663894287 
 09/22  06:00:00,22.241075133038664,24.54557149828429 
 09/22  07:00:00,22.148454633373139,24.32820874126225 
 09/22  08:00:00,22.282567081243469,24.34306422463544 
 09/22  09:00:00,22.64036508965117,24.626209562494866 
 09/22  10:00:00,23.292891170663663,25.256049999232589 
 09/22  11:00:00,24.117419220523744,26.06306293687905 
 09/22  12:00:00,25.105115754732379,27.006235739622185 
 09/22  13:00:00,25.636613190806757,27.56872106895326 
 09/22  14:00:00,26.38470204997591,28.414726465674066 
 09/22  15:00:00,26.988974471928477,29.198459011817094 
 09/22  16:00:00,27.40752067208353,29.797334130785165 
 09/22  17:00:00,27.29928948342616,29.852267212580029 
 09/22  18:00:00,26.450250966131,29.111933362687969 
 09/22  19:00:00,25.480906541495576,28.114283438188229 
 09/22  20:00:00,24.8927080257401,27.58952143344665 
 09/22  21:00:00,24.473352510234244,27.22435390462637 
 09/22  22:00:00,23.937356662771888,26.763230630269164 
 09/22  23:00:00,23.67572450854859,26.49547219684385 
 09/22  24:00:00,23.38441191037713,26.16636664371603 
 09/23  01:00:00,23.147208167337298,25.867796213457625 
 09/23  02:00:00,22.95223589410115,25.5875842307307 
 09/23  03:00:00,22.75901122700047,25.28989513523988 
 09/23  04:00:00,22.598477459580545,25.026265571473965 
 09/23  05:00:00,22.359709128281549,24.652360445532005 
 09/23  06:00:00,22.17032274512068,24.34192246747896 
 09/23  07:00:00,22.12114608540227,24.17584744396755 
 09/23  08:00:00,22.297093876693027,24.243728082344135 
 09/23  09:00:00,22.570499309546436,24.44226907823433 
 09/23  10:00:00,22.81117560313619,24.63678954566919 
 09/23  11:00:00,23.21256236373485,24.935086434438895 
 09/23  12:00:00,23.525223792689709,25.192745159646728 
 09/23  13:00:00,23.681984186644355,25.32925375476141 
 09/23  14:00:00,23.74411237651284,25.404137032101916 
 09/23  15:00:00,23.711594526016446,25.40402258416339 
 09/23  16:00:00,23.898934601687608,25.66621765853619 
 09/23  17:00:00,24.184982608817948,26.00546705923539 
 09/23  18:00:00,24.01478710519355,25.874337515049854 
 09/23  19:00:00,23.343573050671624,25.186243182146684 
 09/23  20:00:00,22.948529766659726,24.776072762039158 
 09/23  21:00:00,22.457087482811166,24.302324279168777 
 09/23  22:00:00,22.25697173711072,24.107283996341076 
 09/23  23:00:00,22.181361764637335,24.00292879888078 
 09/23  24:00:00,22.08052621891657,23.85415745096667 
 09/24  01:00:00,21.88468381049446,23.602280815599625 
 09/24  02:00:00,21.651059474505414,23.30876558211931 
 09/24  03:00:00,21.464249233272896,23.06693901616243 
 09/24  04:00:00,21.240729520568825,22.772772879659827 
 09/24  05:00:00,21.02515040438844,22.4882209149325 
 09/24  06:00:00,20.721377359919815,22.104360296224124 
 09/24  07:00:00,20.62118915549482,21.927339227919373 
 09/24  08:00:00,20.83293449325661,22.0614732782972 
 09/24  09:00:00,21.43923829090573,22.651208207108195 
 09/24  10:00:00,22.236155543653064,23.35009752269151 
 09/24  11:00:00,22.860354885540415,23.91210686808123 
 09/24  12:00:00,23.15517507619287,24.245873862155859 
 09/24  13:00:00,23.645138050654859,24.739175905077418 
 09/24  14:00:00,23.867321812357976,25.033628847410339 
 09/24  15:00:00,23.95962062097351,25.240164564662398 
 09/24  16:00:00,23.802282927012628,25.18585456004839 
 09/24  17:00:00,23.413149262145859,24.849711149384186 
 09/24  18:00:00,22.842978453722084,24.332708915575343 
 09/24  19:00:00,22.441025739816199,23.966560833439116 
 09/24  20:00:00,22.175611361625536,23.75323469868523 
 09/24  21:00:00,21.972007554164148,23.58288882917508 
 09/24  22:00:00,21.818617304904856,23.434464417565736 
 09/24  23:00:00,21.67864185643728,23.274432343666434 
 09/24  24:00:00,21.52908440676976,23.089944153913668 
 09/25  01:00:00,21.34573033392807,22.861234107708584 
 09/25  02:00:00,21.140090633246829,22.601829562268319 
 09/25  03:00:00,20.910756390842065,22.312725118936894 
 09/25  04:00:00,20.804641620353324,22.138936160234157 
 09/25  05:00:00,20.77243360781911,22.030531988748608 
 09/25  06:00:00,20.779438152344726,21.966916165763558 
 09/25  07:00:00,20.722542020901036,21.820709930702525 
 09/25  08:00:00,20.689773611948934,21.71637525815193 
 09/25  09:00:00,20.78825575426019,21.771877174258269 
 09/25  10:00:00,21.084896795301004,22.041215687085889 
 09/25  11:00:00,21.53038331639211,22.418518435374467 
 09/25  12:00:00,21.89682629231977,22.785494296399759 
 09/25  13:00:00,22.171277030503867,23.07984823310069 
 09/25  14:00:00,22.345340509287494,23.28895640311774 
 09/25  15:00:00,22.410818985818744,23.41109700897366 
 09/25  16:00:00,22.47006706563905,23.558266430951759 
 09/25  17:00:00,22.45798926617251,23.622282560143696 
 09/25  18:00:00,22.19687634110991,23.403410539849717 
 09/25  19:00:00,21.863332450618448,23.08785140582725 
 09/25  20:00:00,21.48836080530564,22.742508122916193 
 09/25  21:00:00,21.277936028120359,22.55782627229387 
 09/25  22:00:00,21.142500971546995,22.431821194639317 
 09/25  23:00:00,20.99674250420006,22.275618198625069 
 09/25  24:00:00,20.832046817507228,22.080603646760808 
 09/26  01:00:00,20.688491015825357,21.898602030735476 
 09/26  02:00:00,20.562004579468789,21.72828356840672 
 09/26  03:00:00,20.427966864551548,21.53812642710882 
 09/26  04:00:00,20.286897386191617,21.339915896510037 
 09/26  05:00:00,20.141379230709285,21.13838380452105 
 09/26  06:00:00,19.97645289520667,20.917313469647604 
 09/26  07:00:00,19.966264225893175,20.858544735671406 
 09/26  08:00:00,20.16228345791213,21.006697220362065 
 09/26  09:00:00,20.441246827198066,21.24248754763217 
 09/26  10:00:00,20.905927173060463,21.620062170015769 
 09/26  11:00:00,21.268886687168427,21.955766127166816 
 09/26  12:00:00,21.544992881245237,22.22405092393869 
 09/26  13:00:00,21.70781454210461,22.391830309689305 
 09/26  14:00:00,21.748878612446807,22.469582465140243 
 09/26  15:00:00,21.457039126068769,22.20588958202041 
 09/26  16:00:00,21.322164525551778,22.14789246732692 
 09/26  17:00:00,21.165723975552326,22.045629599390229 
 09/26  18:00:00,20.831069731853334,21.655124997801967 
 09/26  19:00:00,20.546545482471083,21.39511466529979 
 09/26  20:00:00,20.36498468954614,21.25030211769261 
 09/26  21:00:00,20.23385902952252,21.078879274765744 
 09/26  22:00:00,20.143271962263485,20.97435487803484 
 09/26  23:00:00,20.05657949740246,20.87486120506453 
 09/26  24:00:00,19.96067582221743,20.717535149052414 
 09/27  01:00:00,19.84586539543106,20.569459728674116 
 09/27  02:00:00,19.722552083674086,20.415457298190533 
 09/27  03:00:00,19.564950356267688,20.193474718980846 
 09/27  04:00:00,19.469454916965228,20.060769693863194 
 09/27  05:00:00,19.39300985316949,19.94731793613305 
 09/27  06:00:00,19.290340036467634,19.777026979828944 
 09/27  07:00:00,19.22885223131519,19.669228810446357 
 09/27  08:00:00,19.24827753662458,19.65528583543187 
 09/27  09:00:00,19.31398571025824,19.673740082918746 
 09/27  10:00:00,19.585002100889477,19.912131343475655 
 09/27  11:00:00,19.859273557229935,20.168987175212196 
 09/27  12:00:00,19.992811811072256,20.26512213449854 
 09/27  13:00:00,20.290364096650955,20.54355328051745 
 09/27  14:00:00,20.531870102965557,20.761916459429199 
 09/27  15:00:00,20.599939753221933,20.818115321444155 
 09/27  16:00:00,20.508090335268407,20.739999193362764 
 09/27  17:00:00,20.317434188206584,20.578783296069618 
 09/27  18:00:00,20.061346275996905,20.356323295300834 
 09/27  19:00:00,19.79080425347291,20.12524784392961 
 09/27  20:00:00,19.580029660151415,19.953179144685597 
 09/27  21:00:00,19.426244398886895,19.81803864690407 
 09/27  22:00:00,19.348763468327414,19.738933531017694 
 09/27  23:00:00,19.314115686006294,19.683551531285013 
 09/27  24:00:00,19.28420655113224,19.621545229742237 
 09/28  01:00:00,19.179833256981686,19.485243972059747 
 09/28  02:00:00,19.018563527401878,19.300523943826137 
 09/28  03:00:00,18.823854849354896,19.09041025718616 
 09/28  04:00:00,18.595095914424009,18.854542627230566 
 09/28  05:00:00,18.365410116336706,18.601700113491675 
 09/28  06:00:00,18.148359402952154,18.339459367252095 
 09/28  07:00:00,18.04910944226028,18.182804819886628 
 09/28  08:00:00,18.534388135990186,18.64192893156115 
 09/28  09:00:00,19.64402005040973,19.75346065215852 
 09/28  10:00:00,21.18670104312412,21.248509542936 
 09/28  11:00:00,22.31788509634166,22.320297566644955 
 09/28  12:00:00,22.93794300708255,22.964136443601494 
 09/28  13:00:00,23.623048027754636,23.74681888956509 
 09/28  14:00:00,23.84998218592393,24.162129861774124 
 09/28  15:00:00,24.19772328799358,24.758115680121756 
 09/28  16:00:00,24.171132521704285,24.955733711740526 
 09/28  17:00:00,23.737843054609795,24.79881774741235 
 09/28  18:00:00,22.8126246356393,23.958941751617524 
 09/28  19:00:00,21.872373557031467,23.19137009439278 
 09/28  20:00:00,21.575330633607487,22.99300503560843 
 09/28  21:00:00,21.042718436900409,22.626764111051526 
 09/28  22:00:00,20.7354892848155,22.354254932226426 
 09/28  23:00:00,20.409306100075228,22.022138401563674 
 09/28  24:00:00,20.067677891715009,21.658169697400575 
 09/29  01:00:00,19.775268144077026,21.310969465722545 
 09/29  02:00:00,19.521995099561189,20.970582114258585 
 09/29  03:00:00,19.267389398091099,20.61712952107909 
 09/29  04:00:00,19.052110573896394,20.284307725325506 
 09/29  05:00:00,18.868304008549005,19.975621188371059 
 09/29  06:00:00,18.67798001248302,19.653501175522206 
 09/29  07:00:00,18.613917383091225,19.45967498954275 
 09/29  08:00:00,19.170213099727325,19.939725997335139 
 09/29  09:00:00,20.42539574369305,21.1191730682549 
 09/29  10:00:00,21.85773143415627,22.4513104211014 
 09/29  11:00:00,22.758282868781924,23.283856519050607 
 09/29  12:00:00,23.319360908252816,23.809496335849106 
 09/29  13:00:00,24.06694598233303,24.554402734089025 
 09/29  14:00:00,24.604779753556885,25.267914145990866 
 09/29  15:00:00,25.172478789972734,26.096327158280965 
 09/29  16:00:00,25.247080291352839,26.417838776486457 
 09/29  17:00:00,24.799270826455634,26.247213662523209 
 09/29  18:00:00,23.744560905048478,25.220254870188187 
 09/29  19:00:00,22.67853288462704,24.300553168782156 
 09/29  20:00:00,22.2503736547791,23.999701338117839 
 09/29  21:00:00,21.847993123412317,23.69599493886787 
 09/29  22:00:00,21.38815232112162,23.362960984485704 
 09/29  23:00:00,21.165427546891509,23.145766258079314 
 09/29  24:00:00,21.024346558087598,22.936496181874856 
 09/30  01:00:00,20.87443478157068,22.697044872355098 
 09/30  02:00:00,20.70573488791229,22.434069172487925 
 09/30  03:00:00,20.545942033679809,22.17187912540542 
 09/30  04:00:00,20.37199402536657,21.903436963090848 
 09/30  05:00:00,20.089655745287304,21.509954523202233 
 09/30  06:00:00,19.845994422393028,21.17362363869377 
 09/30  07:00:00,19.735510803558346,20.958095294495505 
 09/30  08:00:00,19.845866630945286,20.9478685781988 
 09/30  09:00:00,20.1873614639659,21.208589489048817 
 09/30  10:00:00,20.731832863444006,21.638621044738444 
 09/30  11:00:00,21.141148341599519,21.965611978322039 
 09/30  12:00:00,21.38713397518689,22.130167098136526 
 09/30  13:00:00,21.664214997788159,22.375874990796285 
 09/30  14:00:00,21.942842583749774,22.69449070437939 
 09/30  15:00:00,22.305411625788538,23.068749051026509 
 09/30  16:00:00,22.497717328410447,23.312560929120413 
 09/30  17:00:00,22.44999697823183,23.346519171547415 
 09/30  18:00:00,22.006977855737838,22.93727194743805 
 09/30  19:00:00,21.481585057296429,22.46016137688854 
 09/30  20:00:00,21.137003703303188,22.14763001481367 
 09/30  21:00:00,20.65703367931369,21.741093536643584 
 09/30  22:00:00,20.394864448830224,21.51434357585965 
 09/30  23:00:00,20.25821952885488,21.362416124812179 
 09/30  24:00:00,20.162898721218828,21.224068317513216 
 10/01  01:00:00,20.142563946257757,21.143246996547185 
 10/01  02:00:00,20.074477746781616,21.013319640422976 
 10/01  03:00:00,19.948199569772009,20.829718671303277 
 10/01  04:00:00,19.770225562519437,20.594303859442446 
 10/01  05:00:00,19.571873659006604,20.337283750735066 
 10/01  06:00:00,19.355366119951154,20.06210623253172 
 10/01  07:00:00,19.33991821551774,19.97730710001707 
 10/01  08:00:00,19.871928482056825,20.47074526999429 
 10/01  09:00:00,20.834833452928888,21.371786102587536 
 10/01  10:00:00,21.955231539645277,22.357836622024406 
 10/01  11:00:00,22.35599091692795,22.7593570844615 
 10/01  12:00:00,22.64956945990609,23.06360569968326 
 10/01  13:00:00,23.058348772809496,23.506857933346077 
 10/01  14:00:00,23.17400818203606,23.767323864446789 
 10/01  15:00:00,23.151413255549934,23.919690181492386 
 10/01  16:00:00,22.931871059325038,23.83285944669915 
 10/01  17:00:00,22.532843771887529,23.487720464633179 
 10/01  18:00:00,21.919697912212926,22.949102239013507 
 10/01  19:00:00,21.468951027425314,22.552009010895504 
 10/01  20:00:00,21.129420369351924,22.281670593610806 
 10/01  21:00:00,20.84528216669416,22.04027254615147 
 10/01  22:00:00,20.624175357029995,21.825208185353128 
 10/01  23:00:00,20.43310021696906,21.610158001562593 
 10/01  24:00:00,20.308381330281333,21.436693001261764 
 10/02  01:00:00,20.14939972763892,21.222361815900507 
 10/02  02:00:00,19.940572224208045,20.961387559824204 
 10/02  03:00:00,19.7416406048929,20.70979096040495 
 10/02  04:00:00,19.602854835109797,20.509417508758614 
 10/02  05:00:00,19.510158324384155,20.3429487876976 
 10/02  06:00:00,19.412755689956155,20.169061993271403 
 10/02  07:00:00,19.35604274942183,20.0405202713093 
 10/02  08:00:00,19.413965837088719,20.01908765700966 
 10/02  09:00:00,19.612924577480056,20.13540410618809 
 10/02  10:00:00,19.87888836038558,20.352084868170424 
 10/02  11:00:00,20.2797841924817,20.638022320657467 
 10/02  12:00:00,20.141260864323365,20.459027911913045 
 10/02  13:00:00,20.396162395747849,20.727600373407083 
 10/02  14:00:00,20.641128052140716,20.935174993673134 
 10/02  15:00:00,20.413531069314048,20.683919252946596 
 10/02  16:00:00,20.24406700706398,20.536320526739745 
 10/02  17:00:00,20.07140522694867,20.369297604863307 
 10/02  18:00:00,19.763388193096824,20.035964518655363 
 10/02  19:00:00,19.53870759128534,19.820598382761344 
 10/02  20:00:00,19.409443088368385,19.687026846040067 
 10/02  21:00:00,19.343788676900418,19.590951634939743 
 10/02  22:00:00,19.255140229196845,19.46348766502142 
 10/02  23:00:00,19.143624751817194,19.319084970479037 
 10/02  24:00:00,18.951030168589499,19.103889951986 
 10/03  01:00:00,18.86221481385093,18.994651674060316 
 10/03  02:00:00,18.829473775321025,18.916801639352366 
 10/03  03:00:00,18.763346576409089,18.7999974112387 
 10/03  04:00:00,18.65108297856117,18.648918763765413 
 10/03  05:00:00,18.529459745824505,18.495298697480796 
 10/03  06:00:00,18.42775657045799,18.35101131867501 
 10/03  07:00:00,18.38691937792879,18.256019684859568 
 10/03  08:00:00,18.51130005935152,18.337811062944235 
 10/03  09:00:00,19.070640578385896,18.91040902525188 
 10/03  10:00:00,19.71467541266877,19.528636710495378 
 10/03  11:00:00,20.568672605561923,20.240733973996404 
 10/03  12:00:00,20.87952442304652,20.619884780759344 
 10/03  13:00:00,21.48912012754628,21.243819892746843 
 10/03  14:00:00,21.88221214859105,21.756282087584116 
 10/03  15:00:00,22.189012406378155,22.25577449100498 
 10/03  16:00:00,22.256418515852066,22.51973768899923 
 10/03  17:00:00,21.912006705178,22.28765273496625 
 10/03  18:00:00,21.27724736524334,21.744013403692987 
 10/03  19:00:00,20.515740390447215,21.12135656391893 
 10/03  20:00:00,20.282495515271916,20.9593114890951 
 10/03  21:00:00,19.82490913778902,20.645940020693808 
 10/03  22:00:00,19.5742493482181,20.465075536372248 
 10/03  23:00:00,19.498380235604363,20.371005101936228 
 10/03  24:00:00,19.4672364227193,20.27668549153433 
 10/04  01:00:00,19.300287366200555,20.06141379340691 
 10/04  02:00:00,19.042398976160045,19.780168219200737 
 10/04  03:00:00,18.81259401945882,19.51248544617118 
 10/04  04:00:00,18.648713011875996,19.288682742417469 
 10/04  05:00:00,18.497921059482594,19.070030902002644 
 10/04  06:00:00,18.30912310427681,18.8117569973931 
 10/04  07:00:00,18.2636618594858,18.690149243413577 
 10/04  08:00:00,18.887137125669008,19.27510190424517 
 10/04  09:00:00,20.36807566043943,20.720747764323698 
 10/04  10:00:00,22.10650752530652,22.28874095505938 
 10/04  11:00:00,22.816932053064194,23.022636485997319 
 10/04  12:00:00,23.365825614752894,23.6188157687785 
 10/04  13:00:00,23.990259174473495,24.37345275077447 
 10/04  14:00:00,24.423686549618595,25.03650225588062 
 10/04  15:00:00,24.889963734145519,25.77671784102501 
 10/04  16:00:00,24.916780908703104,26.07649224650678 
 10/04  17:00:00,24.265740020172797,25.597303649084489 
 10/04  18:00:00,23.282327634234365,24.736334541160827 
 10/04  19:00:00,22.341174785489995,23.938773467940324 
 10/04  20:00:00,22.076179252124399,23.776067559487978 
 10/04  21:00:00,21.549364075192324,23.408126556900585 
 10/04  22:00:00,21.287480096749336,23.191497722373929 
 10/04  23:00:00,21.048850128077246,22.952752121726179 
 10/04  24:00:00,20.783489015964585,22.667085497639776 
 10/05  01:00:00,20.58613436787539,22.408814103342384 
 10/05  02:00:00,20.433218614193675,22.159677289626936 
 10/05  03:00:00,20.29083041058911,21.90625458149136 
 10/05  04:00:00,20.124434307405389,21.627957056984749 
 10/05  05:00:00,19.942493828658649,21.342519468366139 
 10/05  06:00:00,19.759554283164044,21.052934542653227 
 10/05  07:00:00,19.727211742552816,20.906791392154465 
 10/05  08:00:00,19.872401159400078,20.927771370098897 
 10/05  09:00:00,20.132129357359344,21.080252976256664 
 10/05  10:00:00,20.519367642713357,21.432912446061523 
 10/05  11:00:00,21.098211327551995,21.939239772289029 
 10/05  12:00:00,21.889154397118124,22.644573648151679 
 10/05  13:00:00,22.476512563694468,23.221338362985159 
 10/05  14:00:00,22.844319671721214,23.651576222096887 
 10/05  15:00:00,23.458922995744154,24.33809726115107 
 10/05  16:00:00,23.378704137721294,24.317552680948205 
 10/05  17:00:00,22.734619405193475,23.722809705626508 
 10/05  18:00:00,22.039405660754857,23.114510094216276 
 10/05  19:00:00,21.793897393824943,22.902265536266083 
 10/05  20:00:00,21.368253184116605,22.554565400685577 
 10/05  21:00:00,21.113418383532467,22.35958935563093 
 10/05  22:00:00,20.9840831508542,22.24442042685164 
 10/05  23:00:00,20.867881847272775,22.10943485251006 
 10/05  24:00:00,20.728489970990539,21.93895484922699 
 10/06  01:00:00,20.611413000356543,21.788892306953856 
 10/06  02:00:00,20.522470004007528,21.660127412003346 
 10/06  03:00:00,20.430774811566807,21.516978089803368 
 10/06  04:00:00,20.309712844315635,21.332629651511835 
 10/06  05:00:00,20.163610552521509,21.125891330021056 
 10/06  06:00:00,19.994272110599007,20.873562650313219 
 10/06  07:00:00,19.895679629600115,20.7302755681599 
 10/06  08:00:00,19.893441480433219,20.694116994519758 
 10/06  09:00:00,19.975444121567866,20.71797731581976 
 10/06  10:00:00,20.21148728131176,20.925047559505236 
 10/06  11:00:00,20.494227827790636,21.17383665689299 
 10/06  12:00:00,20.63257348963304,21.255433410477957 
 10/06  13:00:00,20.796543996457176,21.404311110040358 
 10/06  14:00:00,20.891924342678256,21.4898804887122 
 10/06  15:00:00,20.671743511107846,21.24369895387561 
 10/06  16:00:00,20.502975451454604,21.08307252066411 
 10/06  17:00:00,20.243341398090349,20.826316875058514 
 10/06  18:00:00,19.926744113747135,20.49025354825944 
 10/06  19:00:00,19.499670107123366,20.0731600664391 
 10/06  20:00:00,19.219629860589344,19.79404923593139 
 10/06  21:00:00,19.016202250219906,19.56060553381712 
 10/06  22:00:00,18.87495976932938,19.369022622804168 
 10/06  23:00:00,18.761129187798525,19.198885947091218 
 10/06  24:00:00,18.639211416754909,19.019137049083104 
 10/07  01:00:00,18.487350060481537,18.799275337495105 
 10/07  02:00:00,18.327970873400934,18.565016584880948 
 10/07  03:00:00,18.16179924325305,18.324788020004815 
 10/07  04:00:00,17.959464757489067,18.04617846863309 
 10/07  05:00:00,17.747316288847075,17.754117940752225 
 10/07  06:00:00,17.567984895689848,17.499870796146895 
 10/07  07:00:00,17.500974905869879,17.33625578364899 
 10/07  08:00:00,17.673967224306268,17.40440211574412 
 10/07  09:00:00,18.16648804693459,17.837318393004048 
 10/07  10:00:00,18.67996727790476,18.27257873331878 
 10/07  11:00:00,19.071593885737664,18.593054511850708 
 10/07  12:00:00,19.595080361347283,18.9062512736919 
 10/07  13:00:00,19.89473294420671,19.1391707477374 
 10/07  14:00:00,20.035552675256726,19.35705880348643 
 10/07  15:00:00,20.11955128961535,19.5492709697085 
 10/07  16:00:00,19.970410357885723,19.502106884151759 
 10/07  17:00:00,19.591808364105046,19.217377411332067 
 10/07  18:00:00,18.95668713236838,18.790514430034159 
 10/07  19:00:00,18.57933138902485,18.50414231105107 
 10/07  20:00:00,18.377298026238408,18.32145415478466 
 10/07  21:00:00,18.23143161199164,18.17707418876545 
 10/07  22:00:00,17.999094308501794,17.93732506648582 
 10/07  23:00:00,17.746051401793456,17.654888210737288 
 10/07  24:00:00,17.54052955012829,17.409107563205099 
 10/08  01:00:00,17.25316853339887,17.056385107421347 
 10/08  02:00:00,17.026579050388688,16.765569875548154 
 10/08  03:00:00,16.77842179758736,16.44177812348741 
 10/08  04:00:00,16.658085848507168,16.2387975654197 
 10/08  05:00:00,16.603939989537527,16.103686052274719 
 10/08  06:00:00,16.548316617756947,15.955300213778033 
 10/08  07:00:00,16.53901139258706,15.835215765587196 
 10/08  08:00:00,16.65640712398743,15.833962846889149 
 10/08  09:00:00,16.95093596961603,16.045906448901506 
 10/08  10:00:00,17.88719760568118,16.934402434974098 
 10/08  11:00:00,19.240783173989564,18.30167874650264 
 10/08  12:00:00,21.135476992714389,19.996113720299939 
 10/08  13:00:00,21.857901423202998,20.803038550267464 
 10/08  14:00:00,22.436760874884,21.564344587478084 
 10/08  15:00:00,23.278031047708987,22.651634873898958 
 10/08  16:00:00,23.622407173518327,23.261471531044724 
 10/08  17:00:00,23.13414700712604,22.961950772601179 
 10/08  18:00:00,21.879792106827574,21.83491356954891 
 10/08  19:00:00,20.998722890195105,21.110893989440674 
 10/08  20:00:00,20.4721241049944,20.754420437412628 
 10/08  21:00:00,20.162537974712849,20.543169455383365 
 10/08  22:00:00,19.732559297224009,20.23338265229983 
 10/08  23:00:00,19.515051046460415,20.043125255200498 
 10/08  24:00:00,19.391796290736225,19.891402144249285 
 10/09  01:00:00,19.19232427670408,19.654420681000127 
 10/09  02:00:00,18.972880347628079,19.402744407166354 
 10/09  03:00:00,18.68327889475644,19.059145278071499 
 10/09  04:00:00,18.452607654140114,18.76645686984378 
 10/09  05:00:00,18.242204916994237,18.485765182166945 
 10/09  06:00:00,18.022393513471799,18.189027564102056 
 10/09  07:00:00,17.89914147423862,17.985744447132999 
 10/09  08:00:00,18.37437142391764,18.417017119984906 
 10/09  09:00:00,19.69531672095264,19.720663509016107 
 10/09  10:00:00,21.460746656184864,21.403160067411809 
 10/09  11:00:00,22.683582092882817,22.47550282769484 
 10/09  12:00:00,23.35150187620806,23.15273170080424 
 10/09  13:00:00,24.099424100506555,23.979301601218748 
 10/09  14:00:00,24.318787369191836,24.392257229442959 
 10/09  15:00:00,25.114840205022547,25.459968766472664 
 10/09  16:00:00,25.336151841084147,25.9455122190155 
 10/09  17:00:00,24.664759968839094,25.487955240199498 
 10/09  18:00:00,23.28384380764563,24.2226346565025 
 10/09  19:00:00,22.033071615861198,23.19748492820554 
 10/09  20:00:00,21.564618601671709,22.82790625023075 
 10/09  21:00:00,21.11851905376966,22.48063749797673 
 10/09  22:00:00,20.50423790253662,21.980956404375197 
 10/09  23:00:00,20.169988618819738,21.618794128022075 
 10/09  24:00:00,19.84373217800259,21.234143949733729 
 10/10  01:00:00,19.60260199528758,20.91504767090423 
 10/10  02:00:00,19.40688112135632,20.616053558706605 
 10/10  03:00:00,19.25735303745629,20.36137890704704 
 10/10  04:00:00,19.039828814759916,20.007486847914544 
 10/10  05:00:00,18.875743012785017,19.71947277084209 
 10/10  06:00:00,18.708030515328696,19.422257067239799 
 10/10  07:00:00,18.640946674636177,19.22660947624248 
 10/10  08:00:00,19.164729023426419,19.680142334776478 
 10/10  09:00:00,20.56220397709829,20.961256962863204 
 10/10  10:00:00,21.921416580843038,22.169804416599896 
 10/10  11:00:00,22.76583431963954,22.904611795886355 
 10/10  12:00:00,23.236935706663187,23.326658056811384 
 10/10  13:00:00,23.51281916032151,23.602636877172086 
 10/10  14:00:00,23.537519782817559,23.733787597121468 
 10/10  15:00:00,23.294011591409619,23.670317090036023 
 10/10  16:00:00,23.171277996872147,23.78489209603082 
 10/10  17:00:00,22.983112924034449,23.76847813083309 
 10/10  18:00:00,22.181067152876197,23.020320212674418 
 10/10  19:00:00,21.351577405812045,22.329918653380888 
 10/10  20:00:00,21.055360916764366,22.08532328538653 
 10/10  21:00:00,20.52360070534044,21.666529427850777 
 10/10  22:00:00,20.22484408836262,21.41263770828967 
 10/10  23:00:00,20.079193840159645,21.2331140130957 
 10/10  24:00:00,19.934382770687998,21.022778706409715 
 10/11  01:00:00,19.73299324967444,20.755002517766905 
 10/11  02:00:00,19.51506520411186,20.468271974221435 
 10/11  03:00:00,19.312222752286816,20.182374408522067 
 10/11  04:00:00,19.146918923229394,19.930297549434095 
 10/11  05:00:00,18.881721408765566,19.55054158503886 
 10/11  06:00:00,18.667762941994348,19.235217991502755 
 10/11  07:00:00,18.610663747194204,19.080764704863144 
 10/11  08:00:00,19.108491935248197,19.50438200608325 
 10/11  09:00:00,20.499496169573868,20.81258303026762 
 10/11  10:00:00,21.87567870923938,22.0633111031758 
 10/11  11:00:00,22.783702419147624,22.87741528516179 
 10/11  12:00:00,23.309546727895144,23.375674644007434 
 10/11  13:00:00,23.5474475593514,23.677825553865156 
 10/11  14:00:00,23.869041639426074,24.100422298383454 
 10/11  15:00:00,23.817044418086469,24.238338183036455 
 10/11  16:00:00,23.506415408039115,24.13524933416945 
 10/11  17:00:00,22.941069033342548,23.732088139964018 
 10/11  18:00:00,22.03184408553716,23.005291120459597 
 10/11  19:00:00,21.461600031719997,22.585551604555897 
 10/11  20:00:00,21.29765689267552,22.484840496410173 
 10/11  21:00:00,21.02838334741806,22.29947505375346 
 10/11  22:00:00,20.747104895540504,22.073811251660059 
 10/11  23:00:00,20.52510181255105,21.84807533497821 
 10/11  24:00:00,20.338501556488504,21.62159666472678 
 10/12  01:00:00,20.210337168188365,21.445116911938614 
 10/12  02:00:00,20.126997307079856,21.303651158985873 
 10/12  03:00:00,20.0474392578,21.154323262451176 
 10/12  04:00:00,19.895378619690143,20.925293796066325 
 10/12  05:00:00,19.711401903189988,20.66595811381883 
 10/12  06:00:00,19.52178600650257,20.40366443748681 
 10/12  07:00:00,19.37813508204598,20.190838898445564 
 10/12  08:00:00,19.357382285295004,20.10343180983499 
 10/12  09:00:00,19.586858045034807,20.267225342078647 
 10/12  10:00:00,20.531930390369206,21.212426057548094 
 10/12  11:00:00,21.89683977046931,22.547593474638615 
 10/12  12:00:00,23.725165829036329,24.244257220727257 
 10/12  13:00:00,24.496723175562967,25.084516201829538 
 10/12  14:00:00,25.070059278804324,25.812412739145417 
 10/12  15:00:00,25.905556669869229,26.899667203102948 
 10/12  16:00:00,26.126020974578205,27.386674606085476 
 10/12  17:00:00,25.45858777212087,26.928448587210946 
 10/12  18:00:00,24.010454893326587,25.617347825041045 
 10/12  19:00:00,23.0893879481578,24.795068194654374 
 10/12  20:00:00,22.49047117178523,24.323349828514464 
 10/12  21:00:00,22.07673458179348,23.996028034536566 
 10/12  22:00:00,21.556811784380107,23.603203112135554 
 10/12  23:00:00,21.273656832909379,23.342671909946529 
 10/12  24:00:00,21.084183706472858,23.101199934273823 
 10/13  01:00:00,20.893190867922067,22.827493113997 
 10/13  02:00:00,20.693720267740014,22.53612903186994 
 10/13  03:00:00,20.5028815473704,22.242473200375249 
 10/13  04:00:00,20.350833685501326,21.986162949624928 
 10/13  05:00:00,20.091552855157738,21.601323199012577 
 10/13  06:00:00,19.884292308429907,21.285040104972749 
 10/13  07:00:00,19.825983244747055,21.10044197407425 
 10/13  08:00:00,19.959061198328017,21.089082533229204 
 10/13  09:00:00,20.237931002118196,21.27115729647023 
 10/13  10:00:00,20.726209457213515,21.612090200054639 
 10/13  11:00:00,21.214941820300063,21.99375296094356 
 10/13  12:00:00,21.658085296764996,22.343390198657823 
 10/13  13:00:00,22.042014334310659,22.683478736188538 
 10/13  14:00:00,22.362350434022049,23.006084686280027 
 10/13  15:00:00,22.551059405081067,23.23367436532917 
 10/13  16:00:00,22.557467821132833,23.31903682656122 
 10/13  17:00:00,22.279262861609565,23.12462192346378 
 10/13  18:00:00,21.664942151976044,22.54641934502737 
 10/13  19:00:00,21.273375279211657,22.192259878707337 
 10/13  20:00:00,20.80058663917549,21.795933354241464 
 10/13  21:00:00,20.600020287364268,21.62787911825057 
 10/13  22:00:00,20.416699599276318,21.436366422461526 
 10/13  23:00:00,20.20245988168727,21.203495932095199 
 10/13  24:00:00,19.97841258333791,20.957337726004654 
 10/14  01:00:00,19.750431564615917,20.69781110920272 
 10/14  02:00:00,19.5357769064576,20.441419539047574 
 10/14  03:00:00,19.282589009181924,20.143594408066183 
 10/14  04:00:00,19.079348595747825,19.888790888854737 
 10/14  05:00:00,18.929896286893358,19.667197227983633 
 10/14  06:00:00,18.785727777131457,19.43958949324143 
 10/14  07:00:00,18.72319101137022,19.2902790886839 
 10/14  08:00:00,19.13956002317501,19.644817974330594 
 10/14  09:00:00,20.45023235650947,20.889532378605865 
 10/14  10:00:00,22.186474855246396,22.529829589335507 
 10/14  11:00:00,23.518175627047144,23.750488456583306 
 10/14  12:00:00,24.218720540185257,24.45593697165481 
 10/14  13:00:00,24.411509696237006,24.719625956704875 
 10/14  14:00:00,24.14645824072406,24.61536997004002 
 10/14  15:00:00,23.56493949484523,24.204877028613674 
 10/14  16:00:00,22.916265498639218,23.798302960920908 
 10/14  17:00:00,22.533534523657385,23.497886358082874 
 10/14  18:00:00,21.948690666374679,23.049066179772127 
 10/14  19:00:00,21.500127756841886,22.69902882260709 
 10/14  20:00:00,20.878966555037289,22.231754828816656 
 10/14  21:00:00,20.509812080847433,21.91034424863291 
 10/14  22:00:00,20.17975095649412,21.58969833126649 
 10/14  23:00:00,19.870062885793688,21.261193482279304 
 10/14  24:00:00,19.582496697188824,20.91535874647414 
 10/15  01:00:00,19.361320352963469,20.61149719797229 
 10/15  02:00:00,19.161688274995986,20.310574835195923 
 10/15  03:00:00,18.973700429146335,20.00870148071107 
 10/15  04:00:00,18.78848446429064,19.702683652196109 
 10/15  05:00:00,18.613764363832105,19.40637726892858 
 10/15  06:00:00,18.464071521345717,19.14691255030111 
 10/15  07:00:00,18.355488272355286,18.90774057461755 
 10/15  08:00:00,18.63796224973104,19.071039259822965 
 10/15  09:00:00,20.02711998158631,20.405959371136214 
 10/15  10:00:00,21.616211560825375,21.880561516931498 
 10/15  11:00:00,22.79470142619611,22.946237153632116 
 10/15  12:00:00,23.39341564074278,23.479146682672707 
 10/15  13:00:00,24.176612149635309,24.17261255233726 
 10/15  14:00:00,24.359706909375939,24.547003440617595 
 10/15  15:00:00,25.12809205094427,25.506817532284346 
 10/15  16:00:00,25.12330524706384,25.711397304045648 
 10/15  17:00:00,24.36598786655164,25.108074447470348 
 10/15  18:00:00,22.878881910387855,23.73735124994888 
 10/15  19:00:00,21.877074298626046,22.878081263395154 
 10/15  20:00:00,21.199556146455323,22.325994211416615 
 10/15  21:00:00,20.52869098861407,21.75695399987795 
 10/15  22:00:00,20.295789880514133,21.489382615823858 
 10/15  23:00:00,19.910186055568667,21.071362288503076 
 10/15  24:00:00,19.67434877210945,20.75745884897865 
 10/16  01:00:00,19.404745293791707,20.387581392757214 
 10/16  02:00:00,19.127511629434694,19.997519559387699 
 10/16  03:00:00,18.863302501197276,19.612998923222798 
 10/16  04:00:00,18.603254270471348,19.221233219794436 
 10/16  05:00:00,18.334919704696234,18.822434847870693 
 10/16  06:00:00,18.071286168333537,18.42538627822745 
 10/16  07:00:00,17.95942799462975,18.183490942759844 
 10/16  08:00:00,18.34246061871371,18.45380613200594 
 10/16  09:00:00,19.576008567985565,19.598428013348405 
 10/16  10:00:00,21.04809731838968,20.852372772517677 
 10/16  11:00:00,21.601087490753938,21.34095826417878 
 10/16  12:00:00,21.993952991287324,21.685534457725625 
 10/16  13:00:00,22.62202615017651,22.238661914589696 
 10/16  14:00:00,22.96894076691499,22.702911359397836 
 10/16  15:00:00,23.387387631635059,23.27099206928947 
 10/16  16:00:00,23.216426815730956,23.2614270098831 
 10/16  17:00:00,22.358314147932828,22.573003033283276 
 10/16  18:00:00,21.232470312869308,21.599308972827044 
 10/16  19:00:00,20.54905513398337,21.05370540569889 
 10/16  20:00:00,20.15515616133483,20.73104672769092 
 10/16  21:00:00,19.65830228961605,20.307034553385333 
 10/16  22:00:00,19.41969227786215,20.061545662387318 
 10/16  23:00:00,19.28135629263371,19.867851162474574 
 10/16  24:00:00,19.09908856792708,19.619302604148908 
 10/17  01:00:00,18.89206337095516,19.343770079919456 
 10/17  02:00:00,18.6725513590915,19.048765639692897 
 10/17  03:00:00,18.484965685178947,18.793661824031714 
 10/17  04:00:00,18.233457214179187,18.43437150027305 
 10/17  05:00:00,18.016650269466667,18.10876488030855 
 10/17  06:00:00,17.7903737851572,17.76705368773113 
 10/17  07:00:00,17.728619641345899,17.587024190426953 
 10/17  08:00:00,17.798831221342764,17.520771589484764 
 10/17  09:00:00,18.044767853419086,17.62963624134564 
 10/17  10:00:00,18.360234780785178,17.84894195389168 
 10/17  11:00:00,18.80116490787657,18.13155444562419 
 10/17  12:00:00,19.14534558747996,18.377893672255014 
 10/17  13:00:00,19.489848948138716,18.688159044143977 
 10/17  14:00:00,19.863030697462756,19.073649861829784 
 10/17  15:00:00,20.163743316230943,19.406035278922788 
 10/17  16:00:00,19.9678661122403,19.265597987870618 
 10/17  17:00:00,19.382168745623859,18.776210631919584 
 10/17  18:00:00,18.73107471728667,18.31698077430626 
 10/17  19:00:00,18.534372988573759,18.14684666772963 
 10/17  20:00:00,18.311101039160783,17.966914578112207 
 10/17  21:00:00,18.086826215954159,17.783755484252873 
 10/17  22:00:00,17.93197426132151,17.630580186110835 
 10/17  23:00:00,17.82892256568033,17.498420584435544 
 10/17  24:00:00,17.71281611301319,17.339729338567659 
 10/18  01:00:00,17.55212520799568,17.129046153267365 
 10/18  02:00:00,17.370467111273,16.892621188529348 
 10/18  03:00:00,17.185884111087529,16.647879875345724 
 10/18  04:00:00,17.022336883458139,16.418194519706689 
 10/18  05:00:00,16.851054165584494,16.176612127715268 
 10/18  06:00:00,16.659530034473904,15.912056740714107 
 10/18  07:00:00,16.63373199441795,15.802869865035966 
 10/18  08:00:00,16.74900222517273,15.824439726189612 
 10/18  09:00:00,16.971705059643996,15.947855227210745 
 10/18  10:00:00,17.244257969289749,16.150338713986345 
 10/18  11:00:00,17.642038050562769,16.43442224446156 
 10/18  12:00:00,17.94247147765965,16.67546069254583 
 10/18  13:00:00,18.620085381973114,17.393931703608275 
 10/18  14:00:00,19.697898678328437,18.54727600334924 
 10/18  15:00:00,21.203386656699459,20.102402637081878 
 10/18  16:00:00,21.86236677472744,20.89214166152481 
 10/18  17:00:00,21.360902931067586,20.5035933308954 
 10/18  18:00:00,20.277841070932558,19.51743710094574 
 10/18  19:00:00,19.240128289514055,18.826664321351463 
 10/18  20:00:00,18.96637257307173,18.653248758682758 
 10/18  21:00:00,18.473994543457296,18.308798099619268 
 10/18  22:00:00,18.228698417510594,18.111650073302728 
 10/18  23:00:00,17.98080840738232,17.877133738977809 
 10/18  24:00:00,17.711242130130488,17.599080900599309 
 10/19  01:00:00,17.491385050188236,17.348268578221885 
 10/19  02:00:00,17.29528587453668,17.102227832353568 
 10/19  03:00:00,17.10245859276475,16.846438604107104 
 10/19  04:00:00,16.942764430090319,16.615234668234245 
 10/19  05:00:00,16.796278510195859,16.390395751856035 
 10/19  06:00:00,16.658622742984837,16.169995558643668 
 10/19  07:00:00,16.629209461243648,16.06376559626136 
 10/19  08:00:00,16.95165752209281,16.31199468873462 
 10/19  09:00:00,18.227384488424997,17.548217118431997 
 10/19  10:00:00,19.87439719973556,19.15560437525939 
 10/19  11:00:00,21.226335116314698,20.365581493216636 
 10/19  12:00:00,21.99246444023793,21.120712690892416 
 10/19  13:00:00,22.570547641535869,21.771273040188239 
 10/19  14:00:00,23.084072143089565,22.49343351883804 
 10/19  15:00:00,23.262020585175266,22.87673177663822 
 10/19  16:00:00,23.3680581627884,23.300103424011156 
 10/19  17:00:00,22.669259986112026,22.768894844579319 
 10/19  18:00:00,21.41264385462783,21.67779955696129 
 10/19  19:00:00,20.59750054932569,21.099801662744768 
 10/19  20:00:00,20.075930262203607,20.735952080980696 
 10/19  21:00:00,19.72959338393445,20.485918107705588 
 10/19  22:00:00,19.264345580525807,20.116348840655684 
 10/19  23:00:00,18.980102735750039,19.830373126816128 
 10/19  24:00:00,18.75434125522043,19.54656156702334 
 10/20  01:00:00,18.57300451791724,19.29860945745877 
 10/20  02:00:00,18.414207729622587,19.065894721201877 
 10/20  03:00:00,18.26580080305564,18.829930928991354 
 10/20  04:00:00,18.10462035670142,18.566109807155998 
 10/20  05:00:00,17.947622899682118,18.298692004961656 
 10/20  06:00:00,17.78340955582605,18.022481744073976 
 10/20  07:00:00,17.70148361642272,17.833385533296857 
 10/20  08:00:00,17.94689841390768,17.986699049224609 
 10/20  09:00:00,19.182637343430384,19.1867005635361 
 10/20  10:00:00,20.855725781011335,20.773858651626264 
 10/20  11:00:00,22.189118245186543,21.983404384219076 
 10/20  12:00:00,23.025235957521138,22.707966295569329 
 10/20  13:00:00,23.707231087397028,23.434972202112136 
 10/20  14:00:00,24.299611388320444,24.219270965100955 
 10/20  15:00:00,24.952395281240823,25.110969702920398 
 10/20  16:00:00,24.987287900403055,25.387394876922728 
 10/20  17:00:00,24.179879131441657,24.80892226472012 
 10/20  18:00:00,22.734748824107859,23.487367858690776 
 10/20  19:00:00,21.85702664296922,22.78908101453991 
 10/20  20:00:00,21.25758624276687,22.338184795101694 
 10/20  21:00:00,20.828037630300984,22.029624081701415 
 10/20  22:00:00,20.32728700639727,21.651636374730253 
 10/20  23:00:00,20.079602290072967,21.400373422322926 
 10/20  24:00:00,19.921491626051375,21.169487669579607 
 10/21  01:00:00,19.70640344515073,20.872873821631797 
 10/21  02:00:00,19.5141865631956,20.60753205688514 
 10/21  03:00:00,19.24060774494741,20.228039010231237 
 10/21  04:00:00,19.04815441457014,19.934222073783418 
 10/21  05:00:00,18.843943504225157,19.615685568313834 
 10/21  06:00:00,18.651433849154804,19.3118033766347 
 10/21  07:00:00,18.603871933897204,19.154802336477947 
 10/21  08:00:00,18.78226658226121,19.23234127480884 
 10/21  09:00:00,19.490527437959388,19.864555030463426 
 10/21  10:00:00,20.69470800286515,20.98471096544752 
 10/21  11:00:00,22.104217179394625,22.283367580662359 
 10/21  12:00:00,23.253699954044749,23.33653053721592 
 10/21  13:00:00,24.08049290960229,24.089741606848315 
 10/21  14:00:00,24.531467309053288,24.66749955864385 
 10/21  15:00:00,25.247286667341485,25.595020245314666 
 10/21  16:00:00,25.296258687073526,25.85621928643572 
 10/21  17:00:00,24.44333827039573,25.233589163295595 
 10/21  18:00:00,23.04384419939276,23.94008219200323 
 10/21  19:00:00,22.19816397384453,23.25041513765563 
 10/21  20:00:00,21.649789034824435,22.827215145930596 
 10/21  21:00:00,21.26915351387767,22.5322323299379 
 10/21  22:00:00,20.772181369212097,22.157559198963047 
 10/21  23:00:00,20.484458351581748,21.88199673995383 
 10/21  24:00:00,20.300410387456233,21.635534469342355 
 10/22  01:00:00,20.105761258163154,21.362530706941926 
 10/22  02:00:00,19.900628050646167,21.08078209769272 
 10/22  03:00:00,19.69464964853749,20.78806534792196 
 10/22  04:00:00,19.49887632547962,20.494902877720969 
 10/22  05:00:00,19.33890732528573,20.245005490496998 
 10/22  06:00:00,19.101314299520323,19.888357937388599 
 10/22  07:00:00,18.995428269514343,19.673340813945896 
 10/22  08:00:00,19.196383207089469,19.775552195793965 
 10/22  09:00:00,20.386129568197036,20.896233476070714 
 10/22  10:00:00,22.084109475435758,22.465381707469274 
 10/22  11:00:00,23.389068553163328,23.671725228187 
 10/22  12:00:00,24.185710685853207,24.381821927962386 
 10/22  13:00:00,24.848315705877565,25.064255483828587 
 10/22  14:00:00,25.405751531379396,25.786242082266509 
 10/22  15:00:00,25.971227305490669,26.641889069558397 
 10/22  16:00:00,25.872647342275344,26.843873757385578 
 10/22  17:00:00,24.750488283998516,25.934664517287847 
 10/22  18:00:00,23.48907924602963,24.756520643331784 
 10/22  19:00:00,22.744106870851306,24.18117815619778 
 10/22  20:00:00,22.330187573623858,23.881074814949057 
 10/22  21:00:00,21.75218916976292,23.476333582168537 
 10/22  22:00:00,21.515176966411319,23.24863787905352 
 10/22  23:00:00,21.303006219028519,22.99320666612572 
 10/22  24:00:00,21.097395946389665,22.732050117339698 
 10/23  01:00:00,20.76881975596236,22.341527955073347 
 10/23  02:00:00,20.5082648676511,22.005831126088539 
 10/23  03:00:00,20.23164711598553,21.640109214900293 
 10/23  04:00:00,20.05592981926719,21.37092425544503 
 10/23  05:00:00,19.940642876245339,21.14824455916586 
 10/23  06:00:00,19.826747135854576,20.929043791096406 
 10/23  07:00:00,19.791598013959363,20.773187331067957 
 10/23  08:00:00,19.962924658292498,20.828822598514674 
 10/23  09:00:00,20.776913571480465,21.5861953420758 
 10/23  10:00:00,21.741778177538988,22.46132673304606 
 10/23  11:00:00,22.71900526769054,23.23118289749463 
 10/23  12:00:00,23.041189979610289,23.57404085465537 
 10/23  13:00:00,23.206894968548807,23.73761447102383 
 10/23  14:00:00,23.109183354449454,23.648421917495825 
 10/23  15:00:00,22.758763788547314,23.35954924820154 
 10/23  16:00:00,22.367699310842789,23.120814905815366 
 10/23  17:00:00,22.036907301148795,22.891607956048028 
 10/23  18:00:00,21.62267904058698,22.554543468766327 
 10/23  19:00:00,21.27152578776129,22.255979410719065 
 10/23  20:00:00,20.99409170649738,22.01481674305113 
 10/23  21:00:00,20.737703057863166,21.7780975995378 
 10/23  22:00:00,20.547390477113525,21.588287285060799 
 10/23  23:00:00,20.405683984407344,21.423982017592548 
 10/23  24:00:00,20.31600877644968,21.293165768642397 
 10/24  01:00:00,20.145416754212279,21.072794656471655 
 10/24  02:00:00,19.944463340046555,20.824832028445653 
 10/24  03:00:00,19.767740481435874,20.598564809906298 
 10/24  04:00:00,19.601553011438307,20.37983148538776 
 10/24  05:00:00,19.43714732048271,20.16058278731933 
 10/24  06:00:00,19.254142672572447,19.92350135600363 
 10/24  07:00:00,19.172164231641607,19.775912558971148 
 10/24  08:00:00,19.195692908265867,19.707512236428973 
 10/24  09:00:00,19.139964644794245,19.561063659133624 
 10/24  10:00:00,19.414651324934398,19.77009714165553 
 10/24  11:00:00,19.690293832125144,19.988551430809208 
 10/24  12:00:00,19.77035610642868,19.987108647013739 
 10/24  13:00:00,20.019671597425316,20.183644025371213 
 10/24  14:00:00,20.217525780007539,20.326423553043186 
 10/24  15:00:00,20.101500213785287,20.18363061457565 
 10/24  16:00:00,19.959021908264135,20.051048578568929 
 10/24  17:00:00,19.734044257836904,19.836086069431983 
 10/24  18:00:00,19.442596691425693,19.542596711374704 
 10/24  19:00:00,19.251246160996908,19.377265421324848 
 10/24  20:00:00,19.134677121786774,19.266348190051354 
 10/24  21:00:00,19.079557706308206,19.18928547180744 
 10/24  22:00:00,18.972945183453566,19.05169891664522 
 10/24  23:00:00,18.826169490960888,18.886232089895495 
 10/24  24:00:00,18.680908704448624,18.729710134464466 
 10/25  01:00:00,18.579603504465756,18.599344515663036 
 10/25  02:00:00,18.4727761193579,18.450527484219987 
 10/25  03:00:00,18.357680710821854,18.2929324173965 
 10/25  04:00:00,18.23588051399545,18.12709493122239 
 10/25  05:00:00,18.10086584748869,17.95062948277007 
 10/25  06:00:00,17.96274917733178,17.770713799710017 
 10/25  07:00:00,17.860872264739926,17.621105022989789 
 10/25  08:00:00,17.845846312716849,17.552276649044364 
 10/25  09:00:00,17.921476082778946,17.57775893656414 
 10/25  10:00:00,18.128292036586634,17.741181017975284 
 10/25  11:00:00,18.382572454865394,17.956812143177048 
 10/25  12:00:00,18.606954520635278,18.14990018484643 
 10/25  13:00:00,18.75981843003765,18.28522294607212 
 10/25  14:00:00,18.838448928356585,18.362519233228004 
 10/25  15:00:00,18.816219909076485,18.353721858967874 
 10/25  16:00:00,18.659993959145557,18.23430533962388 
 10/25  17:00:00,18.376291042035779,17.971633960773049 
 10/25  18:00:00,17.939678999696367,17.576950572402077 
 10/25  19:00:00,17.645261074012887,17.28738587425118 
 10/25  20:00:00,17.406242720902858,17.035250013977284 
 10/25  21:00:00,17.17113458037946,16.774050975735386 
 10/25  22:00:00,16.92363870986553,16.489644485306504 
 10/25  23:00:00,16.552385728452678,16.045778108028018 
 10/25  24:00:00,16.221731664880715,15.649420597086947 
 10/26  01:00:00,15.879371274522793,15.22239985433971 
 10/26  02:00:00,15.550933086344639,14.79602578456733 
 10/26  03:00:00,15.213822417249049,14.351125045716739 
 10/26  04:00:00,14.920977590653657,13.941633881821428 
 10/26  05:00:00,14.643426171633502,13.54075768629543 
 10/26  06:00:00,14.362253436486786,13.127611905954124 
 10/26  07:00:00,14.244539423938159,12.876657407686974 
 10/26  08:00:00,14.366136086262899,12.884510222590354 
 10/26  09:00:00,15.63902474424696,14.062026230607744 
 10/26  10:00:00,17.28665828458729,15.633462518066914 
 10/26  11:00:00,18.475957988802749,16.75210575954587 
 10/26  12:00:00,19.246143219682819,17.443734264524346 
 10/26  13:00:00,19.90616561903031,18.07393748395241 
 10/26  14:00:00,20.274214140902779,18.57640246942904 
 10/26  15:00:00,21.201519938667248,19.6221169509757 
 10/26  16:00:00,21.114115691628137,19.71830223572006 
 10/26  17:00:00,20.046823714082323,18.99589457904599 
 10/26  18:00:00,18.62801125931268,17.712992013010156 
 10/26  19:00:00,17.78135700008624,16.987405742392956 
 10/26  20:00:00,17.228080510322003,16.498340517124999 
 10/26  21:00:00,16.84439355231973,16.144493455472984 
 10/26  22:00:00,16.389897813328934,15.692184373644074 
 10/26  23:00:00,16.149747594942327,15.399570529670708 
 10/26  24:00:00,15.895991731714432,15.069663881474892 
 10/27  01:00:00,15.6187927582761,14.693048980854222 
 10/27  02:00:00,15.343772777382205,14.302911519794656 
 10/27  03:00:00,15.078963007199706,13.913211794060265 
 10/27  04:00:00,14.888426911570417,13.597261360301906 
 10/27  05:00:00,14.718236982850876,13.306655767889414 
 10/27  06:00:00,14.56512198814078,13.01189508141094 
 10/27  07:00:00,14.556781391276177,12.849101850371694 
 10/27  08:00:00,14.732602755821427,12.864120988405443 
 10/27  09:00:00,15.629149897641776,13.646563819972581 
 10/27  10:00:00,17.09913393344969,14.989802176607136 
 10/27  11:00:00,18.719812156981257,16.42982570564186 
 10/27  12:00:00,19.69147895145629,17.39631501775908 
 10/27  13:00:00,20.389847885618907,18.10727957261574 
 10/27  14:00:00,20.953394117114187,18.783792948739199 
 10/27  15:00:00,21.596153763643387,19.654994356237464 
 10/27  16:00:00,21.628510830312139,19.92776950629937 
 10/27  17:00:00,20.754797900965476,19.31069595834484 
 10/27  18:00:00,19.451831925945208,18.35567263901321 
 10/27  19:00:00,18.65514561205241,17.770812233935737 
 10/27  20:00:00,18.099930005739627,17.36963762813013 
 10/27  21:00:00,17.700082558013177,17.055635805352524 
 10/27  22:00:00,17.26506040076245,16.70127891964904 
 10/27  23:00:00,17.026397566730219,16.474680182560858 
 10/27  24:00:00,16.851383825711513,16.270366048696997 
 10/28  01:00:00,16.629808885813949,15.998302549101164 
 10/28  02:00:00,16.432226205576375,15.745378249642851 
 10/28  03:00:00,16.163135426259154,15.383459471163569 
 10/28  04:00:00,15.983327033719064,15.113903933738712 
 10/28  05:00:00,15.839704621106919,14.8825366140239 
 10/28  06:00:00,15.694190641758086,14.6518615978368 
 10/28  07:00:00,15.70244188029369,14.549083695133719 
 10/28  08:00:00,15.84767210903866,14.566795485353243 
 10/28  09:00:00,16.174456411229678,14.795395749098308 
 10/28  10:00:00,16.74274517721976,15.249145139756174 
 10/28  11:00:00,17.47821095523671,15.831437284667839 
 10/28  12:00:00,18.084599405704365,16.329501963203925 
 10/28  13:00:00,18.348703310789383,16.62330000788985 
 10/28  14:00:00,18.814294057578385,17.031519516654219 
 10/28  15:00:00,19.001609479139878,17.249680494107254 
 10/28  16:00:00,18.890509503255264,17.304406931426777 
 10/28  17:00:00,18.529812376559336,17.09263157443948 
 10/28  18:00:00,17.98640691840383,16.728250304084548 
 10/28  19:00:00,17.731505963719859,16.600358972548077 
 10/28  20:00:00,17.515071598615039,16.509027801344865 
 10/28  21:00:00,17.411688407918186,16.47676368751075 
 10/28  22:00:00,17.27792722918098,16.386650782207199 
 10/28  23:00:00,17.101642251855635,16.24066679828926 
 10/28  24:00:00,16.91939469346667,16.074261565500448 
 10/29  01:00:00,16.79228928956154,15.941806578928777 
 10/29  02:00:00,16.695293001090844,15.823470403767999 
 10/29  03:00:00,16.597047540509594,15.694075100908713 
 10/29  04:00:00,16.5231665336299,15.582314844734365 
 10/29  05:00:00,16.471277217496448,15.483351755433852 
 10/29  06:00:00,16.41444381116571,15.379373636443328 
 10/29  07:00:00,16.42385151824247,15.328874979657144 
 10/29  08:00:00,16.522198823597824,15.354720923528316 
 10/29  09:00:00,16.810202229189089,15.61683927644365 
 10/29  10:00:00,17.576638875417026,16.37337619137365 
 10/29  11:00:00,18.6224907613179,17.45366844138804 
 10/29  12:00:00,19.73750227923573,18.614507106411968 
 10/29  13:00:00,20.662980373611803,19.628489335247708 
 10/29  14:00:00,21.70578177084397,20.846296601583256 
 10/29  15:00:00,22.5590557689639,21.957665169396106 
 10/29  16:00:00,22.677613071698255,22.281543175601603 
 10/29  17:00:00,21.953260954901844,21.719859785286205 
 10/29  18:00:00,20.82848288847069,20.703592950414217 
 10/29  19:00:00,20.108738750803565,20.12413793477226 
 10/29  20:00:00,19.697416799059835,19.849452423416545 
 10/29  21:00:00,19.12048809585655,19.43146340907257 
 10/29  22:00:00,18.912864141227435,19.27958286089684 
 10/29  23:00:00,18.876800572320499,19.239963100244795 
 10/29  24:00:00,18.800568264588678,19.14371192996203 
 10/30  01:00:00,18.724041125906369,19.040621271800405 
 10/30  02:00:00,18.68508187288571,18.97274346459304 
 10/30  03:00:00,18.678311330896798,18.925986697483677 
 10/30  04:00:00,18.616847290230959,18.82292304784706 
 10/30  05:00:00,18.514025007972227,18.68435505021243 
 10/30  06:00:00,18.405678147326286,18.535919557813313 
 10/30  07:00:00,18.34747540968326,18.434878759070359 
 10/30  08:00:00,18.342154770556577,18.382547461667398 
 10/30  09:00:00,18.437625699269306,18.433601615986395 
 10/30  10:00:00,18.70461948400503,18.662329309856707 
 10/30  11:00:00,18.981361698221578,18.928076100392685 
 10/30  12:00:00,19.41158984687884,19.268681767894408 
 10/30  13:00:00,19.875124763830685,19.742059399641279 
 10/30  14:00:00,20.474216424958365,20.427001428297694 
 10/30  15:00:00,21.363025838099504,21.383904083030566 
 10/30  16:00:00,21.44720100896477,21.532699279638075 
 10/30  17:00:00,20.50416741036487,20.622232427743538 
 10/30  18:00:00,19.447557147975915,19.712181582104848 
 10/30  19:00:00,19.140498574492079,19.47501821602752 
 10/30  20:00:00,18.64532933044032,19.06739992731994 
 10/30  21:00:00,18.378333363812759,18.81819413105042 
 10/30  22:00:00,18.22896948159638,18.636637130636026 
 10/30  23:00:00,18.069541156131188,18.425783558290836 
 10/30  24:00:00,17.90528883067532,18.198409428744257 
 10/31  01:00:00,17.681728902199337,17.901374426177765 
 10/31  02:00:00,17.492861842199717,17.64183740458523 
 10/31  03:00:00,17.221637323027119,17.265103048890027 
 10/31  04:00:00,17.131858504363984,17.07722874460864 
 10/31  05:00:00,17.116792617797388,16.969277846746104 
 10/31  06:00:00,17.082943918257649,16.848565100649716 
 10/31  07:00:00,17.074065292739609,16.742019701152473 
 10/31  08:00:00,17.14358191195639,16.695046838642854 
 10/31  09:00:00,17.321574024885675,16.759068230957565 
 10/31  10:00:00,17.65176921126524,17.011409302044436 
 10/31  11:00:00,18.159458999925734,17.3674817535883 
 10/31  12:00:00,18.612895765885669,17.70111476053667 
 10/31  13:00:00,18.945178052978819,17.92290040023233 
 10/31  14:00:00,19.11095784172091,18.044082404039416 
 10/31  15:00:00,19.12680373749458,18.0914403595084 
 10/31  16:00:00,18.942047712404447,18.014411623473376 
 10/31  17:00:00,18.696842002851065,17.85747154103406 
 10/31  18:00:00,18.31505504745873,17.667281147171488 
 10/31  19:00:00,18.086159112947933,17.55482020904064 
 10/31  20:00:00,17.949453458094177,17.463986614728066 
 10/31  21:00:00,17.7946567075051,17.335094745162338 
 10/31  22:00:00,17.598339099655317,17.15806258883459 
 10/31  23:00:00,17.365034875935927,16.924543487782399 
 10/31  24:00:00,17.093388386070115,16.63062927870057 
 11/01  01:00:00,16.838283342069823,16.341427659307884 
 11/01  02:00:00,16.49554325269253,15.932500626221899 
 11/01  03:00:00,16.24455835744656,15.623082722083773 
 11/01  04:00:00,15.999742480557071,15.313228874925596 
 11/01  05:00:00,15.774128911848369,15.010530596301085 
 11/01  06:00:00,15.538135664172792,14.689595590995332 
 11/01  07:00:00,15.453820005545533,14.518885904124464 
 11/01  08:00:00,15.496555026699449,14.479564110841439 
 11/01  09:00:00,16.653199531757449,15.598857574130644 
 11/01  10:00:00,18.288044597507253,17.226026871886199 
 11/01  11:00:00,19.87756344449606,18.680947898239454 
 11/01  12:00:00,20.544534640764135,19.33930677511431 
 11/01  13:00:00,21.318011355856656,20.113390632946968 
 11/01  14:00:00,21.997362690332378,20.887192018466153 
 11/01  15:00:00,22.728930274007323,21.800491515083324 
 11/01  16:00:00,22.695160515922497,21.95304338407871 
 11/01  17:00:00,21.770527486420244,21.154411059530469 
 11/01  18:00:00,20.41912283457573,20.05141798342618 
 11/01  19:00:00,19.656085504858664,19.45187408753339 
 11/01  20:00:00,19.2261119888771,19.127677528213796 
 11/01  21:00:00,18.679802554257493,18.687478963596719 
 11/01  22:00:00,18.42595689250797,18.459127932698718 
 11/01  23:00:00,18.28148126437911,18.2924881431119 
 11/01  24:00:00,18.121461908114516,18.095279026082137 
 11/02  01:00:00,17.90816836309329,17.831778347394754 
 11/02  02:00:00,17.680640905017215,17.539885416988704 
 11/02  03:00:00,17.457532855259566,17.242087299867877 
 11/02  04:00:00,17.249354968206505,16.953376425069967 
 11/02  05:00:00,17.047681732880503,16.667490999740214 
 11/02  06:00:00,16.845042569385528,16.37946866166207 
 11/02  07:00:00,16.782715522646915,16.219911260015839 
 11/02  08:00:00,16.844423650694226,16.1714399222244 
 11/02  09:00:00,17.094668935595963,16.312654359340603 
 11/02  10:00:00,17.911442215198837,17.074839841194998 
 11/02  11:00:00,19.003662855645744,18.13750345090702 
 11/02  12:00:00,20.35579636726345,19.440614397448785 
 11/02  13:00:00,21.286529070157245,20.250682345149849 
 11/02  14:00:00,21.82114968764114,20.851230714837827 
 11/02  15:00:00,22.49269161301288,21.61701126419093 
 11/02  16:00:00,22.566108325621248,21.84494164121069 
 11/02  17:00:00,21.581549586610799,21.011975028530548 
 11/02  18:00:00,20.30185188940066,20.00056223416719 
 11/02  19:00:00,19.671988698605586,19.52729986963182 
 11/02  20:00:00,19.317174910819518,19.26846991143274 
 11/02  21:00:00,18.882409331562799,18.9353674717821 
 11/02  22:00:00,18.632142807237597,18.70417004645544 
 11/02  23:00:00,18.436148500587917,18.482034490174486 
 11/02  24:00:00,18.219722603915217,18.228192617670819 
 11/03  01:00:00,18.05739407230213,18.022413332084857 
 11/03  02:00:00,17.92478077042355,17.83751539146223 
 11/03  03:00:00,17.796273098215374,17.650949861495389 
 11/03  04:00:00,17.646243861041243,17.438069337309139 
 11/03  05:00:00,17.492731830063918,17.20973560462357 
 11/03  06:00:00,17.34446896080615,16.981331441078227 
 11/03  07:00:00,17.273720780186755,16.825658697830215 
 11/03  08:00:00,17.28324423793701,16.745345943818369 
 11/03  09:00:00,17.414358993916787,16.787449844845687 
 11/03  10:00:00,17.754992587861069,17.07978134081081 
 11/03  11:00:00,18.312574376872786,17.5925053833801 
 11/03  12:00:00,19.122880882311546,18.314573204396113 
 11/03  13:00:00,19.289471985837389,18.48905396437192 
 11/03  14:00:00,19.312344254908927,18.515561637844909 
 11/03  15:00:00,19.1428740066419,18.37717796589327 
 11/03  16:00:00,18.890188475388574,18.20832737340028 
 11/03  17:00:00,18.51738197615814,17.97133604291852 
 11/03  18:00:00,18.23747245523961,17.784061205801345 
 11/03  19:00:00,18.048151844936265,17.64448392773624 
 11/03  20:00:00,17.90954425994997,17.52678640429418 
 11/03  21:00:00,17.776942664444595,17.401486863344365 
 11/03  22:00:00,17.665286682714585,17.285046417492525 
 11/03  23:00:00,17.56458641479543,17.164891349236667 
 11/03  24:00:00,17.230965000251869,16.829090503716047 
 11/04  01:00:00,17.235100983177295,16.795355070113435 
 11/04  02:00:00,17.267111178897399,16.759672127212043 
 11/04  03:00:00,16.922962024263158,16.402862646446118 
 11/04  04:00:00,16.903790609244834,16.32560799273455 
 11/04  05:00:00,16.896557367186668,16.233361434274376 
 11/04  06:00:00,16.629542902120574,15.93659396788258 
 11/04  07:00:00,16.581255401169419,15.82596318235469 
 11/04  08:00:00,16.61314396222032,15.786479000776924 
 11/04  09:00:00,16.499655150075193,15.653737164723049 
 11/04  10:00:00,16.752008968042003,15.848608575683285 
 11/04  11:00:00,17.038727784817064,16.079167403455189 
 11/04  12:00:00,17.155077542860377,16.191692618326468 
 11/04  13:00:00,17.406374730237937,16.384292609960729 
 11/04  14:00:00,17.592971054695668,16.509428101140267 
 11/04  15:00:00,17.514773837927657,16.456956795281366 
 11/04  16:00:00,17.418857573097207,16.34879534714908 
 11/04  17:00:00,17.28210497741784,16.18769864952222 
 11/04  18:00:00,17.062203744497773,15.99835579883144 
 11/04  19:00:00,16.95255647270466,15.885048811877557 
 11/04  20:00:00,16.933279396462085,15.8406124089007 
 11/04  21:00:00,16.87221472737256,15.791557345733017 
 11/04  22:00:00,16.853953359521268,15.755124250654387 
 11/04  23:00:00,16.853983790222967,15.727023045344005 
 11/04  24:00:00,16.845073750822065,15.714309425644803 
 11/05  01:00:00,16.838043069853634,15.689351389526621 
 11/05  02:00:00,16.835714802470024,15.66630363816934 
 11/05  03:00:00,16.833686092293786,15.665019381734306 
 11/05  04:00:00,16.82811153379848,15.64838326291174 
 11/05  05:00:00,16.820779712213605,15.629618965086549 
 11/05  06:00:00,16.808929522290208,15.627822418498324 
 11/05  07:00:00,16.799846633193444,15.617806922585145 
 11/05  08:00:00,16.808415361175557,15.62500942434682 
 11/05  09:00:00,16.887148781704146,15.73121325629122 
 11/05  10:00:00,17.08209558155864,15.950136499031359 
 11/05  11:00:00,17.347809389976719,16.23337331461432 
 11/05  12:00:00,17.571534957379226,16.506044715376559 
 11/05  13:00:00,17.70278121174321,16.698257756379268 
 11/05  14:00:00,17.727252936476569,16.77034509438388 
 11/05  15:00:00,17.60679751405952,16.707820489806726 
 11/05  16:00:00,17.420484869685497,16.55253078333603 
 11/05  17:00:00,17.130764897551989,16.30303591544639 
 11/05  18:00:00,16.833193754078658,16.03121877525632 
 11/05  19:00:00,16.679743524939665,15.871556084046836 
 11/05  20:00:00,16.626334842959598,15.806808481556543 
 11/05  21:00:00,16.47803391211994,15.681649785601178 
 11/05  22:00:00,16.44629239802907,15.621247882375468 
 11/05  23:00:00,16.420653646767709,15.546099874158433 
 11/05  24:00:00,16.223695818112625,15.348593028643446 
 11/06  01:00:00,16.20357854390397,15.276697705720047 
 11/06  02:00:00,16.2162702800357,15.226777622204603 
 11/06  03:00:00,16.073645169070088,15.080628288065262 
 11/06  04:00:00,16.050359248872156,15.002586815805163 
 11/06  05:00:00,16.057540177997067,14.941470813650998 
 11/06  06:00:00,16.02293851400358,14.888602377777348 
 11/06  07:00:00,15.968393836749577,14.777279900636327 
 11/06  08:00:00,15.947760621628554,14.693836140428001 
 11/06  09:00:00,15.896799330594498,14.66440421807516 
 11/06  10:00:00,16.167963356293169,14.874235283462634 
 11/06  11:00:00,16.458948216599184,15.118855146208168 
 11/06  12:00:00,16.558843459318113,15.256376024712875 
 11/06  13:00:00,16.818902483686374,15.47886922636154 
 11/06  14:00:00,17.01569114943251,15.625858918601914 
 11/06  15:00:00,16.81603085154392,15.511157626065469 
 11/06  16:00:00,16.717837054988164,15.422265312603609 
 11/06  17:00:00,16.57768957086139,15.274400921043766 
 11/06  18:00:00,16.378902923426904,15.085126477731049 
 11/06  19:00:00,16.190353924341449,14.917375107899748 
 11/06  20:00:00,16.045875622462817,14.782619582177619 
 11/06  21:00:00,15.929093304977691,14.657224865538357 
 11/06  22:00:00,15.841070652071388,14.54777264527375 
 11/06  23:00:00,15.772687219617268,14.449747992920038 
 11/06  24:00:00,15.706363066498419,14.345561932959252 
 11/07  01:00:00,15.689194381548518,14.284729029038012 
 11/07  02:00:00,15.678439351177613,14.224980362373409 
 11/07  03:00:00,15.689377329689059,14.17822702353242 
 11/07  04:00:00,15.661807940528063,14.095939887254529 
 11/07  05:00:00,15.618272679596244,14.002945016767452 
 11/07  06:00:00,15.571399276712774,13.911306762861523 
 11/07  07:00:00,15.51382565210232,13.812127144188313 
 11/07  08:00:00,15.510690770190746,13.75877391812208 
 11/07  09:00:00,15.588332188411064,13.792804037081263 
 11/07  10:00:00,15.842676079099876,14.000054975870088 
 11/07  11:00:00,16.11183912686959,14.259925065365995 
 11/07  12:00:00,16.460867132944288,14.59002292491132 
 11/07  13:00:00,16.662970837301005,14.805286379662907 
 11/07  14:00:00,16.748038194821189,14.927955547711174 
 11/07  15:00:00,16.738788113282899,14.965388644221419 
 11/07  16:00:00,16.644921180169594,14.918459089961234 
 11/07  17:00:00,16.486998353836407,14.80404416958128 
 11/07  18:00:00,16.337237042117825,14.698776636323684 
 11/07  19:00:00,16.192621011103303,14.607176501324102 
 11/07  20:00:00,16.055566025213083,14.517763148469081 
 11/07  21:00:00,15.862419643453157,14.409707993833939 
 11/07  22:00:00,15.773799915934612,14.321275153304678 
 11/07  23:00:00,15.737026184429534,14.250210007293966 
 11/07  24:00:00,15.653324273747394,14.196957387974008 
 11/08  01:00:00,15.609960763117395,14.116903037339254 
 11/08  02:00:00,15.589130324912637,14.045140523284312 
 11/08  03:00:00,15.547762553226212,13.974937748890993 
 11/08  04:00:00,15.50445625048844,13.903847795363282 
 11/08  05:00:00,15.456293149470563,13.823129880830188 
 11/08  06:00:00,15.418370106569059,13.744900805643253 
 11/08  07:00:00,15.374046917979385,13.661431545493171 
 11/08  08:00:00,15.338624063550299,13.591237031814487 
 11/08  09:00:00,15.475038541119494,13.692139102915722 
 11/08  10:00:00,15.8407204158875,14.039489753558378 
 11/08  11:00:00,16.273065335710073,14.459850451547244 
 11/08  12:00:00,16.562038056737359,14.770037701454143 
 11/08  13:00:00,16.794308826027195,15.032940344407868 
 11/08  14:00:00,16.96468436721183,15.245955429628271 
 11/08  15:00:00,17.01306285131388,15.34623754343291 
 11/08  16:00:00,16.84672570925489,15.239706860318933 
 11/08  17:00:00,16.557282704662926,15.016170251534179 
 11/08  18:00:00,16.303097147740503,14.826885738049974 
 11/08  19:00:00,16.15471600549048,14.732122216789718 
 11/08  20:00:00,16.079741015130265,14.692806761126134 
 11/08  21:00:00,16.005933081443115,14.64161063964456 
 11/08  22:00:00,15.915216963389142,14.560315715712223 
 11/08  23:00:00,15.814237467799986,14.459272585581367 
 11/08  24:00:00,15.736603340695507,14.363860704254803 
 11/09  01:00:00,15.663762001019876,14.26596404952046 
 11/09  02:00:00,15.578421140300862,14.153201697748886 
 11/09  03:00:00,15.49566585455897,14.040364289546688 
 11/09  04:00:00,15.40549247778937,13.919991736253572 
 11/09  05:00:00,15.322483912137626,13.80322527999864 
 11/09  06:00:00,15.24224106612264,13.687513904812202 
 11/09  07:00:00,15.119525112616162,13.527546492728546 
 11/09  08:00:00,15.020848311935378,13.39110869585226 
 11/09  09:00:00,15.7946126948354,14.165356349267201 
 11/09  10:00:00,17.2179436999911,15.62198162112705 
 11/09  11:00:00,18.05419812108222,16.49993385224847 
 11/09  12:00:00,18.617678653377838,17.09706811551265 
 11/09  13:00:00,19.230546509080058,17.81277488521904 
 11/09  14:00:00,19.519980793357687,18.20319073680401 
 11/09  15:00:00,20.030764214434258,18.896149053246725 
 11/09  16:00:00,20.13103074506641,19.138875863184638 
 11/09  17:00:00,19.216066827522519,18.267976278302649 
 11/09  18:00:00,18.18875929969641,17.33801556742578 
 11/09  19:00:00,17.686534347674987,16.897610618502534 
 11/09  20:00:00,17.387809504040044,16.647086433390699 
 11/09  21:00:00,17.0035205938075,16.299613522466797 
 11/09  22:00:00,16.79026776383937,16.08518191072406 
 11/09  23:00:00,16.646200932120818,15.914112270072922 
 11/09  24:00:00,16.479323055176328,15.706575715816646 
 11/10  01:00:00,16.25406759967565,15.435314917794054 
 11/10  02:00:00,15.966246310152986,15.064682096004035 
 11/10  03:00:00,15.697346421892512,14.718958926236319 
 11/10  04:00:00,15.498905440726638,14.44144197025574 
 11/10  05:00:00,15.34443198210075,14.204296363230313 
 11/10  06:00:00,15.191682379103039,13.968756359278738 
 11/10  07:00:00,15.086103922622785,13.771754269135915 
 11/10  08:00:00,15.063554760917278,13.639706376907471 
 11/10  09:00:00,15.967336161890552,14.478135411937707 
 11/10  10:00:00,17.451184567678184,15.932659775457792 
 11/10  11:00:00,18.61706186210582,17.0832442119262 
 11/10  12:00:00,19.400110965491323,17.817559542784588 
 11/10  13:00:00,20.026922128572683,18.45416289603981 
 11/10  14:00:00,20.30640184971736,18.863966377032335 
 11/10  15:00:00,20.970993012951966,19.66535273984921 
 11/10  16:00:00,21.061278209385656,19.887437637540147 
 11/10  17:00:00,19.756849684053099,18.79595803714609 
 11/10  18:00:00,18.463910230908924,17.675648007036018 
 11/10  19:00:00,17.964829536377704,17.23113431708971 
 11/10  20:00:00,17.608078920237824,16.910073184068084 
 11/10  21:00:00,17.153839238835596,16.494102975489008 
 11/10  22:00:00,16.899457204916357,16.232799884183345 
 11/10  23:00:00,16.728050113521033,16.020884408573687 
 11/10  24:00:00,16.545328943647918,15.779763039539917 
 11/11  01:00:00,16.341770287992586,15.503286543017563 
 11/11  02:00:00,16.15129441451402,15.23378871704858 
 11/11  03:00:00,15.965394386192923,14.965528616228904 
 11/11  04:00:00,15.788822778635075,14.688012020733974 
 11/11  05:00:00,15.616750010434642,14.403594022742562 
 11/11  06:00:00,15.444001728955323,14.115366039986768 
 11/11  07:00:00,15.398305129919998,13.943186269567482 
 11/11  08:00:00,15.408834648185277,13.82401515339596 
 11/11  09:00:00,15.572334477526132,13.856465925256457 
 11/11  10:00:00,15.761361079733181,13.931802029778878 
 11/11  11:00:00,15.957558123561121,14.040326847423936 
 11/11  12:00:00,16.15728559728833,14.173187616571275 
 11/11  13:00:00,16.79102639800358,14.789506224471868 
 11/11  14:00:00,17.6011752943257,15.6418824503047 
 11/11  15:00:00,18.91532224788711,16.981114738382446 
 11/11  16:00:00,18.915908424766014,17.02114412800253 
 11/11  17:00:00,18.022296358901138,16.183921583496873 
 11/11  18:00:00,16.987746055379469,15.32198334877957 
 11/11  19:00:00,16.639657403016476,15.031068315444165 
 11/11  20:00:00,16.176304788077297,14.647191437286335 
 11/11  21:00:00,15.933901840135768,14.425875501312794 
 11/11  22:00:00,15.75819602811683,14.235832042014773 
 11/11  23:00:00,15.56060947840292,14.014488557560079 
 11/11  24:00:00,15.352357490403638,13.764555781308222 
 11/12  01:00:00,15.189049658033037,13.535379754945858 
 11/12  02:00:00,15.05125608359861,13.317006798697629 
 11/12  03:00:00,14.919133730771224,13.09520235127407 
 11/12  04:00:00,14.768119501778776,12.864296851697717 
 11/12  05:00:00,14.618319696896199,12.634875807646312 
 11/12  06:00:00,14.472167009437085,12.404368251314269 
 11/12  07:00:00,14.437318108489209,12.26274553827454 
 11/12  08:00:00,14.473555790166117,12.184040142913546 
 11/12  09:00:00,14.634424429138387,12.227589224645025 
 11/12  10:00:00,14.830039423783222,12.333427060003269 
 11/12  11:00:00,15.056785732655719,12.494099079925766 
 11/12  12:00:00,15.2624748880936,12.649484529715492 
 11/12  13:00:00,15.429795292612767,12.78304767710203 
 11/12  14:00:00,15.520659415824147,12.858820347413447 
 11/12  15:00:00,15.51990815520322,12.860365067132463 
 11/12  16:00:00,15.35350371997944,12.712346453190407 
 11/12  17:00:00,15.070336957074712,12.458871517803136 
 11/12  18:00:00,14.821007946132987,12.23113198395877 
 11/12  19:00:00,14.707281969388584,12.129836987750365 
 11/12  20:00:00,14.669075845892145,12.087460241777526 
 11/12  21:00:00,14.646683796686422,12.045067361842632 
 11/12  22:00:00,14.561469727330211,11.945526872246952 
 11/12  23:00:00,14.437173709619433,11.813250806306849 
 11/12  24:00:00,14.321226444604596,11.687546804117414 
 11/13  01:00:00,14.213317234628125,11.565741428636422 
 11/13  02:00:00,14.109374151044952,11.445635721335814 
 11/13  03:00:00,14.016640959627157,11.332269019512847 
 11/13  04:00:00,13.907360533902065,11.205346188714 
 11/13  05:00:00,13.780900622845089,11.06338192714925 
 11/13  06:00:00,13.653197277610266,10.917689315641532 
 11/13  07:00:00,13.460235101013325,10.701800122725779 
 11/13  08:00:00,13.260341376846732,10.479245093491155 
 11/13  09:00:00,13.905037292653015,11.126469718708439 
 11/13  10:00:00,15.320822873068743,12.525782456817847 
 11/13  11:00:00,16.40521577013898,13.70298018475335 
 11/13  12:00:00,16.88122505269531,14.22906000667566 
 11/13  13:00:00,17.349521346005049,14.75585004184903 
 11/13  14:00:00,17.78350475396329,15.309418618708083 
 11/13  15:00:00,18.31841182684142,15.918962236650922 
 11/13  16:00:00,17.87360717202101,15.553124312025304 
 11/13  17:00:00,16.544141943921927,14.351787385449113 
 11/13  18:00:00,15.366325665104066,13.21598330882794 
 11/13  19:00:00,14.826961970374484,12.692044687197452 
 11/13  20:00:00,14.417798107089297,12.278677280514304 
 11/13  21:00:00,13.883890667594402,11.708935836046614 
 11/13  22:00:00,13.622650158332864,11.386804579308335 
 11/13  23:00:00,13.373633019426935,11.055178339210567 
 11/13  24:00:00,13.158230139109208,10.735019619756973 
 11/14  01:00:00,12.90628767593983,10.388111461856854 
 11/14  02:00:00,12.658834419208493,10.048097457788817 
 11/14  03:00:00,12.415012470531388,9.6681353725891 
 11/14  04:00:00,12.230418875355469,9.341977810907317 
 11/14  05:00:00,12.071365060855746,9.039660705383277 
 11/14  06:00:00,11.916499004160733,8.734219263430046 
 11/14  07:00:00,11.80176472584563,8.473077994565442 
 11/14  08:00:00,11.743413803022106,8.270408224711249 
 11/14  09:00:00,12.349950530534823,8.785851061840403 
 11/14  10:00:00,13.452792188211286,9.76073543167027 
 11/14  11:00:00,14.569270396087806,10.68551316359623 
 11/14  12:00:00,15.267397110426222,11.321593048008272 
 11/14  13:00:00,16.105829853930947,12.112673873539013 
 11/14  14:00:00,16.670528204208496,12.771029275122347 
 11/14  15:00:00,17.27354797790496,13.450978852612387 
 11/14  16:00:00,17.392670123976683,13.7071804953263 
 11/14  17:00:00,16.357517973128478,12.850548152418824 
 11/14  18:00:00,15.302941295090602,12.012821527023358 
 11/14  19:00:00,14.845215572048584,11.69587479719867 
 11/14  20:00:00,14.50776234788447,11.469999208851066 
 11/14  21:00:00,14.069479190079474,11.151545445672621 
 11/14  22:00:00,13.8884117996539,11.00066506115617 
 11/14  23:00:00,13.808826993158608,10.897408645494373 
 11/14  24:00:00,13.710925210211228,10.759219923064208 
 11/15  01:00:00,13.55938014650888,10.569439939456645 
 11/15  02:00:00,13.427088262602528,10.390012048880532 
 11/15  03:00:00,13.300474104953857,10.209390679342637 
 11/15  04:00:00,13.158983479964603,10.012690912201866 
 11/15  05:00:00,13.02968491378134,9.824354768003304 
 11/15  06:00:00,12.898065475045753,9.633047835110512 
 11/15  07:00:00,12.905161680790139,9.55517699078531 
 11/15  08:00:00,13.001823461890698,9.549525199744199 
 11/15  09:00:00,13.345431309813199,9.82323167543007 
 11/15  10:00:00,14.22976661919984,10.600849403644994 
 11/15  11:00:00,15.286670024564394,11.64866904105907 
 11/15  12:00:00,16.132659829670894,12.593944640736219 
 11/15  13:00:00,16.416087617881439,12.916917833507203 
 11/15  14:00:00,16.80788160578831,13.442260683157912 
 11/15  15:00:00,16.852178668836186,13.61503958653653 
 11/15  16:00:00,16.652017953778377,13.593310032767974 
 11/15  17:00:00,16.115547833385589,13.203618493770627 
 11/15  18:00:00,15.448543585181925,12.65958882773189 
 11/15  19:00:00,15.116161811770013,12.44516261864823 
 11/15  20:00:00,14.708750832757506,12.185228743278963 
 11/15  21:00:00,14.515975868034149,12.059648340151748 
 11/15  22:00:00,14.446588698800563,12.001482643880346 
 11/15  23:00:00,14.374756117117709,11.914581609521719 
 11/15  24:00:00,14.271352538037976,11.783954786314455 
 11/16  01:00:00,14.213017712106707,11.681172254577204 
 11/16  02:00:00,14.175902909841233,11.5888470414065 
 11/16  03:00:00,14.170921142559165,11.516128435538189 
 11/16  04:00:00,13.964645945441703,11.269968874838022 
 11/16  05:00:00,13.70167866573118,10.98634026429017 
 11/16  06:00:00,13.35257233422378,10.607169318628309 
 11/16  07:00:00,13.21138890359148,10.410662865828043 
 11/16  08:00:00,13.186618370300204,10.313242491623486 
 11/16  09:00:00,13.580848938586723,10.668305288899166 
 11/16  10:00:00,14.691302390448869,11.699002587168265 
 11/16  11:00:00,15.825009094774416,12.913140754969266 
 11/16  12:00:00,17.064799970902059,14.224880309026759 
 11/16  13:00:00,17.76725610557883,15.014362051024256 
 11/16  14:00:00,18.235754512957258,15.62835330528145 
 11/16  15:00:00,18.86719340915108,16.419985806140298 
 11/16  16:00:00,18.848794800646613,16.57036071381146 
 11/16  17:00:00,17.687275729930965,15.532103011078379 
 11/16  18:00:00,16.57605060741011,14.581465453657533 
 11/16  19:00:00,16.22493501375491,14.332568430681612 
 11/16  20:00:00,15.739324670893844,13.940773191801295 
 11/16  21:00:00,15.514237373998418,13.75427084180417 
 11/16  22:00:00,15.420930705043741,13.67611587163888 
 11/16  23:00:00,15.320989611539308,13.576711127131907 
 11/16  24:00:00,15.184118042788434,13.42183716727587 
 11/17  01:00:00,15.02631413231817,13.234416663519412 
 11/17  02:00:00,14.868671863984787,13.02693696094992 
 11/17  03:00:00,14.709108911373951,12.80398847392871 
 11/17  04:00:00,14.589052985727952,12.61453302958159 
 11/17  05:00:00,14.500541202207888,12.4513078412454 
 11/17  06:00:00,14.420657321262603,12.29353736685567 
 11/17  07:00:00,14.378606114125912,12.169591867844933 
 11/17  08:00:00,14.34710083849295,12.060578954741212 
 11/17  09:00:00,14.43669196512086,12.07850493100253 
 11/17  10:00:00,14.786052597318362,12.384636825008198 
 11/17  11:00:00,15.36053471652874,12.852324483022262 
 11/17  12:00:00,15.894152399965878,13.318199751782977 
 11/17  13:00:00,16.36745420723245,13.80797906560409 
 11/17  14:00:00,16.850865082765976,14.363956682483341 
 11/17  15:00:00,17.33237040228898,14.933100310084962 
 11/17  16:00:00,17.318936296396769,15.015776194684797 
 11/17  17:00:00,16.68102218142358,14.45526457469009 
 11/17  18:00:00,16.0840824838064,13.960746366096725 
 11/17  19:00:00,15.875135284047908,13.820206347624707 
 11/17  20:00:00,15.608315747365975,13.632837652431244 
 11/17  21:00:00,15.34648038330592,13.430097504928506 
 11/17  22:00:00,15.153286238345065,13.256709985625273 
 11/17  23:00:00,15.001549091342135,13.097437872653444 
 11/17  24:00:00,14.842125206929398,12.91965841088712 
 11/18  01:00:00,14.71603386977842,12.776053871267 
 11/18  02:00:00,14.622553654970862,12.658174385852183 
 11/18  03:00:00,14.532337892976594,12.536937842071687 
 11/18  04:00:00,14.32419914840802,12.290321898727547 
 11/18  05:00:00,14.09493827131107,12.022896821155748 
 11/18  06:00:00,13.53887937591854,11.483527994222836 
 11/18  07:00:00,13.399462838058496,11.245020814005004 
 11/18  08:00:00,13.281261354680055,11.020672775916012 
 11/18  09:00:00,13.128202892629292,10.786313245703017 
 11/18  10:00:00,13.063460438957048,10.654854755703524 
 11/18  11:00:00,13.060219896988527,10.587828343798716 
 11/18  12:00:00,13.033082656777097,10.494503974903509 
 11/18  13:00:00,13.20834858306982,10.601959217873569 
 11/18  14:00:00,13.462894868004181,10.789837537877592 
 11/18  15:00:00,13.625503770501746,10.876642422964795 
 11/18  16:00:00,13.450263847282612,10.620074375316852 
 11/18  17:00:00,13.065259572854958,10.165128614383095 
 11/18  18:00:00,12.711459534738676,9.731041640042826 
 11/18  19:00:00,12.476554762242195,9.431817411846838 
 11/18  20:00:00,12.271886295170255,9.16230175992265 
 11/18  21:00:00,12.06367204955151,8.880102417548992 
 11/18  22:00:00,11.862590994659794,8.599016842930597 
 11/18  23:00:00,11.680653205427263,8.330374534341864 
 11/18  24:00:00,11.491501936914599,8.05010449356346 
 11/19  01:00:00,11.306339770259621,7.768991461247338 
 11/19  02:00:00,11.1158249130954,7.478032705573352 
 11/19  03:00:00,10.932817242395224,7.191160723593011 
 11/19  04:00:00,10.786065578760136,6.933344174568962 
 11/19  05:00:00,10.656567491799113,6.684891815381377 
 11/19  06:00:00,10.528928650512258,6.436973610031245 
 11/19  07:00:00,10.4649874178437,6.2518218264379989 
 11/19  08:00:00,10.473414571818213,6.138132014435462 
 11/19  09:00:00,11.60235243088415,7.182570976047958 
 11/19  10:00:00,13.017536258023288,8.464607103616075 
 11/19  11:00:00,14.023032939593663,9.563763434731545 
 11/19  12:00:00,14.758604378318534,10.310616081953875 
 11/19  13:00:00,15.582141189607763,11.172921505873623 
 11/19  14:00:00,16.038962706569735,11.745916712073872 
 11/19  15:00:00,16.748960437987589,12.547562146169842 
 11/19  16:00:00,16.783693037922729,12.651606173538849 
 11/19  17:00:00,15.561642490418774,11.55798253217029 
 11/19  18:00:00,14.468577665962937,10.593486562468688 
 11/19  19:00:00,14.017734124289749,10.267474534538792 
 11/19  20:00:00,13.721699292131707,10.059036245650108 
 11/19  21:00:00,13.350578947438656,9.780068239098709 
 11/19  22:00:00,13.136120522948972,9.596944896028619 
 11/19  23:00:00,12.973536585265908,9.427775001714318 
 11/19  24:00:00,12.807461728179354,9.239106679726263 
 11/20  01:00:00,12.701625822652842,9.091104532388883 
 11/20  02:00:00,12.628550637774339,8.961866128982873 
 11/20  03:00:00,12.573500952595048,8.84061374485443 
 11/20  04:00:00,12.479065473906023,8.680132816980759 
 11/20  05:00:00,12.397696275917,8.527828372350017 
 11/20  06:00:00,12.350229936699233,8.404202118948712 
 11/20  07:00:00,12.343307644621126,8.311473065650024 
 11/20  08:00:00,12.384835559567165,8.261007492150089 
 11/20  09:00:00,12.974003783370464,8.79481099556346 
 11/20  10:00:00,14.111360666975433,9.956217541130359 
 11/20  11:00:00,15.165075555886505,11.166688484499929 
 11/20  12:00:00,16.265331953058398,12.423413260612362 
 11/20  13:00:00,16.97745805276058,13.25228357249138 
 11/20  14:00:00,17.419574320090605,13.881483743467225 
 11/20  15:00:00,17.956636582040824,14.570185577722972 
 11/20  16:00:00,17.93833575666037,14.68849226879639 
 11/20  17:00:00,16.897952322602579,13.784286361196731 
 11/20  18:00:00,15.904575713192689,12.927550059608059 
 11/20  19:00:00,15.56803844294527,12.712839637977979 
 11/20  20:00:00,15.070310792617616,12.39119374911029 
 11/20  21:00:00,14.819632670449112,12.228888953938242 
 11/20  22:00:00,14.695095241856884,12.128232398246175 
 11/20  23:00:00,14.562475742479652,11.995497784521593 
 11/20  24:00:00,14.420071111318994,11.839212543252641 
 11/21  01:00:00,14.239247665032896,11.641047779675878 
 11/21  02:00:00,14.0366248268241,11.414334630242824 
 11/21  03:00:00,13.839700129582248,11.181735014715775 
 11/21  04:00:00,13.659522688179348,10.952562149022452 
 11/21  05:00:00,13.476283154643875,10.71259012085358 
 11/21  06:00:00,13.301504173551289,10.475100411995117 
 11/21  07:00:00,13.2188044768229,10.32016384258677 
 11/21  08:00:00,13.213138034813227,10.233992057774952 
 11/21  09:00:00,13.729083192136349,10.693064416474022 
 11/21  10:00:00,14.462943894522767,11.320757678003766 
 11/21  11:00:00,14.88053612146495,11.645692495873359 
 11/21  12:00:00,15.346922178760803,11.98420515415034 
 11/21  13:00:00,15.524850723699466,12.150911002415212 
 11/21  14:00:00,15.565695173114447,12.259965015992372 
 11/21  15:00:00,15.537415848133837,12.317825777974372 
 11/21  16:00:00,15.381404311930702,12.266036709322514 
 11/21  17:00:00,15.09812647751297,12.077650899827657 
 11/21  18:00:00,14.757100511170489,11.843482788192745 
 11/21  19:00:00,14.545428744159594,11.70933665926681 
 11/21  20:00:00,14.41227573955333,11.629010947839376 
 11/21  21:00:00,14.270885425186151,11.516533785199304 
 11/21  22:00:00,14.222021625864942,11.473041090840619 
 11/21  23:00:00,14.217497630058328,11.45759133621145 
 11/21  24:00:00,14.239766822572435,11.45189826667552 
 11/22  01:00:00,14.127469406466452,11.318161413653425 
 11/22  02:00:00,13.967782346441944,11.13598866023717 
 11/22  03:00:00,13.802199474150863,10.943824047666974 
 11/22  04:00:00,13.749944996476004,10.857514912399365 
 11/22  05:00:00,13.721808325727965,10.79180836975234 
 11/22  06:00:00,13.709226348804034,10.734212232699207 
 11/22  07:00:00,13.615317864975385,10.593876744598705 
 11/22  08:00:00,13.520791800269459,10.448074732527806 
 11/22  09:00:00,13.540484060694683,10.424025452258313 
 11/22  10:00:00,13.932983284036478,10.788839629778517 
 11/22  11:00:00,14.460728013269481,11.283713383601679 
 11/22  12:00:00,14.903220889723335,11.733211205865644 
 11/22  13:00:00,15.487557523365214,12.401180680211585 
 11/22  14:00:00,16.35510647358889,13.452246722991355 
 11/22  15:00:00,17.48427893666302,14.775596361416099 
 11/22  16:00:00,17.648728947019224,15.129059371885584 
 11/22  17:00:00,16.880023088084444,14.466124598370382 
 11/22  18:00:00,15.967694591335365,13.616004685547763 
 11/22  19:00:00,15.572999060428984,13.292131343440265 
 11/22  20:00:00,15.074746126950853,12.88378555397449 
 11/22  21:00:00,14.83820408381823,12.697632445529113 
 11/22  22:00:00,14.740343289201907,12.625105302299693 
 11/22  23:00:00,14.633237260574504,12.526977267837096 
 11/22  24:00:00,14.516290490430869,12.39571815890832 
 11/23  01:00:00,14.383627999790856,12.222750721824019 
 11/23  02:00:00,14.24603017280977,12.022925149777837 
 11/23  03:00:00,14.117842313479383,11.822009739773148 
 11/23  04:00:00,14.003699553514855,11.649597122101481 
 11/23  05:00:00,13.896091473071877,11.489053585653477 
 11/23  06:00:00,13.781705741478149,11.312372649527557 
 11/23  07:00:00,13.676928197269702,11.124580147510033 
 11/23  08:00:00,13.614084748213175,10.972454921662012 
 11/23  09:00:00,14.383041641383992,11.67977950536168 
 11/23  10:00:00,15.58199583563475,12.845255115185829 
 11/23  11:00:00,16.24246952173906,13.48816684468691 
 11/23  12:00:00,16.68394634649051,13.922173509301756 
 11/23  13:00:00,17.37181921414235,14.687420428121154 
 11/23  14:00:00,18.02734979590229,15.510805064333589 
 11/23  15:00:00,18.925455247267558,16.593398301239895 
 11/23  16:00:00,18.8895115341504,16.668087833908485 
 11/23  17:00:00,18.013308362143236,15.916086635291855 
 11/23  18:00:00,17.077037653292569,15.098031480623522 
 11/23  19:00:00,16.50818257258193,14.675433529276562 
 11/23  20:00:00,16.141474013710608,14.395619314270839 
 11/23  21:00:00,15.662045108856095,13.978797755465298 
 11/23  22:00:00,15.401515869092279,13.717669345156649 
 11/23  23:00:00,15.12840654230395,13.423510106027728 
 11/23  24:00:00,14.893215409928658,13.15374328032636 
 11/24  01:00:00,14.645988107125137,12.858967793638156 
 11/24  02:00:00,14.413255837607423,12.570524525041359 
 11/24  03:00:00,14.215101312336153,12.311979170813644 
 11/24  04:00:00,14.051675142153423,12.078455651729975 
 11/24  05:00:00,13.909581578847565,11.838962447036192 
 11/24  06:00:00,13.768975228128463,11.589439415365208 
 11/24  07:00:00,13.744136945037035,11.450569532380069 
 11/24  08:00:00,13.798658903289786,11.383078198899164 
 11/24  09:00:00,14.292388214019113,11.787997921942499 
 11/24  10:00:00,14.866600125273486,12.223852160829854 
 11/24  11:00:00,15.364529301779108,12.621001614103477 
 11/24  12:00:00,15.674575346071608,12.833199989845174 
 11/24  13:00:00,15.976055321784278,13.12037876075656 
 11/24  14:00:00,16.39221569076659,13.576067815250797 
 11/24  15:00:00,16.71063285805613,13.951771463067943 
 11/24  16:00:00,16.843738861881865,14.159212000836526 
 11/24  17:00:00,16.236036892684316,13.63272717991487 
 11/24  18:00:00,15.699276814097683,13.186575962863583 
 11/24  19:00:00,15.390927542154405,12.964900690422926 
 11/24  20:00:00,15.021945386012578,12.699493415228023 
 11/24  21:00:00,14.834632326784542,12.547120018230265 
 11/24  22:00:00,14.643189778942949,12.350253236515819 
 11/24  23:00:00,14.389689032150719,12.081245356128936 
 11/24  24:00:00,14.127502195122596,11.792805354366033 
 11/25  01:00:00,13.909968126855479,11.533764134429797 
 11/25  02:00:00,13.722955940937006,11.29231222249198 
 11/25  03:00:00,13.525077501798775,11.03131911528198 
 11/25  04:00:00,13.354383549423805,10.784202912250123 
 11/25  05:00:00,13.207059306768644,10.549663614741537 
 11/25  06:00:00,13.066859219239197,10.312776436770456 
 11/25  07:00:00,13.025004717047392,10.160847984588792 
 11/25  08:00:00,13.062491375896434,10.075400816425807 
 11/25  09:00:00,14.047332258306769,10.945301583958026 
 11/25  10:00:00,15.386592892318259,12.256445056946778 
 11/25  11:00:00,16.79707352367623,13.668009914977777 
 11/25  12:00:00,17.539563115628299,14.467087991560002 
 11/25  13:00:00,18.233369931345384,15.23060657528334 
 11/25  14:00:00,18.716721264824657,15.87959063130245 
 11/25  15:00:00,18.9882201015497,16.25687375005915 
 11/25  16:00:00,18.92525950111469,16.342560445241508 
 11/25  17:00:00,17.803863641596157,15.389361406088288 
 11/25  18:00:00,16.70759847675808,14.506484777107695 
 11/25  19:00:00,16.36114084489752,14.279449716351792 
 11/25  20:00:00,15.891452342193164,13.947318055676753 
 11/25  21:00:00,15.657472157394603,13.777231209991007 
 11/25  22:00:00,15.492262884107252,13.629540198422728 
 11/25  23:00:00,15.295036697479942,13.42491213863878 
 11/25  24:00:00,15.089170955099127,13.195442579705876 
 11/26  01:00:00,14.971939222508585,13.02972972724509 
 11/26  02:00:00,14.87937733813059,12.87394269292719 
 11/26  03:00:00,14.793106110855723,12.712752158750338 
 11/26  04:00:00,14.620357434888416,12.47271749587404 
 11/26  05:00:00,14.39306588313552,12.18310808643569 
 11/26  06:00:00,14.163989866803158,11.891865560293708 
 11/26  07:00:00,14.043460030499278,11.690387841934703 
 11/26  08:00:00,14.007164473890626,11.560873944145064 
 11/26  09:00:00,14.716173803684314,12.205046941588929 
 11/26  10:00:00,16.2523435510211,13.730458424483123 
 11/26  11:00:00,17.546010589851105,15.008345814909227 
 11/26  12:00:00,18.449628360784528,15.932241581967038 
 11/26  13:00:00,18.698043948725564,16.17889128803089 
 11/26  14:00:00,18.40850827465868,15.926616556083142 
 11/26  15:00:00,17.876244731013928,15.506602853144486 
 11/26  16:00:00,17.26906350200896,15.07362396641733 
 11/26  17:00:00,16.792497724446876,14.755959175502952 
 11/26  18:00:00,16.435708965036406,14.528692440907449 
 11/26  19:00:00,16.200633088997557,14.382768888327029 
 11/26  20:00:00,16.014452761872464,14.254920600848028 
 11/26  21:00:00,15.846653461022069,14.11610631931952 
 11/26  22:00:00,15.71147193445049,13.99128131405735 
 11/26  23:00:00,15.58753069440356,13.86581292811327 
 11/26  24:00:00,15.477780876397772,13.739593654231229 
 11/27  01:00:00,15.344287548593304,13.58049780319756 
 11/27  02:00:00,15.229759591236377,13.432208819345009 
 11/27  03:00:00,15.109639821527438,13.275019832811712 
 11/27  04:00:00,15.058183168766604,13.17423230413796 
 11/27  05:00:00,15.040996230255564,13.097032629978117 
 11/27  06:00:00,14.952579253496948,13.018291731219476 
 11/27  07:00:00,14.938121767630161,12.919068411248738 
 11/27  08:00:00,14.929926901471428,12.824438689113224 
 11/27  09:00:00,14.938661420043593,12.789068282115322 
 11/27  10:00:00,14.9691317144524,12.814219292936164 
 11/27  11:00:00,15.049104829699508,12.90299638840063 
 11/27  12:00:00,15.152103486157446,13.016070321073903 
 11/27  13:00:00,15.373044580745594,13.237359447108219 
 11/27  14:00:00,15.617024504649486,13.480412044505874 
 11/27  15:00:00,15.784782030095969,13.653568581246624 
 11/27  16:00:00,15.339844197043249,13.224436549079096 
 11/27  17:00:00,14.798564877218338,12.688376952802262 
 11/27  18:00:00,14.358128998157893,12.248972824916916 
 11/27  19:00:00,13.914666867658366,11.782646964771253 
 11/27  20:00:00,13.681395295749735,11.50910201424075 
 11/27  21:00:00,13.493891458314222,11.271122257099798 
 11/27  22:00:00,13.315320540283516,11.030617017199779 
 11/27  23:00:00,13.153334785834972,10.795291285938838 
 11/27  24:00:00,13.005530375063904,10.562396833565297 
 11/28  01:00:00,12.83558532081559,10.30181409056691 
 11/28  02:00:00,12.667499054915677,10.0384495056385 
 11/28  03:00:00,12.503658547906518,9.77631005210145 
 11/28  04:00:00,12.346686267762829,9.516488168497585 
 11/28  05:00:00,12.189794136872003,9.254273204325243 
 11/28  06:00:00,12.024369322085409,8.981950745167766 
 11/28  07:00:00,11.869427240090677,8.718168340029962 
 11/28  08:00:00,11.720848606502614,8.458377272242342 
 11/28  09:00:00,11.916534043748918,8.560122196110069 
 11/28  10:00:00,12.978125179096418,9.563642039478765 
 11/28  11:00:00,14.123966546438881,10.61485887173631 
 11/28  12:00:00,15.019091390738824,11.495408874877235 
 11/28  13:00:00,15.437032639008969,11.903683552072057 
 11/28  14:00:00,15.680610459740994,12.16213268081341 
 11/28  15:00:00,15.723769453586592,12.276093064849265 
 11/28  16:00:00,15.27317437576141,11.900272852172508 
 11/28  17:00:00,14.294609611182155,11.002781334807729 
 11/28  18:00:00,13.624939494924089,10.383041536847087 
 11/28  19:00:00,13.194108083516405,9.97915872552065 
 11/28  20:00:00,12.718163494741649,9.512635083497467 
 11/28  21:00:00,12.44882264717773,9.208237864800847 
 11/28  22:00:00,12.224813879742296,8.93188945599449 
 11/28  23:00:00,12.02290408879918,8.668575142740423 
 11/28  24:00:00,11.774219955155815,8.335715433646519 
 11/29  01:00:00,11.546319024107993,8.021742880415819 
 11/29  02:00:00,11.289107451349834,7.672151925116318 
 11/29  03:00:00,11.03276431068218,7.3204376059479279 
 11/29  04:00:00,10.82169063023382,7.0053855629686059 
 11/29  05:00:00,10.636951210546341,6.710360902967087 
 11/29  06:00:00,10.469000378343328,6.439247421253372 
 11/29  07:00:00,10.33851902177893,6.1758478615117549 
 11/29  08:00:00,10.226463831344882,5.916014871306964 
 11/29  09:00:00,10.796910423732822,6.391057356692636 
 11/29  10:00:00,12.205788567922712,7.699331057041566 
 11/29  11:00:00,13.39719529023028,8.805799706043917 
 11/29  12:00:00,14.008700135371367,9.448578297701696 
 11/29  13:00:00,14.744915775547206,10.160482343791803 
 11/29  14:00:00,15.017038803634528,10.514107458168838 
 11/29  15:00:00,15.575350259850362,11.084977936435582 
 11/29  16:00:00,15.144992559242234,10.741096653881283 
 11/29  17:00:00,13.83472690273627,9.519423963992033 
 11/29  18:00:00,13.027731563004754,8.835669654647378 
 11/29  19:00:00,12.551433294735464,8.426444342781128 
 11/29  20:00:00,12.014930499857375,7.956309818717486 
 11/29  21:00:00,11.73147504459784,7.664167862282186 
 11/29  22:00:00,11.512057910045053,7.409276107521062 
 11/29  23:00:00,11.303700790434064,7.151011700572872 
 11/29  24:00:00,11.125237300162106,6.906433303549487 
 11/30  01:00:00,10.968948883071383,6.6726917143937689 
 11/30  02:00:00,10.836988174980329,6.454115705985472 
 11/30  03:00:00,10.704554450087749,6.230271034355745 
 11/30  04:00:00,10.55064714967705,5.996244005162707 
 11/30  05:00:00,10.399329183132162,5.77107201931946 
 11/30  06:00:00,10.2587308073321,5.5535592747729078 
 11/30  07:00:00,10.10892972826609,5.310081253968812 
 11/30  08:00:00,9.970495611881015,5.071765924977479 
 11/30  09:00:00,10.464435296555257,5.510513493644466 
 11/30  10:00:00,11.895741058644563,6.8304419598593288 
 11/30  11:00:00,13.052487206373185,8.006239571745379 
 11/30  12:00:00,13.691593369116362,8.706595726181359 
 11/30  13:00:00,14.438722432378679,9.497339598661276 
 11/30  14:00:00,14.776455238704264,9.945092238549789 
 11/30  15:00:00,15.366501432499796,10.583865357590407 
 11/30  16:00:00,15.330681271694474,10.649953867637827 
 11/30  17:00:00,14.128399929964774,9.548374675457266 
 11/30  18:00:00,13.209637833445429,8.75534506238442 
 11/30  19:00:00,12.695753152808255,8.335319578452707 
 11/30  20:00:00,12.422783583131939,8.109278567994519 
 11/30  21:00:00,12.138394215012232,7.844467933290959 
 11/30  22:00:00,11.937053883856477,7.646770918978023 
 11/30  23:00:00,11.892829025453333,7.570044693657095 
 11/30  24:00:00,11.98064549325115,7.587154376538595 
 12/01  01:00:00,12.2508856937646,7.6977325126769389 
 12/01  02:00:00,12.444055184715238,7.768151991632709 
 12/01  03:00:00,12.522317614773188,7.778346403910401 
 12/01  04:00:00,12.544509237811159,7.756573754358528 
 12/01  05:00:00,12.540790684451313,7.72267557099682 
 12/01  06:00:00,12.515428813127427,7.687183396667143 
 12/01  07:00:00,12.479626415275087,7.6494048723643959 
 12/01  08:00:00,12.45533133682866,7.627444670897904 
 12/01  09:00:00,12.515779257478444,7.6952640585667269 
 12/01  10:00:00,12.75537517258224,7.9304278095789659 
 12/01  11:00:00,13.01999857707315,8.21590307717415 
 12/01  12:00:00,13.29355909820821,8.562557089044269 
 12/01  13:00:00,13.451622496506659,8.803891229416394 
 12/01  14:00:00,13.531208935894627,8.970467090641599 
 12/01  15:00:00,13.438761226057258,9.081685293053623 
 12/01  16:00:00,13.385274845558,9.092318112900252 
 12/01  17:00:00,13.276943466615292,9.04760001235549 
 12/01  18:00:00,13.161468507137262,9.09702796796062 
 12/01  19:00:00,13.058482093060775,9.098607655781226 
 12/01  20:00:00,12.97844352397872,9.091219412668087 
 12/01  21:00:00,12.893584479562353,9.090167757694369 
 12/01  22:00:00,12.818167940808444,9.088995055019016 
 12/01  23:00:00,12.74963311993088,9.077364837750335 
 12/01  24:00:00,12.675645248710748,9.046945535079728 
 12/02  01:00:00,12.559576212697582,8.979523335847718 
 12/02  02:00:00,12.428421389926747,8.883307228649225 
 12/02  03:00:00,12.286178417904927,8.759098413889089 
 12/02  04:00:00,12.063650665112853,8.538377088203382 
 12/02  05:00:00,11.791736957416646,8.248191411032682 
 12/02  06:00:00,11.547351131760943,7.983637071246434 
 12/02  07:00:00,11.252293938633283,7.64072056992987 
 12/02  08:00:00,11.019732480666005,7.366615753158499 
 12/02  09:00:00,11.004373347029399,7.32273094780012 
 12/02  10:00:00,11.969027504141192,8.263110439883804 
 12/02  11:00:00,12.880680084098284,9.19284388285983 
 12/02  12:00:00,13.745471631016441,10.147793051887588 
 12/02  13:00:00,14.2275213967385,10.628997776889598 
 12/02  14:00:00,14.423585129816504,10.813914815745548 
 12/02  15:00:00,14.516296890955776,10.951873342694548 
 12/02  16:00:00,13.81440243941619,10.253876001490946 
 12/02  17:00:00,12.7976747805078,9.259152284752638 
 12/02  18:00:00,12.199148560161364,8.624809962377612 
 12/02  19:00:00,11.789899019977959,8.197016970218524 
 12/02  20:00:00,11.316539948482351,7.668191835384728 
 12/02  21:00:00,11.035447191434717,7.336730218683388 
 12/02  22:00:00,10.807652340978122,7.047656057039231 
 12/02  23:00:00,10.596109563545838,6.777312884322509 
 12/02  24:00:00,10.359897737878898,6.429988228763042 
 12/03  01:00:00,10.187657112322814,6.130736277629151 
 12/03  02:00:00,10.039256631903829,5.844109269360524 
 12/03  03:00:00,9.892546150383727,5.553192833221474 
 12/03  04:00:00,9.740548008856509,5.2572927779553109 
 12/03  05:00:00,9.587836730800668,4.961761479957288 
 12/03  06:00:00,9.443105791164788,4.673796434818993 
 12/03  07:00:00,9.352925810670224,4.428511184661192 
 12/03  08:00:00,9.288607943530803,4.206112996606042 
 12/03  09:00:00,9.812613328744753,4.619463443738291 
 12/03  10:00:00,11.290804238064377,5.935367587047436 
 12/03  11:00:00,12.480335597869122,7.08319760154108 
 12/03  12:00:00,13.152142797274817,7.800156631023987 
 12/03  13:00:00,13.911267240802605,8.590066505232075 
 12/03  14:00:00,14.170543779253379,8.970095558313064 
 12/03  15:00:00,14.729300592486414,9.602685401346588 
 12/03  16:00:00,14.58015790056695,9.605293132814607 
 12/03  17:00:00,13.278851595045137,8.428245706362804 
 12/03  18:00:00,12.390505121999477,7.690300376437959 
 12/03  19:00:00,11.97236366728044,7.3802952699603259 
 12/03  20:00:00,11.531953707226752,7.052655426523219 
 12/03  21:00:00,11.335797390323485,6.88777698133453 
 12/03  22:00:00,11.107745266550698,6.64359815509626 
 12/03  23:00:00,10.850526781325334,6.351994447530168 
 12/03  24:00:00,10.528702981466309,5.97965010832514 
 12/04  01:00:00,10.317211866028453,5.70388800950031 
 12/04  02:00:00,10.139708155746013,5.450054171298439 
 12/04  03:00:00,9.970058579806029,5.194540696450161 
 12/04  04:00:00,9.826763965523903,4.945203848350788 
 12/04  05:00:00,9.712296768767513,4.706116285088782 
 12/04  06:00:00,9.600995495087862,4.4656577391527449 
 12/04  07:00:00,9.557218023404035,4.298842944187014 
 12/04  08:00:00,9.543873651269117,4.157965069761136 
 12/04  09:00:00,10.09171403920643,4.620631278902006 
 12/04  10:00:00,11.067600141297828,5.4703801870217909 
 12/04  11:00:00,11.56323376560652,5.914626782841692 
 12/04  12:00:00,11.869844625947046,6.158783209884243 
 12/04  13:00:00,11.920164531871086,6.211436588903244 
 12/04  14:00:00,11.753758520932014,6.094660382496638 
 12/04  15:00:00,11.465037925840699,5.869832617507146 
 12/04  16:00:00,11.189163096807978,5.646227533449182 
 12/04  17:00:00,10.902440988035009,5.408466102366089 
 12/04  18:00:00,10.688736576940704,5.23011676169018 
 12/04  19:00:00,10.487420510589916,5.079377658375737 
 12/04  20:00:00,10.316875456863853,4.948625650080464 
 12/04  21:00:00,10.169352533724846,4.821742504730566 
 12/04  22:00:00,10.110945226834263,4.746295008431975 
 12/04  23:00:00,10.099993440724202,4.698869666588083 
 12/04  24:00:00,10.077322308047507,4.635886165542925 
 12/05  01:00:00,9.9664495485254,4.503362013816789 
 12/05  02:00:00,9.801118711829452,4.323718394388038 
 12/05  03:00:00,9.651637921932235,4.152915255225955 
 12/05  04:00:00,9.518074896845178,3.9821679846444217 
 12/05  05:00:00,9.397932391663993,3.819276508231056 
 12/05  06:00:00,9.254477812242808,3.632226548886961 
 12/05  07:00:00,9.213144025345674,3.543773009295063 
 12/05  08:00:00,9.228423338693919,3.5132368498612256 
 12/05  09:00:00,9.425432199484705,3.6794583753129896 
 12/05  10:00:00,10.393720054821506,4.674705917051051 
 12/05  11:00:00,11.394298013032948,5.798256903520672 
 12/05  12:00:00,12.265562528576603,6.817853687451326 
 12/05  13:00:00,13.180880013553919,7.869967046824598 
 12/05  14:00:00,13.604007558979488,8.41620354955629 
 12/05  15:00:00,14.049510933831876,8.90255575842593 
 12/05  16:00:00,14.060351376101695,9.00371529210323 
 12/05  17:00:00,12.952573096973282,8.013425751309664 
 12/05  18:00:00,12.123945612143329,7.233888910406828 
 12/05  19:00:00,11.836187463982256,7.0257208475889529 
 12/05  20:00:00,11.444010191859551,6.715267161396554 
 12/05  21:00:00,11.237627153490104,6.548968136420304 
 12/05  22:00:00,11.10299132237138,6.4276299362835369 
 12/05  23:00:00,10.955671118177048,6.270765050202375 
 12/05  24:00:00,10.82407783146531,6.107706845821556 
 12/06  01:00:00,10.68777983917119,5.932311430952735 
 12/06  02:00:00,10.555115577826062,5.751684461729316 
 12/06  03:00:00,10.42330763980121,5.564699661529057 
 12/06  04:00:00,10.307187453523657,5.3887384535059319 
 12/06  05:00:00,10.213125281690779,5.232941933982941 
 12/06  06:00:00,10.110170980011342,5.068151253711564 
 12/06  07:00:00,10.095753205393873,4.971694152465866 
 12/06  08:00:00,10.110306878409807,4.903288448559274 
 12/06  09:00:00,10.46285250456672,5.197062109442362 
 12/06  10:00:00,11.22320894738461,5.929261830470181 
 12/06  11:00:00,11.863044204470502,6.499175761827772 
 12/06  12:00:00,12.137164792366083,6.706498177142835 
 12/06  13:00:00,12.418941728708722,6.98228463851882 
 12/06  14:00:00,12.629505331629119,7.243972251849576 
 12/06  15:00:00,12.669043602844848,7.3778923692117559 
 12/06  16:00:00,12.510277400925585,7.369598255963023 
 12/06  17:00:00,12.265378159874209,7.277415608597056 
 12/06  18:00:00,12.076887752486,7.223756315401452 
 12/06  19:00:00,12.014054410747989,7.26709822657477 
 12/06  20:00:00,12.008901352758479,7.355941718772427 
 12/06  21:00:00,11.994624818829424,7.4303883814914049 
 12/06  22:00:00,11.978654302858804,7.492126184390122 
 12/06  23:00:00,11.980779665106617,7.556330759033908 
 12/06  24:00:00,11.985693975798406,7.619234190976362 
 12/07  01:00:00,12.041518489777677,7.70938400487061 
 12/07  02:00:00,12.127690894785485,7.833254268790133 
 12/07  03:00:00,12.209687529208124,7.9689175555274 
 12/07  04:00:00,12.15570335291471,7.982697871050867 
 12/07  05:00:00,12.033934953391855,7.945464921764026 
 12/07  06:00:00,11.89681253569917,7.895757948607261 
 12/07  07:00:00,11.812190270578114,7.85946596332599 
 12/07  08:00:00,11.757583397288104,7.8274948806324329 
 12/07  09:00:00,11.885027333741756,7.964675894755219 
 12/07  10:00:00,12.928221565280989,9.045475217522084 
 12/07  11:00:00,14.051901974109804,10.414299605374472 
 12/07  12:00:00,15.00235828220962,11.556549942956739 
 12/07  13:00:00,15.815874971381751,12.556167762613609 
 12/07  14:00:00,16.236502069458667,13.186214381903242 
 12/07  15:00:00,16.516939230503639,13.556271450647717 
 12/07  16:00:00,16.360445433905438,13.46722051740706 
 12/07  17:00:00,15.283582214747368,12.466455606925632 
 12/07  18:00:00,14.669954748246218,11.875382536441263 
 12/07  19:00:00,14.340261339936776,11.571780707107932 
 12/07  20:00:00,13.930817833963001,11.185538225006909 
 12/07  21:00:00,13.726091934467835,11.016352681168092 
 12/07  22:00:00,13.591328976610234,10.908582296051021 
 12/07  23:00:00,13.429532705793989,10.750314931527168 
 12/07  24:00:00,13.270234409920264,10.565156559492657 
 12/08  01:00:00,13.080879071945278,10.33034098093513 
 12/08  02:00:00,12.861817640593039,10.054596209089896 
 12/08  03:00:00,12.650025419419505,9.776403483517342 
 12/08  04:00:00,12.516523415109428,9.576208342661804 
 12/08  05:00:00,12.406638434830695,9.398111588143209 
 12/08  06:00:00,12.302885785376358,9.209431897938537 
 12/08  07:00:00,12.204613130309618,9.02071188501991 
 12/08  08:00:00,12.135570826067822,8.853812248417466 
 12/08  09:00:00,12.210952843438273,8.842638323567137 
 12/08  10:00:00,13.12938218028275,9.662103970095217 
 12/08  11:00:00,14.072857239477829,10.515504466006169 
 12/08  12:00:00,15.121916982483397,11.58280453812888 
 12/08  13:00:00,15.290438199348522,11.691991044902136 
 12/08  14:00:00,15.256649903385798,11.633626565414796 
 12/08  15:00:00,15.070040880642118,11.477647397578389 
 12/08  16:00:00,14.809700589639956,11.314022098126549 
 12/08  17:00:00,14.562731693050348,11.181132026173206 
 12/08  18:00:00,14.367609287916402,11.079975770846096 
 12/08  19:00:00,14.224474825557197,11.020977951651736 
 12/08  20:00:00,14.088002462016903,10.96321789574207 
 12/08  21:00:00,13.798170300352095,10.83277149383646 
 12/08  22:00:00,13.769101866970324,10.766001971482176 
 12/08  23:00:00,13.751990616184396,10.69239958749062 
 12/08  24:00:00,13.578005157305313,10.636841514485749 
 12/09  01:00:00,13.564420734232975,10.54628079001499 
 12/09  02:00:00,13.55219262081456,10.449243413966859 
 12/09  03:00:00,13.367907070779996,10.387392466185599 
 12/09  04:00:00,13.374869412112118,10.32139198507488 
 12/09  05:00:00,13.400682874549159,10.263300130803313 
 12/09  06:00:00,13.334433988761554,10.176835515781529 
 12/09  07:00:00,13.201703089913764,10.049783309399297 
 12/09  08:00:00,13.101953338703055,9.944205519774691 
 12/09  09:00:00,13.094348149055318,9.923110238489502 
 12/09  10:00:00,13.374359401938593,10.184200416716728 
 12/09  11:00:00,14.089575759964286,10.906692338593759 
 12/09  12:00:00,14.938737753842617,11.897328941175596 
 12/09  13:00:00,15.210891960733733,12.165374474916569 
 12/09  14:00:00,15.251682133211432,12.260235483790395 
 12/09  15:00:00,14.98190272226211,12.064342451653035 
 12/09  16:00:00,14.681775056631074,11.808348109141999 
 12/09  17:00:00,14.202119898517989,11.380486368112433 
 12/09  18:00:00,13.766047392747656,10.981116730895135 
 12/09  19:00:00,13.436443081473647,10.685917423013138 
 12/09  20:00:00,13.19985390039825,10.449190145059589 
 12/09  21:00:00,12.983869148114757,10.204131290073035 
 12/09  22:00:00,12.764674486304602,9.947984262798706 
 12/09  23:00:00,12.550369609817857,9.68767368042656 
 12/09  24:00:00,12.342264310036003,9.420206697127844 
 12/10  01:00:00,12.178992506772222,9.181443447184578 
 12/10  02:00:00,12.038336342022375,8.954360028406932 
 12/10  03:00:00,11.902199298215539,8.721497311488428 
 12/10  04:00:00,11.740063703516123,8.4581323701223 
 12/10  05:00:00,11.569942089522355,8.184226769860075 
 12/10  06:00:00,11.398242673621889,7.906535735394563 
 12/10  07:00:00,11.303413370632605,7.702689135543016 
 12/10  08:00:00,11.24654448277162,7.528072022991297 
 12/10  09:00:00,11.583126199879768,7.784959438149692 
 12/10  10:00:00,12.931410728059753,8.994306419736379 
 12/10  11:00:00,13.871873099218842,9.903784648641019 
 12/10  12:00:00,14.534912722424805,10.528238022515769 
 12/10  13:00:00,15.2628569811563,11.239636158242809 
 12/10  14:00:00,15.667344606568215,11.698669992419097 
 12/10  15:00:00,16.213597382200839,12.306293488267775 
 12/10  16:00:00,16.088013300118918,12.25591404930247 
 12/10  17:00:00,15.29780000403601,11.592294432989164 
 12/10  18:00:00,14.713457957850864,11.12469364643738 
 12/10  19:00:00,14.52043812611309,11.051448218626473 
 12/10  20:00:00,14.315316440615752,10.96201268784363 
 12/10  21:00:00,14.114970565796896,10.843762187675523 
 12/10  22:00:00,14.029215017093529,10.791096514707706 
 12/10  23:00:00,13.99477534486209,10.767576638822155 
 12/10  24:00:00,13.952522959226917,10.72147230720695 
 12/11  01:00:00,13.889451133796154,10.649596893270236 
 12/11  02:00:00,13.813680137082257,10.563772093928844 
 12/11  03:00:00,13.763659587545524,10.496658776394744 
 12/11  04:00:00,13.695755633739335,10.412391773722343 
 12/11  05:00:00,13.62433514715557,10.324252858666469 
 12/11  06:00:00,13.554678931473257,10.237744488489748 
 12/11  07:00:00,13.505701326177462,10.1661195115638 
 12/11  08:00:00,13.49217354813445,10.125295948460943 
 12/11  09:00:00,13.514212685572657,10.121452740873249 
 12/11  10:00:00,13.574435981317297,10.173837423969524 
 12/11  11:00:00,13.680518730017893,10.282933595129223 
 12/11  12:00:00,13.41767726135842,10.224043794889566 
 12/11  13:00:00,13.828607598070452,10.4866787351381 
 12/11  14:00:00,14.06099738416397,10.668753593717299 
 12/11  15:00:00,14.073200301665152,10.705520412269108 
 12/11  16:00:00,13.88418073406482,10.573689487783409 
 12/11  17:00:00,13.64071444130145,10.368911092053838 
 12/11  18:00:00,13.434990641372304,10.19372301813806 
 12/11  19:00:00,13.325384963540886,10.10298787513994 
 12/11  20:00:00,13.24791491336741,10.035090273306567 
 12/11  21:00:00,13.179248301226714,9.961959325032796 
 12/11  22:00:00,13.087867479266905,9.858699996681937 
 12/11  23:00:00,12.98019914541414,9.731340925630436 
 12/11  24:00:00,12.662089395677825,9.533843630654723 
 12/12  01:00:00,12.630904254146847,9.410035016702981 
 12/12  02:00:00,12.577717596797586,9.264315823658768 
 12/12  03:00:00,12.416783278639774,9.076406583089348 
 12/12  04:00:00,12.266984192948465,8.903929897626265 
 12/12  05:00:00,12.135750932094929,8.731835581066799 
 12/12  06:00:00,12.003160568404132,8.549665911477304 
 12/12  07:00:00,11.922756193258973,8.408805579505576 
 12/12  08:00:00,11.871472548631765,8.285660441474987 
 12/12  09:00:00,11.886302888465848,8.229178021351407 
 12/12  10:00:00,12.146698300729133,8.431275336560152 
 12/12  11:00:00,12.516239855713078,8.769667676649347 
 12/12  12:00:00,12.927451798350188,9.143004297737655 
 12/12  13:00:00,13.208326829619141,9.406598838557886 
 12/12  14:00:00,13.350981058732855,9.55366572870664 
 12/12  15:00:00,13.36273975657741,9.576744055491565 
 12/12  16:00:00,13.208622649422134,9.451071545280389 
 12/12  17:00:00,12.82823869948481,9.089318813920352 
 12/12  18:00:00,12.395703811504124,8.676642227474837 
 12/12  19:00:00,12.103687944863925,8.414670595272885 
 12/12  20:00:00,11.836033769559823,8.173360429631915 
 12/12  21:00:00,11.550363879216122,7.90291401525073 
 12/12  22:00:00,11.333702056265024,7.661276496257344 
 12/12  23:00:00,11.176230404736924,7.44865066397939 
 12/12  24:00:00,11.0140535430714,7.219372454161069 
 12/13  01:00:00,10.874403069781398,6.99368405101539 
 12/13  02:00:00,10.76823335241337,6.785208933152782 
 12/13  03:00:00,10.667546340973905,6.565869264230661 
 12/13  04:00:00,10.509135698957048,6.313498813098778 
 12/13  05:00:00,10.316591541473091,6.036809597507057 
 12/13  06:00:00,10.12809971097687,5.760116902392933 
 12/13  07:00:00,10.00510628745442,5.546730719637394 
 12/13  08:00:00,9.941825681651661,5.382640321185368 
 12/13  09:00:00,9.909944161413322,5.2520460125197039 
 12/13  10:00:00,10.155058744707365,5.399797110685718 
 12/13  11:00:00,10.932330054762123,6.110071297538889 
 12/13  12:00:00,11.801460618820393,6.941096427055826 
 12/13  13:00:00,12.21456084772678,7.343521602431023 
 12/13  14:00:00,12.454019818098827,7.594117580352549 
 12/13  15:00:00,12.439508008811967,7.601991548330524 
 12/13  16:00:00,12.225141993701659,7.410199361323776 
 12/13  17:00:00,11.66230262647054,6.855002940921029 
 12/13  18:00:00,11.155294997082955,6.360421190645729 
 12/13  19:00:00,10.88167054840933,6.098902493351954 
 12/13  20:00:00,10.718325815543296,5.929569984176112 
 12/13  21:00:00,10.555567642898906,5.737000987786363 
 12/13  22:00:00,10.465635097748452,5.594713881300741 
 12/13  23:00:00,10.387160561133677,5.453120150280217 
 12/13  24:00:00,10.322146742967377,5.312925973793073 
 12/14  01:00:00,10.273039330920824,5.178003124414342 
 12/14  02:00:00,10.222521178825558,5.036332139174805 
 12/14  03:00:00,10.162898791494074,4.89068052531948 
 12/14  04:00:00,10.05075440014296,4.714891229269679 
 12/14  05:00:00,9.917437542991609,4.522657909247864 
 12/14  06:00:00,9.79126840507454,4.332217695887665 
 12/14  07:00:00,9.723637121793818,4.190065207787538 
 12/14  08:00:00,9.654569609300165,4.048260468048528 
 12/14  09:00:00,9.68292817758923,4.024394007470317 
 12/14  10:00:00,9.966805249135483,4.283399281782479 
 12/14  11:00:00,10.246930266940695,4.552347294391763 
 12/14  12:00:00,10.338517735851334,4.627463975195845 
 12/14  13:00:00,10.330208678328868,4.631063063105372 
 12/14  14:00:00,10.300022829950203,4.636852819312985 
 12/14  15:00:00,10.198423680737128,4.572334252828412 
 12/14  16:00:00,9.999851703341559,4.391175172742679 
 12/14  17:00:00,9.742051540129014,4.132696777812923 
 12/14  18:00:00,9.487528095296579,3.8755076278935074 
 12/14  19:00:00,9.252783471896374,3.6474334205004825 
 12/14  20:00:00,9.024055096136053,3.4215578576683396 
 12/14  21:00:00,8.797061542831694,3.179449884999185 
 12/14  22:00:00,8.635469300943024,2.9777514116393357 
 12/14  23:00:00,8.515205137087186,2.802371617574898 
 12/14  24:00:00,8.388959328645387,2.613461888163374 
 12/15  01:00:00,8.249812166975392,2.398549951405615 
 12/15  02:00:00,8.122504030810735,2.1840337989604565 
 12/15  03:00:00,7.990332788995025,1.9596410286501219 
 12/15  04:00:00,7.7999022712998189,1.716254469426156 
 12/15  05:00:00,7.578387479813064,1.4539127250292306 
 12/15  06:00:00,7.371731456658967,1.1975921834206656 
 12/15  07:00:00,7.332256836701202,1.0568051011925904 
 12/15  08:00:00,7.350397793020258,0.9523679220897015 
 12/15  09:00:00,7.523822724712383,1.015373769680809 
 12/15  10:00:00,8.533989709132828,2.017326400654846 
 12/15  11:00:00,9.663925059461766,3.155505855604617 
 12/15  12:00:00,10.51530447515313,4.149170246683088 
 12/15  13:00:00,11.23151816979798,4.91103496597675 
 12/15  14:00:00,11.599199875022056,5.382722051014348 
 12/15  15:00:00,12.1416021893838,5.974213400725981 
 12/15  16:00:00,12.026068801899095,5.956016904547849 
 12/15  17:00:00,10.767857429507416,4.7453666431204148 
 12/15  18:00:00,9.813441280534704,3.8279498762720305 
 12/15  19:00:00,9.380416485906619,3.474029113090787 
 12/15  20:00:00,8.822200177291073,3.012747160893135 
 12/15  21:00:00,8.501678064903456,2.7353286076308258 
 12/15  22:00:00,8.195480608537065,2.4164319886175407 
 12/15  23:00:00,7.925998723996884,2.104121769660574 
 12/15  24:00:00,7.663309383945981,1.7748930735350098 
 12/16  01:00:00,7.449904693060657,1.4778545631890139 
 12/16  02:00:00,7.251488192019742,1.1810682874407719 
 12/16  03:00:00,7.068526172912968,0.8900264264828609 
 12/16  04:00:00,6.893700817769484,0.5987001343268493 
 12/16  05:00:00,6.720340541794065,0.3044134618551068 
 12/16  06:00:00,6.5494553235673529,0.007982906267573056 
 12/16  07:00:00,6.442860946799787,-0.2346765728756532 
 12/16  08:00:00,6.366115405291588,-0.45483355224079577 
 12/16  09:00:00,6.621087141786969,-0.3311996970610352 
 12/16  10:00:00,7.971276323027637,0.8936009408772973 
 12/16  11:00:00,8.799570903561058,1.6768691760470918 
 12/16  12:00:00,9.360540824875365,2.1687302191103225 
 12/16  13:00:00,9.652238843841069,2.453718338047307 
 12/16  14:00:00,9.866606395661496,2.6943126019309515 
 12/16  15:00:00,9.874103853921044,2.7477139567249369 
 12/16  16:00:00,9.657914668007088,2.6236002673212788 
 12/16  17:00:00,9.01312942184261,2.051434586074004 
 12/16  18:00:00,8.528181388986038,1.634431063715836 
 12/16  19:00:00,8.179387052028034,1.3657867065197694 
 12/16  20:00:00,8.0338339988367,1.278646402293529 
 12/16  21:00:00,7.953266123652639,1.2253924156362047 
 12/16  22:00:00,7.831904101452075,1.0953489322403532 
 12/16  23:00:00,7.699365450791042,0.9279740648924811 
 12/16  24:00:00,7.580302843051695,0.7626983386201934 
 12/17  01:00:00,7.430719779226773,0.5724348450479508 
 12/17  02:00:00,7.271681104981729,0.370142434193957 
 12/17  03:00:00,7.113062458712668,0.16267075575431634 
 12/17  04:00:00,7.025180392719313,-0.009446834174375529 
 12/17  05:00:00,6.95644975543306,-0.18107147360322818 
 12/17  06:00:00,6.899309992063179,-0.3473869998330204 
 12/17  07:00:00,6.815193411500954,-0.5003963616515005 
 12/17  08:00:00,6.724710194471346,-0.6430765856450502 
 12/17  09:00:00,6.758713510208195,-0.6539687880790784 
 12/17  10:00:00,7.43250685200964,0.007880281676603304 
 12/17  11:00:00,8.179126958030123,0.7727798957090484 
 12/17  12:00:00,8.86312422249734,1.453633547210941 
 12/17  13:00:00,9.566692429895799,2.2527691310028397 
 12/17  14:00:00,10.177322389377432,3.0359601710818429 
 12/17  15:00:00,10.921076219253255,3.9210823139117929 
 12/17  16:00:00,11.113440034712717,4.190226919256863 
 12/17  17:00:00,10.028741317466255,3.2368284554842008 
 12/17  18:00:00,9.341207942842506,2.614990068994196 
 12/17  19:00:00,8.982087755066996,2.3659297892221877 
 12/17  20:00:00,8.591277008118404,2.076432192869951 
 12/17  21:00:00,8.392844893924054,1.9468741769185479 
 12/17  22:00:00,8.24495452125523,1.828281731037599 
 12/17  23:00:00,8.0914456029686,1.6694097625303737 
 12/17  24:00:00,7.935228278451725,1.4884223532167294 
 12/18  01:00:00,7.784486804900747,1.3021972808639755 
 12/18  02:00:00,7.646560428386204,1.1204397171438976 
 12/18  03:00:00,7.511448050079304,0.9309697565796659 
 12/18  04:00:00,7.377957790599794,0.7399679736324767 
 12/18  05:00:00,7.2378457398939119,0.5388519961891757 
 12/18  06:00:00,7.104853326314361,0.3405217591292208 
 12/18  07:00:00,7.044233138154718,0.20631023516340195 
 12/18  08:00:00,7.016697379338102,0.10609693187585992 
 12/18  09:00:00,7.277931904050016,0.3113746199323406 
 12/18  10:00:00,8.69781696364913,1.6901618532076566 
 12/18  11:00:00,9.930345514604552,3.1232122221033764 
 12/18  12:00:00,10.739940045844002,4.03967811695238 
 12/18  13:00:00,11.440110619237295,4.841613492573847 
 12/18  14:00:00,11.88764131743416,5.479488236178988 
 12/18  15:00:00,12.238037648572963,5.881273301858986 
 12/18  16:00:00,12.207489230371426,5.953868923687108 
 12/18  17:00:00,11.074898213671533,4.96247969574827 
 12/18  18:00:00,10.181141783901408,4.142295565321302 
 12/18  19:00:00,9.819209548756689,3.861931889737888 
 12/18  20:00:00,9.34933343034663,3.4585236695023138 
 12/18  21:00:00,9.06613085913158,3.1955186900122487 
 12/18  22:00:00,8.832048615084992,2.9793335909295659 
 12/18  23:00:00,8.588797882719965,2.7424597845751195 
 12/18  24:00:00,8.336031382454778,2.4720279224860106 
 12/19  01:00:00,8.15234656815577,2.222116143951342 
 12/19  02:00:00,8.020855380195546,1.9952814942860602 
 12/19  03:00:00,7.901003800180827,1.7599083318640776 
 12/19  04:00:00,7.754287681174693,1.530823110216095 
 12/19  05:00:00,7.596389678783632,1.2987499993846419 
 12/19  06:00:00,7.449624680051387,1.0714224877632224 
 12/19  07:00:00,7.377729658931885,0.8861948942502763 
 12/19  08:00:00,7.337174950631923,0.7184908577310051 
 12/19  09:00:00,7.5891036379875909,0.8693686825428876 
 12/19  10:00:00,8.358269927553004,1.5823642978454853 
 12/19  11:00:00,8.730777598435737,1.9042801552171609 
 12/19  12:00:00,8.898202324777247,1.9969831460871122 
 12/19  13:00:00,9.001669537034726,2.047276566605067 
 12/19  14:00:00,9.057627417277822,2.0908379474519109 
 12/19  15:00:00,9.025630744600833,2.0702141717382807 
 12/19  16:00:00,8.855679145193936,1.9276193940694729 
 12/19  17:00:00,8.633128202110415,1.7327631807420375 
 12/19  18:00:00,8.473938364935642,1.60098484739777 
 12/19  19:00:00,8.311837405390426,1.4620201707422876 
 12/19  20:00:00,8.154974493193246,1.3164277690915987 
 12/19  21:00:00,8.015621733961897,1.1680128016957757 
 12/19  22:00:00,7.948099512577634,1.1013149687915922 
 12/19  23:00:00,7.901956137904916,1.0583081174320102 
 12/19  24:00:00,7.840949689536863,0.9913109551141959 
 12/20  01:00:00,7.716030406805391,0.8292885316619947 
 12/20  02:00:00,7.564384906007642,0.6238463245027049 
 12/20  03:00:00,7.41258957619279,0.4138761817084145 
 12/20  04:00:00,7.359822197018882,0.31022549067145546 
 12/20  05:00:00,7.352251217032127,0.2573774858804453 
 12/20  06:00:00,7.336964992274965,0.19359800656236657 
 12/20  07:00:00,7.2579862920154,0.07292762574647224 
 12/20  08:00:00,7.1705891719263159,-0.06243799165431129 
 12/20  09:00:00,7.368982673211417,0.09662120677096033 
 12/20  10:00:00,8.780184593372882,1.5051160245458786 
 12/20  11:00:00,9.898309109847667,2.871038651053582 
 12/20  12:00:00,10.849100440469348,3.974698546793249 
 12/20  13:00:00,11.057526283835794,4.1420738516290449 
 12/20  14:00:00,10.626904740924865,3.7163555017774967 
 12/20  15:00:00,10.17592366869511,3.3168527162453396 
 12/20  16:00:00,9.846794891339112,3.1305899282712965 
 12/20  17:00:00,9.573228966531822,3.0156932015672508 
 12/20  18:00:00,9.339010248803046,2.913886754779699 
 12/20  19:00:00,9.217079530349804,2.870747031742184 
 12/20  20:00:00,9.15328641664877,2.849762652546148 
 12/20  21:00:00,9.117757466060379,2.8317058906061884 
 12/20  22:00:00,9.040412805903364,2.8101103058748038 
 12/20  23:00:00,8.960141435380218,2.783950195320486 
 12/20  24:00:00,8.897851248301226,2.754293189614099 
 12/21  01:00:00,8.85971997781283,2.697825918865899 
 12/21  02:00:00,8.826776983502218,2.6215890650881414 
 12/21  03:00:00,8.807649882485802,2.5527925510026345 
 12/21  04:00:00,8.73796099840631,2.4952912661941868 
 12/21  05:00:00,8.634862587400733,2.414846488513437 
 12/21  06:00:00,8.536956673296315,2.327325706356129 
 12/21  07:00:00,8.459088759891849,2.226965352704356 
 12/21  08:00:00,8.396659334138662,2.128439890231561 
 12/21  09:00:00,8.418644581624284,2.1196664393583335 
 12/21  10:00:00,9.35305550515118,2.9782254055181749 
 12/21  11:00:00,10.391414837724423,4.270783493143215 
 12/21  12:00:00,11.649637806847553,5.744595273169702 
 12/21  13:00:00,12.463502205447462,6.700731912534193 
 12/21  14:00:00,12.9300225074989,7.3484907142551949 
 12/21  15:00:00,13.298158265295715,7.809645846745615 
 12/21  16:00:00,13.364432974344636,7.996960424732318 
 12/21  17:00:00,12.364405691153963,7.154711799608321 
 12/21  18:00:00,11.657550890077888,6.5397959439124559 
 12/21  19:00:00,11.33675673898881,6.318588723626428 
 12/21  20:00:00,11.073960115964566,6.134573237052002 
 12/21  21:00:00,10.894457161940068,6.000032363629057 
 12/21  22:00:00,10.830370103448315,5.9792918946233899 
 12/21  23:00:00,10.792397251188437,5.973999151330756 
 12/21  24:00:00,10.80535123116207,5.992839707225646 
 12/22  01:00:00,10.767677178496078,5.934097249981693 
 12/22  02:00:00,10.674227742645778,5.804542464812078 
 12/22  03:00:00,10.617578552963517,5.695045071338661 
 12/22  04:00:00,10.559443664591783,5.6185776025732869 
 12/22  05:00:00,10.535259489305018,5.585174227977476 
 12/22  06:00:00,10.488804350411419,5.53034910901166 
 12/22  07:00:00,10.46261881882576,5.478092276000316 
 12/22  08:00:00,10.444525867848725,5.431222333989611 
 12/22  09:00:00,10.4672349007671,5.430096917297343 
 12/22  10:00:00,10.649083332406099,5.596072779428133 
 12/22  11:00:00,10.934819374193776,5.885460731803962 
 12/22  12:00:00,11.24088434511117,6.187413656924944 
 12/22  13:00:00,11.439438454221115,6.43406075906156 
 12/22  14:00:00,11.517922370479236,6.568250554468615 
 12/22  15:00:00,11.46723626406913,6.571974040577122 
 12/22  16:00:00,11.333662097557607,6.494677358773998 
 12/22  17:00:00,11.15968048411223,6.374719021207221 
 12/22  18:00:00,11.01449095155848,6.273730897530906 
 12/22  19:00:00,10.952671748614869,6.25105362758999 
 12/22  20:00:00,10.925354032491232,6.253618139934949 
 12/22  21:00:00,10.890978396297582,6.241850641874516 
 12/22  22:00:00,10.862988471094644,6.225001383408506 
 12/22  23:00:00,10.841980124967627,6.205309031441071 
 12/22  24:00:00,10.831218831057669,6.190273922308029 
 12/23  01:00:00,10.783905411801543,6.144060794316257 
 12/23  02:00:00,10.75226028872456,6.103764457600007 
 12/23  03:00:00,10.7085541803201,6.0537014758134088 
 12/23  04:00:00,10.640989628681189,5.977863305887 
 12/23  05:00:00,10.556085654343937,5.881004600585318 
 12/23  06:00:00,10.472004744948699,5.779257470904893 
 12/23  07:00:00,10.440645994176867,5.732281632858907 
 12/23  08:00:00,10.433529218612185,5.7179537786991079 
 12/23  09:00:00,10.535265743140695,5.8131308234323388 
 12/23  10:00:00,11.211165937434409,6.401729496627401 
 12/23  11:00:00,11.791031501473985,7.003341254561176 
 12/23  12:00:00,12.084368083372585,7.299884079232832 
 12/23  13:00:00,12.684673454128597,8.016457320944426 
 12/23  14:00:00,13.498557906906682,9.061509802393483 
 12/23  15:00:00,14.559075827018017,10.35039486696704 
 12/23  16:00:00,14.767477481040184,10.764357966175214 
 12/23  17:00:00,14.113194581734505,10.212574764006228 
 12/23  18:00:00,13.298529817962553,9.37042603800133 
 12/23  19:00:00,13.025709111254859,9.212644701576487 
 12/23  20:00:00,12.78733948763035,9.08429488490486 
 12/23  21:00:00,12.590604021285863,8.946170816504374 
 12/23  22:00:00,12.524269023252007,8.89738211862908 
 12/23  23:00:00,12.50717291989481,8.891003478782306 
 12/23  24:00:00,12.507400664763074,8.884259634074951 
 12/24  01:00:00,12.433007215848326,8.808024046494895 
 12/24  02:00:00,12.366627079860365,8.732629094574215 
 12/24  03:00:00,12.318154737542688,8.671727867547249 
 12/24  04:00:00,12.261605256564352,8.59517577198447 
 12/24  05:00:00,12.19144911550595,8.500403783165009 
 12/24  06:00:00,12.130749295957923,8.408964588089108 
 12/24  07:00:00,12.118049275474404,8.368862237348461 
 12/24  08:00:00,12.130077030395125,8.355993911638202 
 12/24  09:00:00,12.197653686739008,8.386132022390113 
 12/24  10:00:00,12.411188632674513,8.555988424628368 
 12/24  11:00:00,12.777533574345327,8.888557251017922 
 12/24  12:00:00,13.270219807224269,9.378097281854755 
 12/24  13:00:00,13.720995054381874,9.910836493659608 
 12/24  14:00:00,14.371011019432338,10.722837767141887 
 12/24  15:00:00,14.934826582568757,11.438901310863369 
 12/24  16:00:00,14.650331929172854,11.251135194177522 
 12/24  17:00:00,13.914254008139393,10.568158775112363 
 12/24  18:00:00,13.514356081413443,10.210654858997597 
 12/24  19:00:00,13.131380354464135,9.8666243539963 
 12/24  20:00:00,12.938699755993476,9.723712854495572 
 12/24  21:00:00,12.822101191198949,9.650933969565817 
 12/24  22:00:00,12.624315627718119,9.467078043751393 
 12/24  23:00:00,12.406514381308984,9.226484400994816 
 12/24  24:00:00,12.182518718314725,8.96683754960123 
 12/25  01:00:00,11.962780010460456,8.714997156085655 
 12/25  02:00:00,11.733750650836346,8.449578219122714 
 12/25  03:00:00,11.511700655734528,8.171656909777632 
 12/25  04:00:00,11.304388423766968,7.89896731005488 
 12/25  05:00:00,11.090052587391313,7.612658887906674 
 12/25  06:00:00,10.873330840495474,7.318820558675821 
 12/25  07:00:00,10.780941446353888,7.12969308978107 
 12/25  08:00:00,10.76011490829113,6.993612885310379 
 12/25  09:00:00,10.986925447455727,7.1040660941461539 
 12/25  10:00:00,12.537266586726595,8.491716087606204 
 12/25  11:00:00,13.878036199546325,9.929641525677372 
 12/25  12:00:00,14.799132180164833,10.88957344640131 
 12/25  13:00:00,15.7467651307869,11.909850134265192 
 12/25  14:00:00,16.22871475275368,12.48603117199196 
 12/25  15:00:00,16.654927940946967,12.961512288686479 
 12/25  16:00:00,16.75647507564637,13.160998279839865 
 12/25  17:00:00,15.85461981762926,12.360018283428463 
 12/25  18:00:00,15.043647486176589,11.63666331896456 
 12/25  19:00:00,14.61785136123757,11.31467758828672 
 12/25  20:00:00,14.104138949510566,10.9358450968392 
 12/25  21:00:00,13.849454969931547,10.771093051184288 
 12/25  22:00:00,13.65902939768335,10.62701422084329 
 12/25  23:00:00,13.495133525095662,10.475061021831955 
 12/25  24:00:00,13.351530641279283,10.320855086619162 
 12/26  01:00:00,13.261385501796513,10.196417331306979 
 12/26  02:00:00,13.197207937935117,10.081551943044462 
 12/26  03:00:00,13.129489488340673,9.955904689657235 
 12/26  04:00:00,13.083662512134742,9.836658900367114 
 12/26  05:00:00,13.038458871631408,9.710863273760776 
 12/26  06:00:00,13.020807296165107,9.606772055397009 
 12/26  07:00:00,12.919833688355045,9.443304628363443 
 12/26  08:00:00,12.788439705392764,9.263635247475057 
 12/26  09:00:00,12.718296443404262,9.147463103205779 
 12/26  10:00:00,12.93172225726125,9.319048220425306 
 12/26  11:00:00,13.228358458827497,9.591149760406396 
 12/26  12:00:00,13.467067912023746,9.792208381083574 
 12/26  13:00:00,13.58377065262287,9.893620899664187 
 12/26  14:00:00,13.59459006033022,9.916381179158991 
 12/26  15:00:00,13.543698111968038,9.881011137677227 
 12/26  16:00:00,13.329097211464026,9.693292278513868 
 12/26  17:00:00,13.052461515551704,9.438349240691612 
 12/26  18:00:00,12.72332641852756,9.143518244114217 
 12/26  19:00:00,12.531479284847249,8.965884134218915 
 12/26  20:00:00,12.388894437590164,8.817816430731045 
 12/26  21:00:00,12.255394340109563,8.664569095021142 
 12/26  22:00:00,12.083902551847606,8.466576162207233 
 12/26  23:00:00,11.884257334408474,8.23582968903749 
 12/26  24:00:00,11.689648111625573,7.99782013133807 
 12/27  01:00:00,11.556995974349166,7.806920326667417 
 12/27  02:00:00,11.445894210107153,7.627118532057063 
 12/27  03:00:00,11.342426877700323,7.4455528213185568 
 12/27  04:00:00,11.246896724675683,7.265896246355781 
 12/27  05:00:00,11.170716351503116,7.099293575843876 
 12/27  06:00:00,11.093344212190884,6.928647343205602 
 12/27  07:00:00,11.085946316049198,6.810583888767356 
 12/27  08:00:00,11.098205023725294,6.717896428827215 
 12/27  09:00:00,11.173402492398182,6.690235707324084 
 12/27  10:00:00,11.33207886914526,6.777116022523863 
 12/27  11:00:00,11.572456302142007,6.976706428633714 
 12/27  12:00:00,11.84711748057861,7.233727941218289 
 12/27  13:00:00,12.065803273909042,7.452532696468484 
 12/27  14:00:00,12.221180693031432,7.621753632570865 
 12/27  15:00:00,12.232182348186062,7.659166810219467 
 12/27  16:00:00,12.036126410059453,7.494587593198876 
 12/27  17:00:00,11.685568625129787,7.160143540217501 
 12/27  18:00:00,11.328965299405829,6.826051992644526 
 12/27  19:00:00,11.118780723602667,6.626803582583173 
 12/27  20:00:00,10.994913528174774,6.493784268430169 
 12/27  21:00:00,10.87579157374849,6.346926192622785 
 12/27  22:00:00,10.772699560123588,6.204880580396131 
 12/27  23:00:00,10.650809859592333,6.038275218607644 
 12/27  24:00:00,10.544432282252173,5.875134514899775 
 12/28  01:00:00,10.458734687182947,5.720155352259599 
 12/28  02:00:00,10.382274019372185,5.567801671263577 
 12/28  03:00:00,10.27566190303605,5.3882766906542109 
 12/28  04:00:00,10.149330603319378,5.192803225336972 
 12/28  05:00:00,10.007464342643298,4.981884911312052 
 12/28  06:00:00,9.873021888988295,4.7743613890681459 
 12/28  07:00:00,9.7745692904809,4.589700298568106 
 12/28  08:00:00,9.685994370110326,4.412371369185965 
 12/28  09:00:00,9.831448209612404,4.489026680407019 
 12/28  10:00:00,11.23478748758844,5.824976217895157 
 12/28  11:00:00,12.440556727336494,7.215130374470131 
 12/28  12:00:00,13.195677104804393,8.065462291009763 
 12/28  13:00:00,13.902775514577155,8.848918152024329 
 12/28  14:00:00,14.383870720700977,9.483262827293747 
 12/28  15:00:00,14.699105105003662,9.858572087573963 
 12/28  16:00:00,14.577295225996974,9.817501795094107 
 12/28  17:00:00,13.478273125775829,8.81735838535134 
 12/28  18:00:00,12.631617386134178,8.045864088639018 
 12/28  19:00:00,12.284521420011579,7.777773507892736 
 12/28  20:00:00,11.812870036659085,7.400757061175955 
 12/28  21:00:00,11.52890925277753,7.1660543755314569 
 12/28  22:00:00,11.284676296933672,6.93405665607141 
 12/28  23:00:00,11.02555766611954,6.662704197444163 
 12/28  24:00:00,10.7578125083464,6.363148847455516 
 12/29  01:00:00,10.550803246619163,6.114893326138305 
 12/29  02:00:00,10.362481605851155,5.874754926432366 
 12/29  03:00:00,10.182554315102875,5.630745884559501 
 12/29  04:00:00,10.059660651474586,5.402676199673592 
 12/29  05:00:00,9.982315886094698,5.1900820537158929 
 12/29  06:00:00,9.914839994068324,4.97822242786535 
 12/29  07:00:00,9.847961090944884,4.789894636995635 
 12/29  08:00:00,9.782252647787362,4.611220498176589 
 12/29  09:00:00,9.974593705333588,4.697221935187339 
 12/29  10:00:00,11.1665186915027,5.752697753970631 
 12/29  11:00:00,12.083249304372423,6.642253204835978 
 12/29  12:00:00,12.478570009271709,7.008294048649993 
 12/29  13:00:00,13.136157213727147,7.779575001845608 
 12/29  14:00:00,13.817966804502646,8.60624148725244 
 12/29  15:00:00,14.516730646133908,9.45925345756028 
 12/29  16:00:00,14.72261818142643,9.748593320844848 
 12/29  17:00:00,13.655683838676535,8.821938932627166 
 12/29  18:00:00,12.701513511495226,7.961485185868867 
 12/29  19:00:00,12.37379383997293,7.709127238632609 
 12/29  20:00:00,11.947085651553044,7.372096902444029 
 12/29  21:00:00,11.736647993889882,7.195403294066256 
 12/29  22:00:00,11.600152575432164,7.080133937273493 
 12/29  23:00:00,11.438196872854468,6.933734953559685 
 12/29  24:00:00,11.281887163210474,6.773411675687018 
 12/30  01:00:00,11.16070284796982,6.60980916578402 
 12/30  02:00:00,11.077654504113932,6.461604683455238 
 12/30  03:00:00,10.991001546921004,6.305580788514803 
 12/30  04:00:00,10.879871499868758,6.119226246948754 
 12/30  05:00:00,10.773124633555714,5.934546582699184 
 12/30  06:00:00,10.673867199822313,5.7523230474341739 
 12/30  07:00:00,10.645376744671891,5.64844654012574 
 12/30  08:00:00,10.657233046756712,5.5858269900005299 
 12/30  09:00:00,10.725312410388517,5.5795579253019 
 12/30  10:00:00,10.905033009197182,5.68895324779085 
 12/30  11:00:00,11.167978620544659,5.896965894420804 
 12/30  12:00:00,11.44161292745573,6.128417786103353 
 12/30  13:00:00,11.615685359061283,6.293265539605657 
 12/30  14:00:00,11.70916611369742,6.398339574989962 
 12/30  15:00:00,11.7214275447094,6.437821491317669 
 12/30  16:00:00,11.495870056500765,6.292407482613945 
 12/30  17:00:00,11.21213127613473,6.079035967084261 
 12/30  18:00:00,10.523899133219939,5.691194366306361 
 12/30  19:00:00,10.555655486510114,5.637126202476246 
 12/30  20:00:00,10.602794857495717,5.611275251478467 
 12/30  21:00:00,10.491939143664118,5.508052501355399 
 12/30  22:00:00,10.419346372682023,5.428055931932455 
 12/30  23:00:00,10.444583470811017,5.416759898290824 
 12/30  24:00:00,10.469496689056094,5.405924784517364 
 12/31  01:00:00,10.34018850047107,5.273864931214261 
 12/31  02:00:00,10.174728363054239,5.110807742422862 
 12/31  03:00:00,10.056463961189405,4.986875108037791 
 12/31  04:00:00,9.914721059365299,4.819667488463194 
 12/31  05:00:00,9.74248127127132,4.611456190806541 
 12/31  06:00:00,9.567486148329183,4.39496987954028 
 12/31  07:00:00,9.40682384489441,4.201840393895291 
 12/31  08:00:00,9.250392194132186,4.014801924490665 
 12/31  09:00:00,9.297332756902474,4.046676720636333 
 12/31  10:00:00,10.63453267170472,5.327818695391789 
 12/31  11:00:00,11.770804595950024,6.622903147518533 
 12/31  12:00:00,12.454796374925384,7.385750327666779 
 12/31  13:00:00,13.205503134617981,8.195835284708267 
 12/31  14:00:00,13.726548647233749,8.847882516459706 
 12/31  15:00:00,14.11992532187453,9.273516982252115 
 12/31  16:00:00,14.260241540717388,9.480601216854865 
 12/31  17:00:00,13.19182042878664,8.505090004565166 
 12/31  18:00:00,12.161030318776503,7.512768657795714 
 12/31  19:00:00,11.657233911651933,7.083593750101616 
 12/31  20:00:00,11.289112825908653,6.782535261680316 
 12/31  21:00:00,10.836822644706042,6.382583255255122 
 12/31  22:00:00,10.562845811726615,6.105943493820249 
 12/31  23:00:00,10.351182516883496,5.8529682659332569 
 12/31  24:00:00,10.120400687041846,5.563605127702532 
