Date/Time,BLOCK TESTBLOCK STOREY 0:Zone Mean Air Temperature [C](Hourly),BLOCK TESTBLOCK STOREY 1:Zone Mean Air Temperature [C](Hourly) 
 01/01  01:00:00,13.005203384673323,10.254167213063518 
 01/01  02:00:00,12.809038080332599,9.992990946715413 
 01/01  03:00:00,12.420569897260233,9.52908454890374 
 01/01  04:00:00,12.291335368894229,9.323504643041403 
 01/01  05:00:00,12.201768646619876,9.15278989664994 
 01/01  06:00:00,11.99832977909552,8.855206192215779 
 01/01  07:00:00,12.083869217040278,8.818884832224934 
 01/01  08:00:00,12.270572803477205,8.868294409411389 
 01/01  09:00:00,12.141541384830074,8.642272704389957 
 01/01  10:00:00,13.439921789729276,9.84884804954467 
 01/01  11:00:00,14.5962258373262,10.99705463686647 
 01/01  12:00:00,14.811336817923668,11.112296627810962 
 01/01  13:00:00,15.80226626292763,12.20014728674883 
 01/01  14:00:00,16.62767460769107,13.12347078083208 
 01/01  15:00:00,16.452646209070946,12.93265898098393 
 01/01  16:00:00,16.796901290752648,13.464727675277655 
 01/01  17:00:00,16.44140402963057,13.268199639737324 
 01/01  18:00:00,15.35131114197436,12.271431579926702 
 01/01  19:00:00,14.774547067969854,11.838758256219784 
 01/01  20:00:00,14.402504987227804,11.566956390255666 
 01/01  21:00:00,14.003123236877688,11.26097436460432 
 01/01  22:00:00,13.779809618806436,11.06684145012928 
 01/01  23:00:00,13.666622409317597,10.938943215480656 
 01/01  24:00:00,13.628492041393779,10.86335835313697 
 01/02  01:00:00,13.490558489838854,10.68378223353265 
 01/02  02:00:00,13.342386558960003,10.486098125237018 
 01/02  03:00:00,13.271116268595716,10.351007327414238 
 01/02  04:00:00,13.163366311846144,10.174233378469456 
 01/02  05:00:00,13.081945664300284,10.01631014686782 
 01/02  06:00:00,12.634216864504993,9.698018459811685 
 01/02  07:00:00,12.643722455710364,9.54656624275605 
 01/02  08:00:00,12.563149305017749,9.310234579500469 
 01/02  09:00:00,12.84453255806907,9.457834779886987 
 01/02  10:00:00,13.915239063257527,10.465826528072995 
 01/02  11:00:00,15.11094308785549,11.733153042290118 
 01/02  12:00:00,15.519876704890667,12.10432291606427 
 01/02  13:00:00,16.503392461919,13.24043899683496 
 01/02  14:00:00,17.034417532730694,13.896576222518635 
 01/02  15:00:00,16.992476991038158,13.912247711028816 
 01/02  16:00:00,17.372532197779014,14.456541912899903 
 01/02  17:00:00,16.999762807596967,14.242063441464723 
 01/02  18:00:00,15.89276825694282,13.19971516561301 
 01/02  19:00:00,15.271470693250908,12.71104551805588 
 01/02  20:00:00,14.866806301651382,12.398348624497583 
 01/02  21:00:00,14.384247282710785,11.96930412032751 
 01/02  22:00:00,14.12147581043631,11.709528996786446 
 01/02  23:00:00,13.862356222307837,11.432774644551591 
 01/02  24:00:00,13.525422724940757,11.068860202454476 
 01/03  01:00:00,13.303859900057466,10.789231772108952 
 01/03  02:00:00,13.080952755742337,10.49825860785496 
 01/03  03:00:00,12.785373212197044,10.143208690264272 
 01/03  04:00:00,12.617365017158877,9.883696587982046 
 01/03  05:00:00,12.41975040458472,9.591268892687346 
 01/03  06:00:00,12.180353945252654,9.270342280859822 
 01/03  07:00:00,12.266460687726127,9.246295544510538 
 01/03  08:00:00,12.496865009348835,9.324400117455817 
 01/03  09:00:00,12.743182776311233,9.478671872425789 
 01/03  10:00:00,14.459778346811167,11.124124042256055 
 01/03  11:00:00,16.144188491349444,12.75653945006512 
 01/03  12:00:00,16.766186676041096,13.425902835553327 
 01/03  13:00:00,17.59324351307648,14.268249204686328 
 01/03  14:00:00,17.87215245358039,14.657024633957775 
 01/03  15:00:00,18.461385527999338,15.385345962443024 
 01/03  16:00:00,18.66920134673464,15.686736420182325 
 01/03  17:00:00,17.80851157957492,14.97886740068275 
 01/03  18:00:00,16.24116452761685,13.59296364084851 
 01/03  19:00:00,15.517737901200658,12.986080005708008 
 01/03  20:00:00,15.069245529222599,12.615764066912444 
 01/03  21:00:00,14.465894897681139,12.042076842024854 
 01/03  22:00:00,14.236287869599565,11.802700817497133 
 01/03  23:00:00,14.097828314383153,11.645026628702709 
 01/03  24:00:00,14.004703164894324,11.519617521076608 
 01/04  01:00:00,13.846299734182299,11.292899632124949 
 01/04  02:00:00,13.702338582200005,11.061265607563059 
 01/04  03:00:00,13.687944905140201,10.95092810721445 
 01/04  04:00:00,13.559414573631072,10.72712714677368 
 01/04  05:00:00,13.422277498310912,10.497158293036272 
 01/04  06:00:00,13.350690150334828,10.327366561413488 
 01/04  07:00:00,13.17609229127715,10.072313150026407 
 01/04  08:00:00,12.971503121866457,9.798176167654584 
 01/04  09:00:00,13.557135049276022,10.309550210673633 
 01/04  10:00:00,15.023759103113275,11.70610726458969 
 01/04  11:00:00,16.375038021614857,13.072969382230916 
 01/04  12:00:00,17.146359857943535,13.89858958060345 
 01/04  13:00:00,17.957885384962709,14.72117518491643 
 01/04  14:00:00,18.49395703310096,15.376979951524304 
 01/04  15:00:00,19.13086807312896,16.16841957378174 
 01/04  16:00:00,19.28795765816608,16.438964768237669 
 01/04  17:00:00,18.49438600887742,15.798432053825888 
 01/04  18:00:00,16.925952747443878,14.426652407476994 
 01/04  19:00:00,16.103346044899419,13.744050162561078 
 01/04  20:00:00,15.639140943442535,13.36915284975653 
 01/04  21:00:00,15.043568875658654,12.817189779997915 
 01/04  22:00:00,14.774182086418186,12.547035686317085 
 01/04  23:00:00,14.513579146743409,12.273679026699832 
 01/04  24:00:00,14.267202066899085,12.002509994162257 
 01/05  01:00:00,13.966220493419107,11.633837322789054 
 01/05  02:00:00,13.749885434682258,11.338414248876786 
 01/05  03:00:00,13.607936789300683,11.101387439060075 
 01/05  04:00:00,13.420614478177138,10.827033173133146 
 01/05  05:00:00,13.24701324774479,10.543582848935112 
 01/05  06:00:00,13.169224463654315,10.336058021868079 
 01/05  07:00:00,12.828942984159804,9.907578985057029 
 01/05  08:00:00,12.424489174138568,9.383152294234073 
 01/05  09:00:00,13.005300941196959,9.844620457689305 
 01/05  10:00:00,14.670162297316704,11.40454033217199 
 01/05  11:00:00,16.355588397635267,12.982563254894778 
 01/05  12:00:00,16.436600554129858,12.92925682650085 
 01/05  13:00:00,17.175528077675489,13.812187480477486 
 01/05  14:00:00,17.892418548076404,14.611858424936259 
 01/05  15:00:00,17.37272637288173,14.077824283297668 
 01/05  16:00:00,17.853802763616629,14.741894751661269 
 01/05  17:00:00,17.77827391306142,14.820105700141776 
 01/05  18:00:00,16.519061894234313,13.651115656105809 
 01/05  19:00:00,15.630000217804941,12.986331317881213 
 01/05  20:00:00,15.352197221168903,12.775213867167548 
 01/05  21:00:00,15.073580243596784,12.557035264609523 
 01/05  22:00:00,14.749050883325179,12.265841115642964 
 01/05  23:00:00,14.475766718811327,11.99829058996745 
 01/05  24:00:00,14.293361775178888,11.787937829104397 
 01/06  01:00:00,14.094767825950127,11.552537690410672 
 01/06  02:00:00,13.924511183985178,11.331106608694113 
 01/06  03:00:00,13.819838949621408,11.160750281542317 
 01/06  04:00:00,13.653855768275527,10.92818575140319 
 01/06  05:00:00,13.491215628559783,10.694942335185992 
 01/06  06:00:00,13.397678286216996,10.518459845221358 
 01/06  07:00:00,13.260379732876041,10.30480565837295 
 01/06  08:00:00,13.137477032734454,10.104514845359207 
 01/06  09:00:00,13.55847026810648,10.47112799199963 
 01/06  10:00:00,15.166362715322942,12.026424360812829 
 01/06  11:00:00,16.802824679929278,13.602912352784572 
 01/06  12:00:00,17.052313167052846,13.772893920019444 
 01/06  13:00:00,17.94358095289223,14.825944708047193 
 01/06  14:00:00,18.727585307052647,15.746777287614578 
 01/06  15:00:00,19.48380077986358,16.667379794730093 
 01/06  16:00:00,19.61637452252051,16.968288505534287 
 01/06  17:00:00,18.920717302974589,16.402447482479159 
 01/06  18:00:00,17.40774284938145,15.065986307612566 
 01/06  19:00:00,16.588371548554855,14.451476293530803 
 01/06  20:00:00,16.051684468607193,14.025796191397028 
 01/06  21:00:00,15.608045364920987,13.648836957972695 
 01/06  22:00:00,15.205491564386005,13.291065480837358 
 01/06  23:00:00,14.955297581388736,13.046127691912077 
 01/06  24:00:00,14.685282641749886,12.754358800608149 
 01/07  01:00:00,14.50757521366328,12.527928788408847 
 01/07  02:00:00,14.33797725829973,12.302636116234796 
 01/07  03:00:00,14.092275423432753,12.005142048719853 
 01/07  04:00:00,13.93342446628764,11.763452239580513 
 01/07  05:00:00,13.766860223991538,11.484017955025705 
 01/07  06:00:00,13.494677918228409,11.12769315704254 
 01/07  07:00:00,13.386931268615238,10.907976487282899 
 01/07  08:00:00,13.289102325078107,10.684084271549088 
 01/07  09:00:00,13.33395125565624,10.619418808303779 
 01/07  10:00:00,15.106044764407813,12.310481464467753 
 01/07  11:00:00,16.830451535689777,13.981873731103665 
 01/07  12:00:00,17.74466585415598,14.892908965720057 
 01/07  13:00:00,18.731121592086767,15.859338453355936 
 01/07  14:00:00,19.027802750616993,16.288944053240578 
 01/07  15:00:00,19.470015055394535,16.862353610637997 
 01/07  16:00:00,19.77891803781212,17.357562508467305 
 01/07  17:00:00,19.151489003917037,16.895741911612065 
 01/07  18:00:00,17.53651096469908,15.466139749708619 
 01/07  19:00:00,16.75704048061898,14.864342507315153 
 01/07  20:00:00,16.296671931680856,14.485314739463906 
 01/07  21:00:00,15.653048146980935,13.903882205999537 
 01/07  22:00:00,15.397939896008449,13.668144429929856 
 01/07  23:00:00,15.24029224740958,13.508449135966333 
 01/07  24:00:00,15.093868407322198,13.3372883575551 
 01/08  01:00:00,14.920999282707859,13.125815628067779 
 01/08  02:00:00,14.78173272459681,12.923841361353086 
 01/08  03:00:00,14.755104313329534,12.808916830127452 
 01/08  04:00:00,14.580083325978702,12.545592658654979 
 01/08  05:00:00,14.36782396663124,12.249077073748718 
 01/08  06:00:00,14.222617691762335,12.01381322517351 
 01/08  07:00:00,14.131077955768117,11.825237439338189 
 01/08  08:00:00,14.062688230211978,11.655761852441009 
 01/08  09:00:00,14.635449009300422,12.163378810488027 
 01/08  10:00:00,16.174377831751469,13.647773469883063 
 01/08  11:00:00,17.851254106194579,15.218867222861958 
 01/08  12:00:00,18.149348002156914,15.410900589033352 
 01/08  13:00:00,18.87539199057746,16.300597889565155 
 01/08  14:00:00,19.45904781196035,16.99183507870246 
 01/08  15:00:00,18.331313531124697,15.863344534025325 
 01/08  16:00:00,18.932174153166146,16.712157180933035 
 01/08  17:00:00,19.00994674091654,16.95723421724554 
 01/08  18:00:00,17.673220878498996,15.723060787095303 
 01/08  19:00:00,16.886191059225327,15.11950446290013 
 01/08  20:00:00,16.449242609469065,14.771270897019307 
 01/08  21:00:00,16.002230149037059,14.37166195763383 
 01/08  22:00:00,15.682101107960511,14.058062492577385 
 01/08  23:00:00,15.365897773301797,13.7261809178806 
 01/08  24:00:00,15.132971169972972,13.456759197597418 
 01/09  01:00:00,14.917767135143384,13.19628794625143 
 01/09  02:00:00,14.73856564027713,12.964492944527607 
 01/09  03:00:00,14.02175194193373,12.278088825071226 
 01/09  04:00:00,14.126996532108749,12.226344629188791 
 01/09  05:00:00,14.19910131799237,12.170283827126026 
 01/09  06:00:00,13.452103365505084,11.463875494574986 
 01/09  07:00:00,13.535443676820817,11.389299140806866 
 01/09  08:00:00,13.608118683526645,11.26493363988008 
 01/09  09:00:00,13.618857756373649,11.146054252651244 
 01/09  10:00:00,15.232245250557968,12.686650608930166 
 01/09  11:00:00,16.61808223521703,14.035792530823557 
 01/09  12:00:00,16.74908264494058,14.060360100846657 
 01/09  13:00:00,17.399543294337524,14.789913262797866 
 01/09  14:00:00,18.030267394402839,15.451249287299362 
 01/09  15:00:00,18.626780157360046,16.142814388029629 
 01/09  16:00:00,18.935405026150798,16.494788385227709 
 01/09  17:00:00,18.10327829384274,15.810444515555379 
 01/09  18:00:00,16.429453019434214,14.232057044031493 
 01/09  19:00:00,15.615999864590667,13.471560730596556 
 01/09  20:00:00,15.051023859617719,12.915146052507957 
 01/09  21:00:00,14.630045284430011,12.476740418682074 
 01/09  22:00:00,14.175109425744548,11.962811919778283 
 01/09  23:00:00,13.881671096204972,11.602533565938508 
 01/09  24:00:00,13.516755767150349,11.148850800817947 
 01/10  01:00:00,13.268039563310806,10.802280367382668 
 01/10  02:00:00,12.99473454157365,10.416614208893393 
 01/10  03:00:00,12.676894632046864,9.970240718983844 
 01/10  04:00:00,12.495496443718399,9.643719503068017 
 01/10  05:00:00,12.324190545659775,9.320675526210316 
 01/10  06:00:00,12.088278740116309,8.93067338262605 
 01/10  07:00:00,11.968888668358149,8.64915518962444 
 01/10  08:00:00,11.857000441520987,8.368545215621636 
 01/10  09:00:00,12.45576280121151,8.863465925106146 
 01/10  10:00:00,14.102021250627426,10.371678075753924 
 01/10  11:00:00,15.28736796785551,11.534899349825187 
 01/10  12:00:00,15.577029593634393,11.761901065692705 
 01/10  13:00:00,16.329984966473103,12.514770140433562 
 01/10  14:00:00,16.702473408550646,12.94263723227958 
 01/10  15:00:00,17.329105415905596,13.656969859462386 
 01/10  16:00:00,17.6843742733296,14.051842619285253 
 01/10  17:00:00,16.795133891569586,13.337828059257403 
 01/10  18:00:00,15.077069138362023,11.704944027896769 
 01/10  19:00:00,14.139052667051523,10.845570028805137 
 01/10  20:00:00,13.491367358440233,10.234320280068987 
 01/10  21:00:00,13.002748579022093,9.740542418696775 
 01/10  22:00:00,12.497336536578662,9.183060187976018 
 01/10  23:00:00,12.18110559866771,8.784299650927693 
 01/10  24:00:00,11.864640336692425,8.360450953947805 
 01/11  01:00:00,11.610395683541992,7.985032154116163 
 01/11  02:00:00,11.377299130216234,7.6140852443892659 
 01/11  03:00:00,11.147935276335947,7.236784638329517 
 01/11  04:00:00,10.913790640157228,6.851233992016933 
 01/11  05:00:00,10.68098823499085,6.461504345163648 
 01/11  06:00:00,10.468638947732268,6.086565605548859 
 01/11  07:00:00,10.317984505757988,5.76745252462273 
 01/11  08:00:00,10.170641650233474,5.451295768138364 
 01/11  09:00:00,10.89806031333994,6.050190300234469 
 01/11  10:00:00,12.719474734722898,7.665143450771918 
 01/11  11:00:00,14.16838908909208,9.085997004285006 
 01/11  12:00:00,14.959181733123917,9.82166254864184 
 01/11  13:00:00,15.638428422793757,10.495834090023664 
 01/11  14:00:00,15.960953238283962,10.93376370031481 
 01/11  15:00:00,16.5869159051769,11.675170351420647 
 01/11  16:00:00,16.94581324454232,12.112486494508169 
 01/11  17:00:00,16.20654258408024,11.580404959214237 
 01/11  18:00:00,14.484172137353486,10.06260042806915 
 01/11  19:00:00,13.642186318363818,9.378846397881487 
 01/11  20:00:00,13.090100123967137,8.941698795863319 
 01/11  21:00:00,12.768477199985395,8.67037401245762 
 01/11  22:00:00,12.493559383680678,8.415394787582697 
 01/11  23:00:00,12.312336431148168,8.208685360224952 
 01/11  24:00:00,12.31896483220914,8.142809184475518 
 01/12  01:00:00,12.193528485591332,7.931792299581306 
 01/12  02:00:00,12.065827498288808,7.714549215485757 
 01/12  03:00:00,12.069222950228922,7.6157062617709079 
 01/12  04:00:00,11.8971772825965,7.366919172968931 
 01/12  05:00:00,11.681554828184999,7.098225632955463 
 01/12  06:00:00,11.56123310682655,6.917304139664354 
 01/12  07:00:00,11.321841591218718,6.6357144296668 
 01/12  08:00:00,11.064278193532266,6.346553342015113 
 01/12  09:00:00,11.541026084206952,6.818585020197123 
 01/12  10:00:00,13.16111536436751,8.312524615695537 
 01/12  11:00:00,14.374594900658796,9.649751372464486 
 01/12  12:00:00,14.97412893630273,10.278503924096802 
 01/12  13:00:00,15.649606418193056,11.003241864572474 
 01/12  14:00:00,15.858672932109848,11.33787712495037 
 01/12  15:00:00,16.43290833059301,12.062641454772122 
 01/12  16:00:00,16.815244045828263,12.503118807838977 
 01/12  17:00:00,16.055520235268707,11.908481311652868 
 01/12  18:00:00,14.308251633494399,10.312193661606689 
 01/12  19:00:00,13.407242929803357,9.517316141067248 
 01/12  20:00:00,12.786303591302078,8.970102947915683 
 01/12  21:00:00,12.346989392118463,8.551965345748606 
 01/12  22:00:00,11.889425945306236,8.071721131673885 
 01/12  23:00:00,11.615385945669349,7.737452444889025 
 01/12  24:00:00,11.344013430262026,7.380506260296373 
 01/13  01:00:00,11.106155957149387,7.043635110032525 
 01/13  02:00:00,10.89039214833154,6.721095691812328 
 01/13  03:00:00,10.677021264533482,6.384790993282477 
 01/13  04:00:00,10.47599658628091,6.048363944137738 
 01/13  05:00:00,10.29323962935074,5.716671244022269 
 01/13  06:00:00,10.126657525996297,5.40227923286062 
 01/13  07:00:00,9.992939004072899,5.122692834740946 
 01/13  08:00:00,9.873758604923582,4.856176507345345 
 01/13  09:00:00,10.005178327006832,4.84850763165844 
 01/13  10:00:00,11.735746517954614,6.453799398674869 
 01/13  11:00:00,13.177467007448243,7.831238628266661 
 01/13  12:00:00,13.658857406454568,8.357787980318248 
 01/13  13:00:00,14.493234286204661,9.177935963392976 
 01/13  14:00:00,14.856609998889337,9.660057193631289 
 01/13  15:00:00,15.582773849664346,10.502242995617595 
 01/13  16:00:00,15.94274442679789,10.948050974932344 
 01/13  17:00:00,15.182948591462683,10.399857179418455 
 01/13  18:00:00,13.39103707103843,8.810866065479754 
 01/13  19:00:00,12.454972161241729,8.005824517583065 
 01/13  20:00:00,11.763658662797049,7.411009862126177 
 01/13  21:00:00,11.115550599495123,6.802289606939347 
 01/13  22:00:00,10.877503396460284,6.54177291362248 
 01/13  23:00:00,10.545191952172133,6.1449107727075769 
 01/13  24:00:00,10.312943795194866,5.819270156921359 
 01/14  01:00:00,10.074937097801442,5.487040549974706 
 01/14  02:00:00,9.859828485603991,5.163114737674787 
 01/14  03:00:00,9.622112075816075,4.808493908379688 
 01/14  04:00:00,9.388479998490944,4.4513221240627429 
 01/14  05:00:00,9.167084359403575,4.103986105043805 
 01/14  06:00:00,8.92013003506242,3.731360190959781 
 01/14  07:00:00,8.716594921032826,3.3949058485976226 
 01/14  08:00:00,8.482883589443358,3.0286444699206855 
 01/14  09:00:00,9.040492552252357,3.484001362348308 
 01/14  10:00:00,10.750974626169791,5.073263849196368 
 01/14  11:00:00,12.004428079811314,6.240132503540476 
 01/14  12:00:00,12.56616425634533,6.803258084586185 
 01/14  13:00:00,13.305109136822864,7.490210588577387 
 01/14  14:00:00,13.599298148114919,7.859291154383596 
 01/14  15:00:00,14.242961856338228,8.578443362109312 
 01/14  16:00:00,14.797358046647389,9.16316841334687 
 01/14  17:00:00,14.02698813739305,8.519043003191264 
 01/14  18:00:00,12.2737414873984,6.884134851340037 
 01/14  19:00:00,11.415496243977707,6.117898281577646 
 01/14  20:00:00,10.855729550097444,5.617482665630656 
 01/14  21:00:00,10.491950598753613,5.265125393382509 
 01/14  22:00:00,10.038426478972309,4.805570628494522 
 01/14  23:00:00,9.741225707641096,4.458451692823733 
 01/14  24:00:00,9.442674390296493,4.091336013101104 
 01/15  01:00:00,9.193559431582912,3.7423452533936629 
 01/15  02:00:00,8.974449057545606,3.4049507650842689 
 01/15  03:00:00,8.765412547543719,3.0691351859513089 
 01/15  04:00:00,8.571384305970917,2.7518814796020858 
 01/15  05:00:00,8.375264271993693,2.427098620924596 
 01/15  06:00:00,8.209908919358292,2.1225667360583859 
 01/15  07:00:00,8.056707184391458,1.8373993425253972 
 01/15  08:00:00,7.918182861007086,1.5692160403065046 
 01/15  09:00:00,8.6246380669822,2.1852804981204985 
 01/15  10:00:00,10.467071750218672,3.798246118923071 
 01/15  11:00:00,11.764626018034495,5.200725718795271 
 01/15  12:00:00,12.438600574905376,5.875872444359564 
 01/15  13:00:00,13.292742035429633,6.7576493535773569 
 01/15  14:00:00,13.760766236486792,7.352044646349264 
 01/15  15:00:00,14.482499640807938,8.23514768007516 
 01/15  16:00:00,14.994579265799568,8.83426988216883 
 01/15  17:00:00,14.30666175612882,8.329330363849615 
 01/15  18:00:00,12.696672602222023,6.854393330047764 
 01/15  19:00:00,11.890837229880298,6.2193062604315 
 01/15  20:00:00,11.448558468777826,5.906760364937085 
 01/15  21:00:00,10.887356236702104,5.496018682188252 
 01/15  22:00:00,10.591576654633752,5.247339552208903 
 01/15  23:00:00,10.318265200043719,4.988148500835897 
 01/15  24:00:00,10.042457681213694,4.69996587084902 
 01/16  01:00:00,9.760736251383819,4.369966398141393 
 01/16  02:00:00,9.54035859743145,4.075631561108399 
 01/16  03:00:00,9.348807555612766,3.801018335055814 
 01/16  04:00:00,9.136482369458968,3.5036091473421266 
 01/16  05:00:00,8.920014638289685,3.2053791545854635 
 01/16  06:00:00,8.650899183755332,2.842677663021393 
 01/16  07:00:00,8.518988356569065,2.6021578172054715 
 01/16  08:00:00,8.416728412667446,2.382808522134758 
 01/16  09:00:00,9.125726293093907,3.019136531899963 
 01/16  10:00:00,11.049258914127816,4.694900582040618 
 01/16  11:00:00,12.405615737107475,6.271393012631233 
 01/16  12:00:00,13.231922891031122,7.095015846874161 
 01/16  13:00:00,14.159436148197776,8.089816849282635 
 01/16  14:00:00,14.660655336336854,8.7275965108062 
 01/16  15:00:00,15.499242007524384,9.74043821386858 
 01/16  16:00:00,15.85606220352866,10.297222366122768 
 01/16  17:00:00,15.237292116992892,9.819777616065398 
 01/16  18:00:00,13.611028057969719,8.402095398483043 
 01/16  19:00:00,12.774379544698752,7.738692937856086 
 01/16  20:00:00,12.194336422445645,7.340918169525802 
 01/16  21:00:00,11.798160836617918,7.052701854116656 
 01/16  22:00:00,11.352904187854186,6.709415813687308 
 01/16  23:00:00,11.076235237411629,6.4459004211962249 
 01/16  24:00:00,10.763154152428556,6.12384317514146 
 01/17  01:00:00,10.518072902987506,5.8469296332962659 
 01/17  02:00:00,10.285195659838417,5.559344115530228 
 01/17  03:00:00,10.064715955751947,5.2821814193766809 
 01/17  04:00:00,9.880568519442268,5.006413365730873 
 01/17  05:00:00,9.70061763965216,4.7188482089361749 
 01/17  06:00:00,9.515008630013555,4.44618652805673 
 01/17  07:00:00,9.410107206474548,4.2244686788796799 
 01/17  08:00:00,9.31223349860091,3.999192201666848 
 01/17  09:00:00,9.54910527895356,4.118617110918824 
 01/17  10:00:00,11.52567589853481,5.8818115761932419 
 01/17  11:00:00,13.223596503880913,7.731757947029014 
 01/17  12:00:00,13.911605069770586,8.443379696136418 
 01/17  13:00:00,14.697052748103287,9.31622475404161 
 01/17  14:00:00,15.25222318870902,10.021364943990143 
 01/17  15:00:00,15.975642145173318,10.931937765773683 
 01/17  16:00:00,16.401757948608468,11.535640237802735 
 01/17  17:00:00,15.828951673691123,11.086725399809243 
 01/17  18:00:00,14.252342769268598,9.662003417104473 
 01/17  19:00:00,13.403202292621203,8.98321853864405 
 01/17  20:00:00,12.972583823077287,8.712155190125824 
 01/17  21:00:00,12.495941947419603,8.379321627398234 
 01/17  22:00:00,12.202407930105839,8.146832628007445 
 01/17  23:00:00,12.042734996367596,7.985710611093056 
 01/17  24:00:00,11.980777351990897,7.891878558721098 
 01/18  01:00:00,11.798603583853867,7.666541050392731 
 01/18  02:00:00,11.643067601768099,7.4510671147131009 
 01/18  03:00:00,11.550543432204539,7.283664460590038 
 01/18  04:00:00,11.379981685179056,7.046342752432535 
 01/18  05:00:00,11.172942325917509,6.775067015273678 
 01/18  06:00:00,10.939636812793435,6.477673338045804 
 01/18  07:00:00,10.816995083807513,6.274088182099535 
 01/18  08:00:00,10.705185622234059,6.0756211364240439 
 01/18  09:00:00,11.326355958749247,6.643951183302886 
 01/18  10:00:00,13.062801243839509,8.265182532255045 
 01/18  11:00:00,14.477544900785356,9.787731072854593 
 01/18  12:00:00,14.661896829733389,9.9142237594465 
 01/18  13:00:00,15.409908875130922,10.83976096401716 
 01/18  14:00:00,15.990812112708096,11.568262237508943 
 01/18  15:00:00,15.813323624283069,11.437595658917662 
 01/18  16:00:00,16.181367864297227,11.971530281716536 
 01/18  17:00:00,16.01502718609937,12.032389303991764 
 01/18  18:00:00,14.50229613640012,10.638115608099526 
 01/18  19:00:00,13.749852173839143,10.051488956363574 
 01/18  20:00:00,13.311395779472793,9.724050261247303 
 01/18  21:00:00,12.697401767205975,9.169789532196145 
 01/18  22:00:00,12.443454375007308,8.940600590725433 
 01/18  23:00:00,12.25931081533675,8.770020249836632 
 01/18  24:00:00,12.015387892058394,8.521124048391759 
 01/19  01:00:00,11.798426055245653,8.253362089113374 
 01/19  02:00:00,11.603672508522707,7.978328575184109 
 01/19  03:00:00,11.398029635673363,7.686672058628945 
 01/19  04:00:00,11.213012097583979,7.4106377825516509 
 01/19  05:00:00,11.043534444855453,7.141684346081931 
 01/19  06:00:00,10.863852388137044,6.855428229135978 
 01/19  07:00:00,10.727350564933964,6.606393110504646 
 01/19  08:00:00,10.614635452308212,6.37952958698481 
 01/19  09:00:00,10.762921455543271,6.4203028958849839 
 01/19  10:00:00,12.60057812902226,8.08459162293731 
 01/19  11:00:00,14.139106840566417,9.732058421198146 
 01/19  12:00:00,14.263489755189907,9.707152660695286 
 01/19  13:00:00,15.434078329062201,11.04096494319034 
 01/19  14:00:00,16.23737317757289,11.96341462503434 
 01/19  15:00:00,17.06877840299945,12.958471556225666 
 01/19  16:00:00,17.28414604794944,13.310778411554577 
 01/19  17:00:00,16.754177274015658,12.985503771403423 
 01/19  18:00:00,14.933498521059747,11.284127164483259 
 01/19  19:00:00,13.970190296384154,10.499807036669664 
 01/19  20:00:00,13.520662638008263,10.123487911397845 
 01/19  21:00:00,13.072236822573874,9.721157992494425 
 01/19  22:00:00,12.804898816383606,9.47435775389457 
 01/19  23:00:00,12.5938253988143,9.253931628526165 
 01/19  24:00:00,12.527555769865402,9.157551372725422 
 01/20  01:00:00,12.29734940898738,8.86684807280906 
 01/20  02:00:00,12.08589683132578,8.574878064263224 
 01/20  03:00:00,12.016009063494062,8.41005417006275 
 01/20  04:00:00,11.77588904036931,8.100692756646579 
 01/20  05:00:00,11.494549902573532,7.725373781146843 
 01/20  06:00:00,11.296652606607975,7.432953338176096 
 01/20  07:00:00,11.098246929259443,7.160637827864205 
 01/20  08:00:00,10.893469864762226,6.866436324879785 
 01/20  09:00:00,10.7678005042724,6.646870420906054 
 01/20  10:00:00,11.88765539811837,7.7338243095185998 
 01/20  11:00:00,12.997266895687897,8.805903640326737 
 01/20  12:00:00,13.23368425266872,8.990754933079599 
 01/20  13:00:00,14.137843109735297,9.912409120527446 
 01/20  14:00:00,14.910541778143074,10.694204345611736 
 01/20  15:00:00,15.681239601259563,11.51181556966671 
 01/20  16:00:00,16.270033339784228,12.10564179742735 
 01/20  17:00:00,15.603876536556438,11.540891817523807 
 01/20  18:00:00,13.776049867165496,9.841908138216155 
 01/20  19:00:00,12.927489615078919,9.035288367294392 
 01/20  20:00:00,12.441532935406837,8.578103755630082 
 01/20  21:00:00,11.839751091556363,7.96551717662793 
 01/20  22:00:00,11.560327088788466,7.647331848692721 
 01/20  23:00:00,11.22340615860815,7.256221306375739 
 01/20  24:00:00,10.839638875176654,6.797472995325687 
 01/21  01:00:00,10.616386224525514,6.466850446239334 
 01/21  02:00:00,10.387636621704776,6.117316587378243 
 01/21  03:00:00,10.09911531185165,5.699187495706154 
 01/21  04:00:00,9.907699302060986,5.377557387350596 
 01/21  05:00:00,9.666640249629904,5.00708422227712 
 01/21  06:00:00,9.359729379289057,4.57488981964694 
 01/21  07:00:00,9.292488239771418,4.351307185590745 
 01/21  08:00:00,9.2633927351698,4.1540713628590268 
 01/21  09:00:00,9.404255068244165,4.129789579194691 
 01/21  10:00:00,11.415528865816898,5.948810692762211 
 01/21  11:00:00,12.849760001648182,7.35228803382226 
 01/21  12:00:00,12.880301952179553,7.258550554463769 
 01/21  13:00:00,13.638270314753339,8.114958043613428 
 01/21  14:00:00,14.23493262997738,8.787132426858563 
 01/21  15:00:00,13.614634343151398,8.204177761831318 
 01/21  16:00:00,13.600158301864252,8.343826791720085 
 01/21  17:00:00,13.129041009590463,8.010589307474591 
 01/21  18:00:00,12.401139748937548,7.3934985248844449 
 01/21  19:00:00,11.9581692692578,7.086262354187484 
 01/21  20:00:00,11.479187175333707,6.76292159734685 
 01/21  21:00:00,11.139011200088595,6.479288081147187 
 01/21  22:00:00,10.974063084757092,6.349922997029955 
 01/21  23:00:00,10.793552981693076,6.192693895530323 
 01/21  24:00:00,10.575752151535355,5.977583370472267 
 01/22  01:00:00,10.308568991952502,5.672824417648469 
 01/22  02:00:00,9.899731799593163,5.222419555828673 
 01/22  03:00:00,9.5143816364121,4.777779085134236 
 01/22  04:00:00,9.222665796018014,4.416924000010271 
 01/22  05:00:00,8.95686459227293,4.074058651239568 
 01/22  06:00:00,8.643799176942665,3.6760389995679967 
 01/22  07:00:00,8.460594135768972,3.379123593555148 
 01/22  08:00:00,8.309609195074515,3.10094102165816 
 01/22  09:00:00,8.96010770488789,3.6659939424719676 
 01/22  10:00:00,10.672820318035776,5.238796640354699 
 01/22  11:00:00,11.948303499538725,6.461991930981009 
 01/22  12:00:00,12.398664970214077,6.932467188043171 
 01/22  13:00:00,13.110046720373355,7.620533556843346 
 01/22  14:00:00,13.438726615637052,8.014313855935854 
 01/22  15:00:00,14.052488237930536,8.70788339478672 
 01/22  16:00:00,14.662395935689739,9.393062668584529 
 01/22  17:00:00,14.025583972501359,8.880862653054712 
 01/22  18:00:00,12.282847708267557,7.230369189576669 
 01/22  19:00:00,11.330401007693784,6.403158589698066 
 01/22  20:00:00,10.728394431356583,5.862339909050856 
 01/22  21:00:00,10.267813968067446,5.425656562786163 
 01/22  22:00:00,9.834681391548934,4.965754302986349 
 01/22  23:00:00,9.576142105914986,4.648673997426823 
 01/22  24:00:00,9.258286314694289,4.2446954988692699 
 01/23  01:00:00,9.05907286476408,3.9459604220251824 
 01/23  02:00:00,8.82857369126716,3.608466462057687 
 01/23  03:00:00,8.57224516686276,3.2348814274248269 
 01/23  04:00:00,8.39446609787148,2.9141754332083629 
 01/23  05:00:00,8.199763267373186,2.5641824688246905 
 01/23  06:00:00,7.95665123834341,2.1716168448336337 
 01/23  07:00:00,7.81900144266279,1.885236433851411 
 01/23  08:00:00,7.670425356878847,1.595420983755367 
 01/23  09:00:00,8.443339949928664,2.287608318147152 
 01/23  10:00:00,10.246074939821883,3.8971798678625 
 01/23  11:00:00,11.636701737783702,5.277282242368883 
 01/23  12:00:00,12.186709126869762,5.839222564983347 
 01/23  13:00:00,12.918068514607958,6.578059942971525 
 01/23  14:00:00,13.24320149617196,7.014251462897795 
 01/23  15:00:00,13.880668037652669,7.804829743701639 
 01/23  16:00:00,14.536977363320347,8.553972234317734 
 01/23  17:00:00,13.958839757091305,8.183389468706637 
 01/23  18:00:00,12.304663795193818,6.6578214615834458 
 01/23  19:00:00,11.379848944324383,5.9183979234733699 
 01/23  20:00:00,10.799739958937782,5.462687227712197 
 01/23  21:00:00,10.367128641536408,5.105855750872706 
 01/23  22:00:00,9.940984897609676,4.718788929363484 
 01/23  23:00:00,9.696590488292167,4.439137363687185 
 01/23  24:00:00,9.3908708383547,4.082523943216669 
 01/24  01:00:00,9.157468481228387,3.7836419616810028 
 01/24  02:00:00,8.962819689991623,3.5110814958628415 
 01/24  03:00:00,8.63398172998069,3.087777217571251 
 01/24  04:00:00,8.44510781348489,2.787972968445486 
 01/24  05:00:00,8.284875679989387,2.5070740433566498 
 01/24  06:00:00,8.064851158520327,2.181579331181796 
 01/24  07:00:00,7.9633871619598939,1.9459572662912228 
 01/24  08:00:00,7.888870026025947,1.7242662587252922 
 01/24  09:00:00,8.70595513672694,2.4713568356705428 
 01/24  10:00:00,10.526759192357103,4.068910240314557 
 01/24  11:00:00,11.81624297243184,5.493352195566027 
 01/24  12:00:00,12.404118277015414,6.100568099740973 
 01/24  13:00:00,13.184180233877772,6.931820087685271 
 01/24  14:00:00,13.63712401648324,7.511881891393557 
 01/24  15:00:00,14.30772237597183,8.358938302613853 
 01/24  16:00:00,14.895732362639459,9.049306474008806 
 01/24  17:00:00,14.3530402287371,8.705332926731437 
 01/24  18:00:00,12.711485646108015,7.206056269394561 
 01/24  19:00:00,11.809452316175934,6.480306767367697 
 01/24  20:00:00,11.251350431552915,6.060958686933921 
 01/24  21:00:00,10.841522569784722,5.743678590725873 
 01/24  22:00:00,10.397970720801088,5.368636641118565 
 01/24  23:00:00,10.09945640736965,5.0696256132906669 
 01/24  24:00:00,9.859459753783313,4.783935249610296 
 01/25  01:00:00,9.620845797050606,4.485947919692221 
 01/25  02:00:00,9.42343059914419,4.212787417030167 
 01/25  03:00:00,9.116566447273123,3.812582628096038 
 01/25  04:00:00,8.939097144658714,3.5342609749016908 
 01/25  05:00:00,8.762472780428496,3.2459444326455557 
 01/25  06:00:00,8.525239837718038,2.911466004849245 
 01/25  07:00:00,8.416391057144289,2.67454384002484 
 01/25  08:00:00,8.336433053606097,2.4447402247345337 
 01/25  09:00:00,9.17356834917409,3.211270975242715 
 01/25  10:00:00,11.11381414409029,4.921178095772583 
 01/25  11:00:00,12.521403158079515,6.49082644876942 
 01/25  12:00:00,13.308884493626732,7.30038852874741 
 01/25  13:00:00,13.96062870831667,8.036405352253049 
 01/25  14:00:00,14.4322368478614,8.669435375791393 
 01/25  15:00:00,15.021499379685368,9.474309272772083 
 01/25  16:00:00,15.565056715318454,10.16220918671588 
 01/25  17:00:00,15.059281417763371,9.850910741445113 
 01/25  18:00:00,13.432454618409338,8.385813390633743 
 01/25  19:00:00,12.538571906213362,7.677522918818383 
 01/25  20:00:00,11.913742523033614,7.218267378350911 
 01/25  21:00:00,11.469181079494668,6.883026861135237 
 01/25  22:00:00,11.046245748477727,6.520114111593329 
 01/25  23:00:00,10.817739741739029,6.284998266145387 
 01/25  24:00:00,10.583862397017987,6.011453965978805 
 01/26  01:00:00,10.394050722274703,5.76717044713088 
 01/26  02:00:00,10.180482833163368,5.486824171027205 
 01/26  03:00:00,9.92726906382812,5.1596446845306869 
 01/26  04:00:00,9.740459515286564,4.8768922885057519 
 01/26  05:00:00,9.571561171118468,4.612872752216839 
 01/26  06:00:00,9.270446180261596,4.202336690269142 
 01/26  07:00:00,9.16548589728491,3.9858172439957548 
 01/26  08:00:00,9.103931607279721,3.807568089570038 
 01/26  09:00:00,9.468687151587794,4.086056500894917 
 01/26  10:00:00,11.38030327450106,5.799038698308215 
 01/26  11:00:00,13.097256142755113,7.570561936094905 
 01/26  12:00:00,13.369337719029704,7.778604339165519 
 01/26  13:00:00,14.17181448951462,8.741991696961759 
 01/26  14:00:00,14.869467323841845,9.554860390248269 
 01/26  15:00:00,14.725025781597799,9.408586169654197 
 01/26  16:00:00,15.367782088523362,10.344886758792372 
 01/26  17:00:00,15.329956818981252,10.4900689153365 
 01/26  18:00:00,14.002913125074829,9.337865170243753 
 01/26  19:00:00,13.339343321847986,8.848386160063779 
 01/26  20:00:00,13.027258156930309,8.675932121566494 
 01/26  21:00:00,12.800063873691365,8.581458488869427 
 01/26  22:00:00,12.559633927487484,8.44560892682988 
 01/26  23:00:00,12.41511409533836,8.351807309400785 
 01/26  24:00:00,12.033195684741493,8.148862549980667 
 01/27  01:00:00,12.012696476904129,8.064852994237424 
 01/27  02:00:00,11.946205331836545,7.916701439198144 
 01/27  03:00:00,11.35426280898481,7.503035695606826 
 01/27  04:00:00,11.163269920864867,7.236476260095654 
 01/27  05:00:00,10.911364133462945,6.894085996980356 
 01/27  06:00:00,9.715912980769712,5.879509000266677 
 01/27  07:00:00,9.820763831525066,5.765789925193885 
 01/27  08:00:00,9.951898926929684,5.738852558797284 
 01/27  09:00:00,10.630434536775489,6.3728526526870319 
 01/27  10:00:00,12.355864512012701,7.971511272081585 
 01/27  11:00:00,13.826848672806193,9.464930603696809 
 01/27  12:00:00,14.265599317868326,9.91438620483067 
 01/27  13:00:00,14.989942216935266,10.641517915058863 
 01/27  14:00:00,15.363677596336086,11.086271223785836 
 01/27  15:00:00,16.040932673250475,11.881204007539769 
 01/27  16:00:00,16.66412676512973,12.58910634596397 
 01/27  17:00:00,16.11104759977958,12.192015823519452 
 01/27  18:00:00,14.417586082443624,10.605443707261007 
 01/27  19:00:00,13.405193253185434,9.72696167306959 
 01/27  20:00:00,12.810627979945885,9.16703503042842 
 01/27  21:00:00,12.477233893767778,8.848146484608844 
 01/27  22:00:00,11.991222286915033,8.354586320602039 
 01/27  23:00:00,11.676884915949909,8.008820062557185 
 01/27  24:00:00,11.357878510148858,7.641063677942062 
 01/28  01:00:00,11.111380680506361,7.318924207719155 
 01/28  02:00:00,10.868317527386996,6.981098639753842 
 01/28  03:00:00,10.569975651842148,6.571651143072572 
 01/28  04:00:00,10.365655647961735,6.2439963840976528 
 01/28  05:00:00,10.14637753428284,5.889672617932528 
 01/28  06:00:00,9.895807909606678,5.503188841935648 
 01/28  07:00:00,9.785150440949558,5.245689213478998 
 01/28  08:00:00,9.725390023516466,5.026905691784897 
 01/28  09:00:00,9.8784289041644,5.022685168660789 
 01/28  10:00:00,11.96724901475644,6.948277458364473 
 01/28  11:00:00,13.91085319151281,8.81041191858051 
 01/28  12:00:00,13.897487117083753,8.677911091320519 
 01/28  13:00:00,14.998144569105989,9.940868240321305 
 01/28  14:00:00,15.725437548034666,10.778285506378028 
 01/28  15:00:00,15.22966176260639,10.276806176091896 
 01/28  16:00:00,16.118091940018784,11.457021421389307 
 01/28  17:00:00,16.15328222307627,11.676982708190995 
 01/28  18:00:00,14.76840558438145,10.437078673488707 
 01/28  19:00:00,13.888412134415397,9.741315545047249 
 01/28  20:00:00,13.338111365592708,9.378578489575224 
 01/28  21:00:00,13.117251198167379,9.270110534514995 
 01/28  22:00:00,12.663758689106312,8.929502584979982 
 01/28  23:00:00,12.416782648119604,8.706082778287753 
 01/28  24:00:00,12.447569615875649,8.697909349459908 
 01/29  01:00:00,12.245371580854418,8.459994255827822 
 01/29  02:00:00,12.029775707037496,8.20023473880893 
 01/29  03:00:00,12.00191963350964,8.098498264418112 
 01/29  04:00:00,11.861041190332,7.882720221962045 
 01/29  05:00:00,11.73675656864707,7.678711998781505 
 01/29  06:00:00,11.82531064007563,7.652886222756692 
 01/29  07:00:00,11.683103135242776,7.420426185479537 
 01/29  08:00:00,11.520881245864502,7.17498034181808 
 01/29  09:00:00,11.719565859454998,7.250366709901947 
 01/29  10:00:00,13.334358797696439,8.91563670685736 
 01/29  11:00:00,14.90950257042414,10.523274558170407 
 01/29  12:00:00,14.017597701797037,9.563439258581719 
 01/29  13:00:00,14.161240098831782,9.756953825679507 
 01/29  14:00:00,14.55048427581454,10.26447031991807 
 01/29  15:00:00,14.062200683281361,9.87853034953844 
 01/29  16:00:00,13.745726134391682,9.67948273076819 
 01/29  17:00:00,13.472232269480977,9.51722700887807 
 01/29  18:00:00,12.985539740394751,9.124312393274998 
 01/29  19:00:00,12.621154002321802,8.860714630436633 
 01/29  20:00:00,12.36716284817529,8.676836674271863 
 01/29  21:00:00,12.162539494192464,8.508837303287681 
 01/29  22:00:00,11.96937432656169,8.328974566781506 
 01/29  23:00:00,11.740514114526406,8.096360733198058 
 01/29  24:00:00,11.571342478766294,7.900479728329233 
 01/30  01:00:00,11.37975329743642,7.67180098734799 
 01/30  02:00:00,11.18510353944986,7.429277024989386 
 01/30  03:00:00,11.026836950074396,7.209907067146987 
 01/30  04:00:00,10.81732215733043,6.935254113543547 
 01/30  05:00:00,10.54549622417856,6.569946901026983 
 01/30  06:00:00,10.309568516841152,6.242516930523061 
 01/30  07:00:00,10.053587401372031,5.8964705261849119 
 01/30  08:00:00,9.792677331564658,5.543982070262867 
 01/30  09:00:00,10.319361506262073,6.0052944461308359 
 01/30  10:00:00,11.97052205289906,7.573508440859017 
 01/30  11:00:00,13.45498104448679,9.025662199869992 
 01/30  12:00:00,13.843103009720949,9.442140431983362 
 01/30  13:00:00,14.606539086551475,10.189530344372944 
 01/30  14:00:00,15.00704722105354,10.654821671759383 
 01/30  15:00:00,15.71872227506578,11.469284233871786 
 01/30  16:00:00,16.354662865986766,12.185473161516889 
 01/30  17:00:00,15.770880554499338,11.753649980313919 
 01/30  18:00:00,14.105422101642576,10.214159405250406 
 01/30  19:00:00,13.000346794504472,9.213361590550879 
 01/30  20:00:00,12.357045490544053,8.606797231880151 
 01/30  21:00:00,11.92027064396651,8.185584360961407 
 01/30  22:00:00,11.4790059705761,7.710781845338145 
 01/30  23:00:00,11.227089142700649,7.410269707119486 
 01/30  24:00:00,10.930559115057502,7.041464626992284 
 01/31  01:00:00,10.681821238458167,6.710314336504559 
 01/31  02:00:00,10.412906518112102,6.335158681702639 
 01/31  03:00:00,10.095686224568724,5.893313669275273 
 01/31  04:00:00,9.90931171396722,5.57140125400932 
 01/31  05:00:00,9.712660831482872,5.232313820215921 
 01/31  06:00:00,9.462850870765547,4.8347447990805769 
 01/31  07:00:00,9.395242052360246,4.601859727022959 
 01/31  08:00:00,9.35980319751209,4.388264178112375 
 01/31  09:00:00,9.882342149768946,4.77751162015473 
 01/31  10:00:00,11.827233744805989,6.542404502114942 
 01/31  11:00:00,13.585268066532766,8.239072005648533 
 01/31  12:00:00,13.789620082982717,8.340102094580932 
 01/31  13:00:00,14.436766758564115,9.133250956979684 
 01/31  14:00:00,15.091583482100213,9.920547701991645 
 01/31  15:00:00,15.762873287191019,10.770982009136942 
 01/31  16:00:00,16.374059007364648,11.517111047601868 
 01/31  17:00:00,16.081561395828599,11.444752351624575 
 01/31  18:00:00,14.321389325049262,9.847745169133806 
 01/31  19:00:00,13.098101532084052,8.823486909551268 
 01/31  20:00:00,12.465598142693706,8.30212451602978 
 01/31  21:00:00,12.116207978471986,8.024679366447439 
 01/31  22:00:00,11.713429953080432,7.6536280382791299 
 01/31  23:00:00,11.523144570096493,7.450564472710493 
 01/31  24:00:00,11.398193623985405,7.271390498278119 
 02/01  01:00:00,11.45209059086707,7.242285272905525 
 02/01  02:00:00,11.339504115875429,7.040075024620198 
 02/01  03:00:00,11.11214314576561,6.739679896133918 
 02/01  04:00:00,10.923255927020469,6.46422632677005 
 02/01  05:00:00,10.77953528623778,6.2193444671495829 
 02/01  06:00:00,10.659118106759343,6.001650331012446 
 02/01  07:00:00,10.534851397320294,5.78225767878541 
 02/01  08:00:00,10.4199774892807,5.572553888606525 
 02/01  09:00:00,10.67485655254458,5.744755896908662 
 02/01  10:00:00,12.512995912366117,7.454246915687691 
 02/01  11:00:00,14.075501591879363,9.103134930536973 
 02/01  12:00:00,14.92753866438426,10.047498192860826 
 02/01  13:00:00,15.799779667447563,11.004754252743407 
 02/01  14:00:00,16.204091714937698,11.597223476887386 
 02/01  15:00:00,16.898280286065235,12.51580030987656 
 02/01  16:00:00,17.39838404206515,13.236156936918534 
 02/01  17:00:00,17.174362756079899,13.243731807031 
 02/01  18:00:00,15.701597185850983,11.939155996448195 
 02/01  19:00:00,14.508822779292946,10.950235722967829 
 02/01  20:00:00,13.972684778702949,10.562277155511675 
 02/01  21:00:00,13.533543088057153,10.216468746978784 
 02/01  22:00:00,13.053146234525121,9.793196520996789 
 02/01  23:00:00,12.777971494973832,9.528354797295153 
 02/01  24:00:00,12.54421402950957,9.274763755864825 
 02/02  01:00:00,12.370409047281269,9.06628411689583 
 02/02  02:00:00,12.217365315242525,8.87584114908848 
 02/02  03:00:00,12.0703283448263,8.649248963950578 
 02/02  04:00:00,11.899536335509433,8.387914828421332 
 02/02  05:00:00,11.725439376292162,8.120891347664724 
 02/02  06:00:00,11.563630929029955,7.8628298802983249 
 02/02  07:00:00,11.450831479649953,7.645278086312069 
 02/02  08:00:00,11.353003043485368,7.4381149101080459 
 02/02  09:00:00,12.20426029899337,8.21148052168239 
 02/02  10:00:00,13.875840494030858,9.774674882109057 
 02/02  11:00:00,15.490992133331016,11.398021632944355 
 02/02  12:00:00,16.075444998272685,12.082111244727141 
 02/02  13:00:00,16.913509982871444,12.9869308975923 
 02/02  14:00:00,17.369117553898645,13.597250557292292 
 02/02  15:00:00,18.039377873007547,14.466860200178643 
 02/02  16:00:00,18.57505577454637,15.18492332287942 
 02/02  17:00:00,18.36922416757947,15.185899919981497 
 02/02  18:00:00,16.781375112643294,13.730252055285288 
 02/02  19:00:00,15.66925947450003,12.80340408908684 
 02/02  20:00:00,15.052620404286284,12.283130235986317 
 02/02  21:00:00,14.63058280183714,11.915808206953006 
 02/02  22:00:00,14.213624832198108,11.537207103881208 
 02/02  23:00:00,13.952801292649406,11.283332711917052 
 02/02  24:00:00,13.734519731037649,11.045957688457883 
 02/03  01:00:00,13.545530968612994,10.826593896064138 
 02/03  02:00:00,13.360295183381556,10.576024551133849 
 02/03  03:00:00,13.151329872002373,10.287583553231317 
 02/03  04:00:00,12.963197559748034,10.01340856557901 
 02/03  05:00:00,12.765893129128301,9.725259343559938 
 02/03  06:00:00,12.583117530372526,9.450664712831936 
 02/03  07:00:00,12.43422946588454,9.20538345707093 
 02/03  08:00:00,12.322674716653492,8.991607072467403 
 02/03  09:00:00,12.577160203668158,9.1523102637606 
 02/03  10:00:00,14.052287908293807,10.540807754392736 
 02/03  11:00:00,15.394911672962209,11.801006553260562 
 02/03  12:00:00,15.527202805530557,11.912636591771762 
 02/03  13:00:00,16.434751340844366,12.916898086330603 
 02/03  14:00:00,17.1491192516125,13.725867555208929 
 02/03  15:00:00,17.190505846931616,13.827245537154653 
 02/03  16:00:00,17.729410711576244,14.532911563680758 
 02/03  17:00:00,17.724980318169626,14.73046367204914 
 02/03  18:00:00,16.247458756263833,13.377611495294426 
 02/03  19:00:00,15.387324331894457,12.691774777053724 
 02/03  20:00:00,14.946269024753505,12.350785914909182 
 02/03  21:00:00,14.427904122876326,11.889744607193326 
 02/03  22:00:00,14.130613438131965,11.612946200480984 
 02/03  23:00:00,13.890294950114632,11.370283031934589 
 02/03  24:00:00,13.637311054872644,11.095125967028413 
 02/04  01:00:00,13.416351550769147,10.836992442956709 
 02/04  02:00:00,13.207600464299106,10.583566251894885 
 02/04  03:00:00,13.020220914299879,10.331614400454365 
 02/04  04:00:00,12.888107940546615,10.11279485167668 
 02/04  05:00:00,12.78928438483124,9.91211232380797 
 02/04  06:00:00,12.722911294544775,9.7334448795947 
 02/04  07:00:00,12.602692555863668,9.513926553757264 
 02/04  08:00:00,12.472716576753582,9.29438019970616 
 02/04  09:00:00,12.592296907271733,9.322898158812379 
 02/04  10:00:00,13.99156171460237,10.640606144782002 
 02/04  11:00:00,15.292754992635869,11.862506205381905 
 02/04  12:00:00,15.424943716277522,11.977083090307009 
 02/04  13:00:00,16.317391372296993,12.958677810171047 
 02/04  14:00:00,17.017365066600204,13.749409567990928 
 02/04  15:00:00,17.033015625003686,13.830413261851224 
 02/04  16:00:00,17.598738200611728,14.563059768504222 
 02/04  17:00:00,17.561379172848278,14.732088164642946 
 02/04  18:00:00,15.933085388819066,13.227812594457504 
 02/04  19:00:00,15.056396910735764,12.484090886165769 
 02/04  20:00:00,14.617264247123576,12.101074312904835 
 02/04  21:00:00,14.127204487737999,11.64434310311266 
 02/04  22:00:00,13.848354031264563,11.371826377487024 
 02/04  23:00:00,13.68991944675574,11.19397303578932 
 02/04  24:00:00,13.517139870656289,10.981867659521106 
 02/05  01:00:00,13.343859393334548,10.759097792915922 
 02/05  02:00:00,13.18212563692815,10.525145632261312 
 02/05  03:00:00,13.10233383397953,10.353162098648195 
 02/05  04:00:00,12.919988426185567,10.079081928028236 
 02/05  05:00:00,12.723436921146876,9.790057461931506 
 02/05  06:00:00,12.579582271564706,9.547836544894278 
 02/05  07:00:00,12.422392180710368,9.290794218365715 
 02/05  08:00:00,12.320026389766678,9.08100461901888 
 02/05  09:00:00,12.603511215595518,9.269793635647928 
 02/05  10:00:00,14.32558413560704,10.920447432603734 
 02/05  11:00:00,15.914772115281752,12.476680494369634 
 02/05  12:00:00,16.135382711261479,12.645706653684542 
 02/05  13:00:00,16.925811729662013,13.563513515234167 
 02/05  14:00:00,17.607674080038174,14.368456581112675 
 02/05  15:00:00,18.441144156330709,15.380968697895872 
 02/05  16:00:00,18.87567110322515,15.966343742990372 
 02/05  17:00:00,18.4271279508078,15.687321984118148 
 02/05  18:00:00,16.779326642564258,14.235291091133484 
 02/05  19:00:00,15.713677636221505,13.30804828703247 
 02/05  20:00:00,15.117493473776607,12.798448122373996 
 02/05  21:00:00,14.759672609491814,12.490333491617971 
 02/05  22:00:00,14.342267896582375,12.104147854527547 
 02/05  23:00:00,14.099198982757871,11.849892313664713 
 02/05  24:00:00,13.92293473175841,11.634248883437506 
 02/06  01:00:00,13.699227584153622,11.353815819958847 
 02/06  02:00:00,13.502119565804703,11.101518355882174 
 02/06  03:00:00,13.300827036470216,10.818821934328862 
 02/06  04:00:00,13.104555042953951,10.534458883755886 
 02/06  05:00:00,12.857620593203905,10.17296454048186 
 02/06  06:00:00,12.598345893602837,9.810564841806706 
 02/06  07:00:00,12.501827558793462,9.600566285457296 
 02/06  08:00:00,12.427787023745286,9.39853295415945 
 02/06  09:00:00,12.766483222949799,9.648500022545003 
 02/06  10:00:00,14.196663791592482,10.975865951173603 
 02/06  11:00:00,15.520323929256734,12.202469117852653 
 02/06  12:00:00,14.87778962547659,11.470233518863449 
 02/06  13:00:00,16.136242887993185,12.837727470791155 
 02/06  14:00:00,17.12437007111804,13.856070531730726 
 02/06  15:00:00,16.17957424447734,12.89522532120274 
 02/06  16:00:00,17.298436408437018,14.242265885382619 
 02/06  17:00:00,17.43931615447443,14.520164514361007 
 02/06  18:00:00,16.019212395630853,13.218492008145029 
 02/06  19:00:00,15.095514901450667,12.456710646784881 
 02/06  20:00:00,14.578957929323716,12.0182044164051 
 02/06  21:00:00,14.210900635049894,11.695770763905842 
 02/06  22:00:00,13.790808685491527,11.29740831568988 
 02/06  23:00:00,13.53778128613488,11.02820157448806 
 02/06  24:00:00,13.223116754055168,10.675739989566278 
 02/07  01:00:00,13.022374936936604,10.414500359622885 
 02/07  02:00:00,12.853333581184139,10.174684310075096 
 02/07  03:00:00,12.5552802488461,9.812441285097533 
 02/07  04:00:00,12.457826051549086,9.617145065183817 
 02/07  05:00:00,12.362838675819179,9.378910538075435 
 02/07  06:00:00,12.141886090952746,9.049366219893278 
 02/07  07:00:00,12.089565043313529,8.864371614786526 
 02/07  08:00:00,12.022380888651597,8.649568060866797 
 02/07  09:00:00,12.898733537457375,9.454520126502214 
 02/07  10:00:00,14.283521233418519,10.719853002432867 
 02/07  11:00:00,15.774494028162977,12.150747271171607 
 02/07  12:00:00,16.04756906184397,12.361624559745709 
 02/07  13:00:00,16.74246080281716,13.194976537175336 
 02/07  14:00:00,17.390967968970423,13.97281004986572 
 02/07  15:00:00,17.275251738701145,13.928674897165676 
 02/07  16:00:00,17.998564213303099,14.837078276323325 
 02/07  17:00:00,18.061890095270799,15.095123234519934 
 02/07  18:00:00,16.388973879518333,13.548147724937634 
 02/07  19:00:00,15.361834126069275,12.69039155845471 
 02/07  20:00:00,14.845062068400559,12.243562358950728 
 02/07  21:00:00,14.619197470925517,12.063746563212682 
 02/07  22:00:00,14.121401648414509,11.597268669687282 
 02/07  23:00:00,13.804505433697928,11.25554326126965 
 02/07  24:00:00,13.565593814088901,10.98158190437001 
 02/08  01:00:00,13.332757437448672,10.70433150793992 
 02/08  02:00:00,13.148104018044985,10.444921970256424 
 02/08  03:00:00,13.00931406833896,10.21173195140639 
 02/08  04:00:00,12.837323357297278,9.934455128344427 
 02/08  05:00:00,12.686925576512355,9.672235731937518 
 02/08  06:00:00,12.635203118264207,9.495373074335652 
 02/08  07:00:00,12.492592777065287,9.23352467606193 
 02/08  08:00:00,12.389822703491666,9.012082870417148 
 02/08  09:00:00,12.826434043489354,9.358252776925335 
 02/08  10:00:00,14.724727900367789,11.202737504582246 
 02/08  11:00:00,16.708520910115579,13.082112019155609 
 02/08  12:00:00,17.304663952650097,13.777330001522614 
 02/08  13:00:00,18.07151118804144,14.58848846691917 
 02/08  14:00:00,18.671435140521515,15.34838096142225 
 02/08  15:00:00,19.36976587777017,16.251510795570604 
 02/08  16:00:00,19.824387953932058,16.95747968741454 
 02/08  17:00:00,19.410861558566503,16.746731765141435 
 02/08  18:00:00,17.818844185662408,15.382821811310162 
 02/08  19:00:00,16.601445861267334,14.391781541429282 
 02/08  20:00:00,15.954952433394486,13.852710196720729 
 02/08  21:00:00,15.609456894186952,13.57932405901711 
 02/08  22:00:00,15.049125606275059,13.073673652225939 
 02/08  23:00:00,14.730884463289911,12.746524375032076 
 02/08  24:00:00,14.439486642158853,12.42387486079715 
 02/09  01:00:00,14.141666240189802,12.068970462946304 
 02/09  02:00:00,13.881279253287758,11.733757820330887 
 02/09  03:00:00,13.575331564366632,11.338042126828839 
 02/09  04:00:00,13.371548309631074,11.039291524104702 
 02/09  05:00:00,13.16148061723464,10.739365146416205 
 02/09  06:00:00,12.947713476714823,10.426687373561613 
 02/09  07:00:00,12.742810328946135,10.073089606289207 
 02/09  08:00:00,12.571338368585181,9.766328721043277 
 02/09  09:00:00,13.611958785543234,10.713033469320817 
 02/09  10:00:00,15.372413067243441,12.387344322463872 
 02/09  11:00:00,16.702141991206298,13.692725020520559 
 02/09  12:00:00,17.18890291715821,14.1566569430482 
 02/09  13:00:00,17.882458413624293,14.827250614187074 
 02/09  14:00:00,18.171971654533917,15.2201012567659 
 02/09  15:00:00,17.97616890333238,15.115272555327547 
 02/09  16:00:00,18.67917369030814,16.00016359185385 
 02/09  17:00:00,18.573810799172255,16.092612824608094 
 02/09  18:00:00,16.774898507262888,14.447220691767527 
 02/09  19:00:00,15.574286351626693,13.271102343992072 
 02/09  20:00:00,14.874692283584114,12.604441878974387 
 02/09  21:00:00,14.415911088322647,12.1366949854038 
 02/09  22:00:00,13.902004877200831,11.571011861796312 
 02/09  23:00:00,13.611387006502224,11.206109117061836 
 02/09  24:00:00,13.328633101026533,10.82764822790034 
 02/10  01:00:00,13.041640534681515,10.437638118557299 
 02/10  02:00:00,12.765515800010827,10.054055159743914 
 02/10  03:00:00,12.491419354312122,9.633070955219865 
 02/10  04:00:00,12.284175740847858,9.27114004426743 
 02/10  05:00:00,12.096038995820255,8.919051211455548 
 02/10  06:00:00,11.969179209998732,8.616489433679588 
 02/10  07:00:00,11.81396392818008,8.292465571584714 
 02/10  08:00:00,11.698136746885087,8.006077385197182 
 02/10  09:00:00,11.878470958770946,8.003474860969412 
 02/10  10:00:00,13.803078687723924,9.857670607717651 
 02/10  11:00:00,15.320333174699258,11.273286698731715 
 02/10  12:00:00,15.2754730430778,11.065434978463337 
 02/10  13:00:00,16.036159779109764,11.951347514773215 
 02/10  14:00:00,16.80122161261528,12.791890945272887 
 02/10  15:00:00,17.72525803838373,13.822407418427936 
 02/10  16:00:00,18.22434309575942,14.485662800901553 
 02/10  17:00:00,17.722926770277036,14.238342631976006 
 02/10  18:00:00,16.134894115020825,12.956224774102076 
 02/10  19:00:00,14.988892922859229,11.979793251892306 
 02/10  20:00:00,14.34374301329336,11.448250348436645 
 02/10  21:00:00,14.006872669551229,11.162531580644853 
 02/10  22:00:00,13.486140680364614,10.667335596395695 
 02/10  23:00:00,13.203372064941974,10.352643549713907 
 02/10  24:00:00,12.913134965053857,10.01491215593611 
 02/11  01:00:00,12.655054591703227,9.688729950205929 
 02/11  02:00:00,12.408103057664367,9.346714665091414 
 02/11  03:00:00,12.121181326044898,8.943222707388135 
 02/11  04:00:00,11.90276877832346,8.603692034736917 
 02/11  05:00:00,11.64744161395533,8.222352644217356 
 02/11  06:00:00,11.352061689490686,7.795403739621131 
 02/11  07:00:00,11.25220334523152,7.548850872891272 
 02/11  08:00:00,11.18660423557269,7.325675536458057 
 02/11  09:00:00,12.28160326894334,8.31762481878134 
 02/11  10:00:00,14.096411388609177,10.053502725446105 
 02/11  11:00:00,15.484400140458812,11.327509112764722 
 02/11  12:00:00,15.989960090363646,11.868666554420095 
 02/11  13:00:00,16.51035517058919,12.409190882799465 
 02/11  14:00:00,16.992408626178368,13.003278299590896 
 02/11  15:00:00,17.507576475093268,13.715392876589427 
 02/11  16:00:00,18.152245066344219,14.520911215535639 
 02/11  17:00:00,17.631829388635166,14.231650870378993 
 02/11  18:00:00,16.0921789582855,12.951614265836728 
 02/11  19:00:00,14.79834278609428,11.796122699984269 
 02/11  20:00:00,13.995599063173316,11.063171497826572 
 02/11  21:00:00,13.435937279486883,10.533443519894496 
 02/11  22:00:00,13.021581551943438,10.107771526782877 
 02/11  23:00:00,12.595769681805628,9.62378473741671 
 02/11  24:00:00,12.330632516023077,9.28116304830684 
 02/12  01:00:00,12.053797805441392,8.91280612778649 
 02/12  02:00:00,11.780862568682167,8.537331387009136 
 02/12  03:00:00,11.490765259495566,8.127513985174712 
 02/12  04:00:00,11.249832336891782,7.7359489387272959 
 02/12  05:00:00,10.986810098671512,7.3201912656333338 
 02/12  06:00:00,10.686418367524194,6.867893563699473 
 02/12  07:00:00,10.461909626554533,6.4889088100060079 
 02/12  08:00:00,10.228532241901931,6.10109742019926 
 02/12  09:00:00,11.198076917145324,6.982129753676239 
 02/12  10:00:00,12.996002581910059,8.64169699182031 
 02/12  11:00:00,14.307693433943888,9.838924063269238 
 02/12  12:00:00,14.66205265948606,10.195785550628289 
 02/12  13:00:00,15.362565420336808,10.846638066939363 
 02/12  14:00:00,15.736487306340337,11.292937695198879 
 02/12  15:00:00,16.458772577403907,12.128478521100679 
 02/12  16:00:00,17.226592774309688,12.980585334140145 
 02/12  17:00:00,16.689661279193698,12.6672780964835 
 02/12  18:00:00,15.211711639529213,11.433526447962068 
 02/12  19:00:00,13.839291744654519,10.233051182841948 
 02/12  20:00:00,13.20632838563479,9.67936809595673 
 02/12  21:00:00,12.757778147957123,9.266074878188963 
 02/12  22:00:00,12.237589888809114,8.735811872331608 
 02/12  23:00:00,11.944080085203498,8.398459328230896 
 02/12  24:00:00,11.648979361333155,8.043632833159684 
 02/13  01:00:00,11.339328698076887,7.633634538159534 
 02/13  02:00:00,11.041428322235685,7.229563369265957 
 02/13  03:00:00,10.75080681220929,6.819227292519591 
 02/13  04:00:00,10.56138098955715,6.482705066285366 
 02/13  05:00:00,10.401232820232762,6.158446949591703 
 02/13  06:00:00,10.231828243491485,5.81920423785146 
 02/13  07:00:00,10.087384866752159,5.5163526276485019 
 02/13  08:00:00,9.969007679751507,5.240325555613367 
 02/13  09:00:00,10.9407576160845,6.1049641259494209 
 02/13  10:00:00,12.760894803824268,7.804493100654316 
 02/13  11:00:00,14.299609798220543,9.219584152843904 
 02/13  12:00:00,14.867907226096172,9.821798627260419 
 02/13  13:00:00,15.581716652165646,10.53954272103729 
 02/13  14:00:00,15.853337550953942,10.983326645587212 
 02/13  15:00:00,16.353576249619665,11.630698951118703 
 02/13  16:00:00,16.907129157858529,12.427597749383438 
 02/13  17:00:00,16.635635801145708,12.464847070323048 
 02/13  18:00:00,14.979619500485534,11.04719420293683 
 02/13  19:00:00,13.756666260161286,10.033859996627509 
 02/13  20:00:00,13.120876461074797,9.502140081812906 
 02/13  21:00:00,12.804836854853067,9.246873979477208 
 02/13  22:00:00,12.291111207677212,8.772350334683166 
 02/13  23:00:00,12.012131186394676,8.47012966633347 
 02/13  24:00:00,11.787088036120827,8.204390277116766 
 02/14  01:00:00,11.553079046658308,7.929413763099632 
 02/14  02:00:00,11.303373167110135,7.57276728007443 
 02/14  03:00:00,11.158047285255451,7.310790564478751 
 02/14  04:00:00,10.958603067764863,7.0093462454886918 
 02/14  05:00:00,10.720356102321201,6.63209458567427 
 02/14  06:00:00,10.561813344265932,6.342301039809811 
 02/14  07:00:00,10.44054809615775,6.080316723149928 
 02/14  08:00:00,10.352912365225946,5.8507615244974648 
 02/14  09:00:00,11.358204251522734,6.7627468750942729 
 02/14  10:00:00,13.120848194503513,8.450863057243886 
 02/14  11:00:00,14.550167079576158,9.806034839958122 
 02/14  12:00:00,14.718053053282569,9.897081113671208 
 02/14  13:00:00,15.194687738380189,10.52870352439312 
 02/14  14:00:00,15.726275416994536,11.204807308896158 
 02/14  15:00:00,15.712904229330914,11.314271398027366 
 02/14  16:00:00,16.48117005064772,12.292864456459114 
 02/14  17:00:00,16.483363797620759,12.563911563566944 
 02/14  18:00:00,15.10448306268767,11.374135364102007 
 02/14  19:00:00,13.807432189551414,10.261968313649973 
 02/14  20:00:00,13.302165470276208,9.822668200624517 
 02/14  21:00:00,12.98699277756576,9.553720833865528 
 02/14  22:00:00,12.558061148354465,9.148778603406813 
 02/14  23:00:00,12.2856652803804,8.858892933322295 
 02/14  24:00:00,11.999651753782486,8.53127576047841 
 02/15  01:00:00,11.767382561391802,8.246446441791362 
 02/15  02:00:00,11.57185727146656,7.971858062411469 
 02/15  03:00:00,11.263098561464556,7.554618644148321 
 02/15  04:00:00,11.122209617518339,7.288109004388117 
 02/15  05:00:00,11.009505883255235,7.040238754545007 
 02/15  06:00:00,10.841993650808547,6.75866802515767 
 02/15  07:00:00,10.769070668349315,6.538529798745978 
 02/15  08:00:00,10.693650545512082,6.3143893571901679 
 02/15  09:00:00,11.795608631216695,7.3358269782834999 
 02/15  10:00:00,13.73725239459843,9.19928717771853 
 02/15  11:00:00,15.116025731865518,10.53606979479464 
 02/15  12:00:00,15.711688543652214,11.20669818345919 
 02/15  13:00:00,16.353504501847909,11.908989358800865 
 02/15  14:00:00,16.603725505513425,12.347328873878699 
 02/15  15:00:00,17.178604238164036,13.139250430656148 
 02/15  16:00:00,17.831233523663287,14.004616775518003 
 02/15  17:00:00,17.53237564962365,13.965949273593639 
 02/15  18:00:00,16.10291788158392,12.729874340563509 
 02/15  19:00:00,14.650034671835546,11.46739089700026 
 02/15  20:00:00,14.044479024838154,10.936306002588914 
 02/15  21:00:00,13.551718571033583,10.495766589632478 
 02/15  22:00:00,13.116441741000488,10.07481642713379 
 02/15  23:00:00,12.89529987325152,9.833927949416174 
 02/15  24:00:00,12.650867818815336,9.54190573767508 
 02/16  01:00:00,12.477673794837744,9.308845194874135 
 02/16  02:00:00,12.308896236451695,9.068074396176194 
 02/16  03:00:00,12.044871416227814,8.712869170546597 
 02/16  04:00:00,11.874472244227836,8.427734596418727 
 02/16  05:00:00,11.703941553304807,8.14337508476644 
 02/16  06:00:00,11.415461414119225,7.723792929280815 
 02/16  07:00:00,11.297867114887528,7.482293479870937 
 02/16  08:00:00,11.227534488273524,7.295947422932753 
 02/16  09:00:00,12.342459162622165,8.332989975214462 
 02/16  10:00:00,14.115734074305867,10.04694544511533 
 02/16  11:00:00,15.48904552872761,11.335256184455112 
 02/16  12:00:00,15.687213527646819,11.445227383820202 
 02/16  13:00:00,16.338386611523434,12.243293511316815 
 02/16  14:00:00,16.99820989024513,13.045838933362964 
 02/16  15:00:00,16.711052160097599,12.838856652512062 
 02/16  16:00:00,17.485279041970914,13.861341615156029 
 02/16  17:00:00,17.48961762057405,14.112667559482962 
 02/16  18:00:00,16.115510637792583,12.92654125936436 
 02/16  19:00:00,14.858748066243452,11.915766547599734 
 02/16  20:00:00,14.377682695423346,11.529132889838373 
 02/16  21:00:00,14.05590349308379,11.287277289461376 
 02/16  22:00:00,13.558624478795889,10.847446108021757 
 02/16  23:00:00,13.296338010738108,10.575712232104403 
 02/16  24:00:00,13.168646597947922,10.413285818887003 
 02/17  01:00:00,12.942893502442017,10.144133030330022 
 02/17  02:00:00,12.779623536359095,9.912838688388407 
 02/17  03:00:00,12.771494035729573,9.812594660294887 
 02/17  04:00:00,12.57831953178765,9.521926496483893 
 02/17  05:00:00,12.411757896047107,9.268506709934315 
 02/17  06:00:00,12.278024180939055,9.023416478700363 
 02/17  07:00:00,12.119742176827906,8.742968010352167 
 02/17  08:00:00,12.024058210277163,8.5332438699294 
 02/17  09:00:00,12.911833974025994,9.347897799691669 
 02/17  10:00:00,14.474019553466816,10.884289722469753 
 02/17  11:00:00,16.04133075416398,12.397789979723598 
 02/17  12:00:00,16.23038336706378,12.637908693532858 
 02/17  13:00:00,16.915087389598005,13.428026589635385 
 02/17  14:00:00,17.432270947126104,14.08096859791329 
 02/17  15:00:00,17.39931487855115,14.153694802415308 
 02/17  16:00:00,18.15205087638757,15.094505696423206 
 02/17  17:00:00,18.104668223949966,15.251010987703893 
 02/17  18:00:00,17.031246069381507,14.350739998316627 
 02/17  19:00:00,15.783136596469064,13.262235530503562 
 02/17  20:00:00,15.080006936775643,12.629086424500255 
 02/17  21:00:00,14.422263346694513,12.012297258343934 
 02/17  22:00:00,14.19767054739469,11.796107061841547 
 02/17  23:00:00,13.833446359446265,11.411476529852643 
 02/17  24:00:00,13.529163656131275,11.0575208091506 
 02/18  01:00:00,13.32743678989282,10.7833246478667 
 02/18  02:00:00,13.128175518553658,10.521206945588832 
 02/18  03:00:00,12.81047604678233,10.089849676817569 
 02/18  04:00:00,12.641310260982007,9.811575842404447 
 02/18  05:00:00,12.48449768028763,9.531840558000442 
 02/18  06:00:00,12.253117526542777,9.195545217269924 
 02/18  07:00:00,12.201510589799579,9.000053963556308 
 02/18  08:00:00,12.22714272545556,8.865580103231748 
 02/18  09:00:00,13.413468024684722,9.98316869205771 
 02/18  10:00:00,15.329144699926499,11.81316475107064 
 02/18  11:00:00,16.703546125082484,13.11342804719633 
 02/18  12:00:00,17.271612619608868,13.742851198905307 
 02/18  13:00:00,18.036997625786137,14.540006885783514 
 02/18  14:00:00,18.50190946268329,15.171922120290688 
 02/18  15:00:00,19.17976313632084,16.0672139236426 
 02/18  16:00:00,19.706346919308559,16.830898980770188 
 02/18  17:00:00,19.48027266426647,16.888273033618828 
 02/18  18:00:00,18.137887666784779,15.764524971301121 
 02/18  19:00:00,16.758607483158387,14.58239918398935 
 02/18  20:00:00,15.991539679396166,13.925434860883266 
 02/18  21:00:00,15.436158185583155,13.44554650244701 
 02/18  22:00:00,15.088310217652733,13.131764603252881 
 02/18  23:00:00,14.623284841908263,12.673886720974196 
 02/18  24:00:00,14.285261772745289,12.294765773252385 
 02/19  01:00:00,14.074166862388767,12.015981575355326 
 02/19  02:00:00,13.866750063816483,11.742279871751656 
 02/19  03:00:00,13.608998913842104,11.37312527087483 
 02/19  04:00:00,13.37267974722564,11.03836266759402 
 02/19  05:00:00,13.114488577805517,10.676655077272802 
 02/19  06:00:00,12.801235465734369,10.246307528634035 
 02/19  07:00:00,12.728774599416733,10.042726781441948 
 02/19  08:00:00,12.746060302759338,9.904766006428597 
 02/19  09:00:00,13.80009402465733,10.845891301449717 
 02/19  10:00:00,15.594529001201062,12.604798513738466 
 02/19  11:00:00,17.04560485011098,13.970950309071233 
 02/19  12:00:00,17.55762892670119,14.478539614539857 
 02/19  13:00:00,18.334200359620654,15.258490679643746 
 02/19  14:00:00,18.845608905985004,15.915349836491878 
 02/19  15:00:00,19.565783475251537,16.83579277057192 
 02/19  16:00:00,20.15181518178811,17.620725787284394 
 02/19  17:00:00,19.68869221608395,17.408876891538257 
 02/19  18:00:00,18.21628180678906,16.207517308840637 
 02/19  19:00:00,16.746264016551146,14.894049968497514 
 02/19  20:00:00,16.15467352913377,14.370698312537787 
 02/19  21:00:00,15.72776413305202,13.986368295249758 
 02/19  22:00:00,15.241864164179902,13.526322381124336 
 02/19  23:00:00,14.98073088114263,13.244481380833238 
 02/19  24:00:00,14.710803438987629,12.926058806682093 
 02/20  01:00:00,14.480806719190629,12.625552158610109 
 02/20  02:00:00,14.261700885628248,12.319562709962014 
 02/20  03:00:00,14.042007067465097,12.00426920410631 
 02/20  04:00:00,13.81988894340832,11.686472750747012 
 02/20  05:00:00,13.597019643153228,11.34297547316711 
 02/20  06:00:00,13.38105291319109,10.999880015055119 
 02/20  07:00:00,13.286343732175446,10.768321151709703 
 02/20  08:00:00,13.254972229811136,10.593824231720273 
 02/20  09:00:00,14.470739125208736,11.738174435762069 
 02/20  10:00:00,16.396160297506609,13.593969871055439 
 02/20  11:00:00,17.898618312715589,14.990476779992499 
 02/20  12:00:00,18.683064348658456,15.819006817375357 
 02/20  13:00:00,19.423476515335538,16.56841515993395 
 02/20  14:00:00,20.08598742306171,17.36035429030308 
 02/20  15:00:00,20.81226923928252,18.292157875944107 
 02/20  16:00:00,21.51184682855395,19.21491256184083 
 02/20  17:00:00,21.376920952610424,19.32364734587499 
 02/20  18:00:00,20.10405138495619,18.265801193908375 
 02/20  19:00:00,18.69598035055828,17.138127275742155 
 02/20  20:00:00,17.859491630488166,16.47529568538981 
 02/20  21:00:00,17.276715699321064,15.995585563008174 
 02/20  22:00:00,16.878017555126065,15.650092306029395 
 02/20  23:00:00,16.37637086143406,15.178435182831958 
 02/20  24:00:00,16.05902727668973,14.839214375199696 
 02/21  01:00:00,15.763753460741487,14.497742405967364 
 02/21  02:00:00,15.472767690489551,14.141208662564568 
 02/21  03:00:00,15.155154454619517,13.741556696293948 
 02/21  04:00:00,14.951102393776619,13.440389893883605 
 02/21  05:00:00,14.743118412691253,13.142022877404955 
 02/21  06:00:00,14.493212989072579,12.797656702467082 
 02/21  07:00:00,14.414156381431468,12.601943628062893 
 02/21  08:00:00,14.43252828708302,12.48475962235578 
 02/21  09:00:00,15.607521785495262,13.586751950599002 
 02/21  10:00:00,17.48145176378715,15.407693791435987 
 02/21  11:00:00,18.86501711084669,16.699746797491053 
 02/21  12:00:00,19.556181996132083,17.39168772062129 
 02/21  13:00:00,20.429916849879555,18.204179668373884 
 02/21  14:00:00,20.955676859067269,18.8572957390991 
 02/21  15:00:00,21.69219244695575,19.776413049577955 
 02/21  16:00:00,22.413520645662055,20.685292471137303 
 02/21  17:00:00,22.211835852359756,20.732444394476713 
 02/21  18:00:00,20.829370110200335,19.63370441296348 
 02/21  19:00:00,19.306488659780073,18.375042308897358 
 02/21  20:00:00,18.467430956505518,17.686283867029006 
 02/21  21:00:00,18.004236784821207,17.310056133062035 
 02/21  22:00:00,17.398259458338438,16.780974271539209 
 02/21  23:00:00,17.09131379000919,16.472414348115949 
 02/21  24:00:00,16.73231371375337,16.08565461572589 
 02/22  01:00:00,16.47045130628399,15.761882510985519 
 02/22  02:00:00,16.198400030714838,15.408382831986929 
 02/22  03:00:00,15.862477086652455,14.975162667937111 
 02/22  04:00:00,15.637011436824292,14.63955634035724 
 02/22  05:00:00,15.399120000113364,14.28847633261796 
 02/22  06:00:00,15.086311631120925,13.855875927939783 
 02/22  07:00:00,14.993012522320818,13.640621605532932 
 02/22  08:00:00,15.020677341803229,13.55191395202508 
 02/22  09:00:00,16.219211038474737,14.673963094328564 
 02/22  10:00:00,18.14677561853922,16.535311019729848 
 02/22  11:00:00,19.598996189007587,17.882359021881987 
 02/22  12:00:00,20.335909343024718,18.608941335260139 
 02/22  13:00:00,21.114625697237963,19.32595048403467 
 02/22  14:00:00,21.805942819921737,20.030684576305739 
 02/22  15:00:00,22.496316760794057,20.935444575730686 
 02/22  16:00:00,22.972624094465716,21.642181946381123 
 02/22  17:00:00,22.6871674382936,21.648620907171794 
 02/22  18:00:00,21.13511647048406,20.476334492366136 
 02/22  19:00:00,19.47845036206737,19.06072777637315 
 02/22  20:00:00,18.836959030962079,18.509064190884208 
 02/22  21:00:00,18.333551137309145,18.066429887589594 
 02/22  22:00:00,17.766778975252757,17.55000739694114 
 02/22  23:00:00,17.45892920983595,17.22168459765672 
 02/22  24:00:00,17.122985969815575,16.832117000424057 
 02/23  01:00:00,16.820632680578208,16.447329874239146 
 02/23  02:00:00,16.54418407486778,16.070021872494416 
 02/23  03:00:00,16.24274689615187,15.654156265838572 
 02/23  04:00:00,16.00382545458094,15.292041851958711 
 02/23  05:00:00,15.790619258285585,14.954190667361165 
 02/23  06:00:00,15.532615932957109,14.569904191004696 
 02/23  07:00:00,15.377070818179055,14.282384329934738 
 02/23  08:00:00,15.289036825953593,14.057650070286096 
 02/23  09:00:00,16.509002182002697,15.204215440081566 
 02/23  10:00:00,18.236237560441145,16.86123681146448 
 02/23  11:00:00,19.645169073198525,18.185138825031406 
 02/23  12:00:00,20.28525798834839,18.845778701465695 
 02/23  13:00:00,21.235539847100165,19.64541552836606 
 02/23  14:00:00,21.71778868920215,20.219379164262116 
 02/23  15:00:00,22.457270287608769,21.12599593204094 
 02/23  16:00:00,23.14244393970484,21.942879346593906 
 02/23  17:00:00,22.85872437490693,21.913062449891087 
 02/23  18:00:00,21.346463082726655,20.74605267251325 
 02/23  19:00:00,19.708969560305964,19.341052305506996 
 02/23  20:00:00,19.006989052204255,18.704512809133076 
 02/23  21:00:00,18.511685196915594,18.25057390920889 
 02/23  22:00:00,17.960014497904468,17.73510637496002 
 02/23  23:00:00,17.650981668919515,17.39850766346575 
 02/23  24:00:00,17.338502733343753,17.030949273206397 
 02/24  01:00:00,17.050111138220055,16.660673947720086 
 02/24  02:00:00,16.776097005166478,16.28727518601756 
 02/24  03:00:00,16.512204846858397,15.909539872095863 
 02/24  04:00:00,16.321856716758139,15.599976928753123 
 02/24  05:00:00,16.10789443090557,15.2695190087586 
 02/24  06:00:00,15.909435695408533,14.94264722295723 
 02/24  07:00:00,15.805418285541402,14.688773607131438 
 02/24  08:00:00,15.81875558852751,14.545917391054365 
 02/24  09:00:00,16.426454794280227,15.046638406778403 
 02/24  10:00:00,18.32401031169598,16.87072633392929 
 02/24  11:00:00,20.13699988918073,18.50303339192452 
 02/24  12:00:00,20.55015921475708,18.996837017587465 
 02/24  13:00:00,21.334597794511049,19.699431162881269 
 02/24  14:00:00,21.548768723372903,20.12669671931307 
 02/24  15:00:00,22.074650236346267,20.804195128114224 
 02/24  16:00:00,22.775735429702935,21.66365851020494 
 02/24  17:00:00,22.49614284697678,21.628833456585516 
 02/24  18:00:00,20.72137423151839,20.12941618144293 
 02/24  19:00:00,19.54606896712005,19.066499182807463 
 02/24  20:00:00,18.87029542452096,18.511878681187274 
 02/24  21:00:00,18.529589126371357,18.22337675217871 
 02/24  22:00:00,17.92927875288938,17.65716727534673 
 02/24  23:00:00,17.533593954382277,17.229735641511625 
 02/24  24:00:00,17.182121906193218,16.82155244460519 
 02/25  01:00:00,16.828400584604638,16.392600206788936 
 02/25  02:00:00,16.498212500773165,15.966705285430525 
 02/25  03:00:00,16.189079534666214,15.546156430262269 
 02/25  04:00:00,15.872501187522394,15.108606181889752 
 02/25  05:00:00,15.585379638232759,14.69170155215888 
 02/25  06:00:00,15.268368146001248,14.237672373871782 
 02/25  07:00:00,15.054676047987189,13.884391775692459 
 02/25  08:00:00,14.912771787452538,13.616877670957779 
 02/25  09:00:00,15.350245072756409,13.94392029730238 
 02/25  10:00:00,17.19835489625101,15.730606556478597 
 02/25  11:00:00,18.786098046533895,17.211674425938594 
 02/25  12:00:00,18.899349761823748,17.328723448169194 
 02/25  13:00:00,19.616094478712705,17.982444900303404 
 02/25  14:00:00,20.129663760684449,18.54489957592623 
 02/25  15:00:00,20.816830461616477,19.336973967505935 
 02/25  16:00:00,21.60302024535019,20.2021728471194 
 02/25  17:00:00,21.376247042054304,20.135428029623637 
 02/25  18:00:00,20.01387744131799,18.94240151647713 
 02/25  19:00:00,18.590576755598688,17.584447622972868 
 02/25  20:00:00,17.80447368665493,16.823408781334508 
 02/25  21:00:00,17.365682598128158,16.39107781730454 
 02/25  22:00:00,16.787496058243364,15.79040857927519 
 02/25  23:00:00,16.43992322010872,15.389253590885568 
 02/25  24:00:00,16.091504976617708,14.963822852199467 
 02/26  01:00:00,15.766421150188247,14.538895169175094 
 02/26  02:00:00,15.462637719725823,14.129966550138298 
 02/26  03:00:00,15.167995395486483,13.721372855717224 
 02/26  04:00:00,14.928813713263628,13.346477082887763 
 02/26  05:00:00,14.703838915134817,12.981691833927299 
 02/26  06:00:00,14.503829957412219,12.63610008119218 
 02/26  07:00:00,14.439018827578082,12.415091146868108 
 02/26  08:00:00,14.575621278703443,12.384953560905013 
 02/26  09:00:00,15.807028427903905,13.497471539375184 
 02/26  10:00:00,17.68292136239694,15.295045658641845 
 02/26  11:00:00,19.13916918912299,16.634560285613433 
 02/26  12:00:00,19.783036071294665,17.279727126512286 
 02/26  13:00:00,20.742594559313216,18.12202216933132 
 02/26  14:00:00,21.386266997750846,18.86329570602437 
 02/26  15:00:00,21.48589070567376,19.027377617325948 
 02/26  16:00:00,22.133887759862778,20.06836244384187 
 02/26  17:00:00,21.97694919646531,20.15872973232274 
 02/26  18:00:00,20.431213007322019,19.01317600328707 
 02/26  19:00:00,19.211175092489265,18.04624006314221 
 02/26  20:00:00,18.5339344786333,17.547133789088865 
 02/26  21:00:00,18.23561029346405,17.349927778864207 
 02/26  22:00:00,17.66736156796858,16.880302641503996 
 02/26  23:00:00,17.379276915392518,16.604584666276673 
 02/26  24:00:00,17.249110433677538,16.46690756314284 
 02/27  01:00:00,16.96923583008467,16.168980881202346 
 02/27  02:00:00,16.70413886792536,15.848283909240064 
 02/27  03:00:00,15.998734095242869,15.133819822187487 
 02/27  04:00:00,16.051043378273528,15.06791095787328 
 02/27  05:00:00,16.063872128023136,14.994300622307664 
 02/27  06:00:00,15.45746936293748,14.377896095717114 
 02/27  07:00:00,15.43645459796667,14.217094745315274 
 02/27  08:00:00,15.45687649727018,14.086789848771751 
 02/27  09:00:00,14.99218834735565,13.63149659520338 
 02/27  10:00:00,16.15870807356518,14.672645692634547 
 02/27  11:00:00,16.619765562090668,15.064747292885617 
 02/27  12:00:00,16.131900236760417,14.595350469880757 
 02/27  13:00:00,16.77394194667498,15.108167050925797 
 02/27  14:00:00,17.283963234095198,15.526404161642202 
 02/27  15:00:00,16.50266939077676,14.83875374366117 
 02/27  16:00:00,17.034947184471677,15.286171936105808 
 02/27  17:00:00,17.037668378965557,15.234466468394329 
 02/27  18:00:00,15.600096343977715,13.901889093937064 
 02/27  19:00:00,15.446234901307119,13.679793475483 
 02/27  20:00:00,15.057400183829089,13.173214033932935 
 02/27  21:00:00,14.387039316781137,12.548381644960035 
 02/27  22:00:00,14.391386856208922,12.441588443642872 
 02/27  23:00:00,14.346394553420929,12.23740200636966 
 02/27  24:00:00,13.671823058969676,11.588811456966982 
 02/28  01:00:00,13.731440407777813,11.4958639653581 
 02/28  02:00:00,13.759447256524665,11.33850846482938 
 02/28  03:00:00,13.121560964010705,10.735718253957645 
 02/28  04:00:00,13.220581896404227,10.66142196610476 
 02/28  05:00:00,13.34053186193075,10.577114871585499 
 02/28  06:00:00,12.660944480923562,9.956526721305725 
 02/28  07:00:00,12.836300504904184,9.955235549341272 
 02/28  08:00:00,13.115601745106899,10.021668469379318 
 02/28  09:00:00,13.30039993896337,10.064493598387435 
 02/28  10:00:00,14.992134483371404,11.778636537132627 
 02/28  11:00:00,16.596816998854746,13.277538757092606 
 02/28  12:00:00,15.717455870529399,12.361316461243647 
 02/28  13:00:00,16.78833462293214,13.584782855342344 
 02/28  14:00:00,17.585308116936049,14.45978096123938 
 02/28  15:00:00,16.828801181477667,13.688165730813499 
 02/28  16:00:00,17.96667554327486,15.042372131439793 
 02/28  17:00:00,18.126906838104199,15.356812671339869 
 02/28  18:00:00,15.895437028416826,13.47915877941008 
 02/28  19:00:00,15.590546014675166,13.161113452254922 
 02/28  20:00:00,15.204509158988098,12.820197147475322 
 02/28  21:00:00,14.345591790373997,12.131142416307814 
 02/28  22:00:00,14.34484605012508,12.042133319329656 
 02/28  23:00:00,14.330995448041135,11.947739215305309 
 02/28  24:00:00,13.574765847963825,11.303200411581697 
 03/01  01:00:00,13.564908281709029,11.155949468531523 
 03/01  02:00:00,13.53368976324132,10.970901080837459 
 03/01  03:00:00,12.744227703123653,10.27100411921323 
 03/01  04:00:00,12.762506073713546,10.135679391571357 
 03/01  05:00:00,12.729990913858739,9.90507960010249 
 03/01  06:00:00,11.912300350763282,9.172057954759627 
 03/01  07:00:00,12.049560520426873,9.141823394839957 
 03/01  08:00:00,12.208632003079613,9.065339238757187 
 03/01  09:00:00,13.470781527824699,10.285886033850627 
 03/01  10:00:00,14.989732235190628,11.710165731088854 
 03/01  11:00:00,16.230583293736083,12.895727095779155 
 03/01  12:00:00,16.718354448924356,13.413679084917117 
 03/01  13:00:00,17.247600932404099,13.960036136524379 
 03/01  14:00:00,17.73909837264022,14.551616197405603 
 03/01  15:00:00,18.19573473383256,15.204067731568465 
 03/01  16:00:00,18.93214908661013,16.075573538865958 
 03/01  17:00:00,18.863230874749278,16.205469700132 
 03/01  18:00:00,17.570069372237169,15.144401314735653 
 03/01  19:00:00,16.13162883751796,13.83191433381443 
 03/01  20:00:00,15.540847654186385,13.283520542437856 
 03/01  21:00:00,15.187695998752322,12.959081816243927 
 03/01  22:00:00,14.663509664821092,12.452880671802144 
 03/01  23:00:00,14.383539971770326,12.152275375061397 
 03/01  24:00:00,14.192197546164345,11.92280362072765 
 03/02  01:00:00,13.900597500462958,11.585013111859326 
 03/02  02:00:00,13.625999881985824,11.217469851932016 
 03/02  03:00:00,13.474498690700779,10.965026609595793 
 03/02  04:00:00,13.20678292321898,10.61293007935919 
 03/02  05:00:00,12.896240286195216,10.183243028827232 
 03/02  06:00:00,12.63876104310852,9.821490622480777 
 03/02  07:00:00,12.478830475662273,9.543647881104754 
 03/02  08:00:00,12.471365450668073,9.411864141913796 
 03/02  09:00:00,13.60959861334367,10.477636421552268 
 03/02  10:00:00,15.109969672367456,11.955150437573167 
 03/02  11:00:00,16.339088088359806,13.089012528181574 
 03/02  12:00:00,16.583382875005087,13.369890732464175 
 03/02  13:00:00,17.201188766827685,13.998798794604573 
 03/02  14:00:00,17.44776518403735,14.405368225162093 
 03/02  15:00:00,18.048073799445925,15.186089246557956 
 03/02  16:00:00,18.65250411460144,16.007920511146844 
 03/02  17:00:00,18.501648117313626,16.082954882511304 
 03/02  18:00:00,17.36651052135122,15.084500366569648 
 03/02  19:00:00,16.0729161415819,13.876523554282038 
 03/02  20:00:00,15.385218158971899,13.250947671203779 
 03/02  21:00:00,14.902973769800859,12.807704380541939 
 03/02  22:00:00,14.414329930311859,12.315680325788535 
 03/02  23:00:00,14.164012189892578,12.02429183105092 
 03/02  24:00:00,13.858423276810744,11.656564074320136 
 03/03  01:00:00,13.652000467933546,11.367291892891842 
 03/03  02:00:00,13.46211781811541,11.086719249093602 
 03/03  03:00:00,13.21439459346435,10.756578049417229 
 03/03  04:00:00,13.020972952482437,10.41976760521673 
 03/03  05:00:00,12.860870902608335,10.125415395917532 
 03/03  06:00:00,12.592048812505944,9.717797038159345 
 03/03  07:00:00,12.510911397700227,9.491272687615905 
 03/03  08:00:00,12.674040221849508,9.506461267923763 
 03/03  09:00:00,13.911046587819527,10.700315705401005 
 03/03  10:00:00,15.571979290113968,12.301364354027477 
 03/03  11:00:00,16.786107181394774,13.394247558580114 
 03/03  12:00:00,17.148794330120916,13.824054308474207 
 03/03  13:00:00,17.75743454231053,14.481065722797882 
 03/03  14:00:00,18.067657900938558,14.973805788327331 
 03/03  15:00:00,18.793897280575196,15.925604707799203 
 03/03  16:00:00,19.304232257423967,16.69632276706918 
 03/03  17:00:00,19.138440111994695,16.819173725661025 
 03/03  18:00:00,18.12629754744334,16.045644268079628 
 03/03  19:00:00,16.729137355293696,14.77073159031135 
 03/03  20:00:00,15.92983858429526,14.087384168607258 
 03/03  21:00:00,15.363342002826757,13.59460350275117 
 03/03  22:00:00,15.066467445824224,13.32901953987268 
 03/03  23:00:00,14.680361249531066,12.944009015816662 
 03/03  24:00:00,14.412292785412692,12.627680555928734 
 03/04  01:00:00,14.230097337371659,12.37113696441809 
 03/04  02:00:00,14.029125879107552,12.080722125652262 
 03/04  03:00:00,13.822619153683159,11.789706805064754 
 03/04  04:00:00,13.595367674358706,11.431502489811335 
 03/04  05:00:00,13.374738978991756,11.105228426742564 
 03/04  06:00:00,13.062363136396164,10.657111470792149 
 03/04  07:00:00,12.983181868106902,10.440946491463084 
 03/04  08:00:00,13.132925524345352,10.44861528656777 
 03/04  09:00:00,14.359292708772273,11.62783372732649 
 03/04  10:00:00,16.04779459231193,13.259787334648518 
 03/04  11:00:00,17.300227523181268,14.395205660657619 
 03/04  12:00:00,17.768599559171095,14.895587979937489 
 03/04  13:00:00,18.548005156729635,15.68104555389617 
 03/04  14:00:00,19.009896814333059,16.31730620118956 
 03/04  15:00:00,19.663381306126003,17.162880281168179 
 03/04  16:00:00,20.263481318857047,18.077289316550347 
 03/04  17:00:00,20.12399377497421,18.207135567715676 
 03/04  18:00:00,18.725172285753147,17.03204456783233 
 03/04  19:00:00,17.38609269144769,15.924807886193792 
 03/04  20:00:00,16.849613026716275,15.499027283360391 
 03/04  21:00:00,15.828927086640132,14.622331263636458 
 03/04  22:00:00,15.759412691880558,14.560698631065418 
 03/04  23:00:00,15.829567476088473,14.608257618617701 
 03/04  24:00:00,15.253780720426154,14.066401970569416 
 03/05  01:00:00,15.367853792247406,14.075001522969025 
 03/05  02:00:00,15.524491063162446,14.147963397869367 
 03/05  03:00:00,15.100340316140678,13.746187012746102 
 03/05  04:00:00,15.15069195347656,13.681902687518388 
 03/05  05:00:00,15.165829488313474,13.537180132679694 
 03/05  06:00:00,14.655851081574494,13.04275671375098 
 03/05  07:00:00,14.69358457063814,12.935012125415716 
 03/05  08:00:00,14.824648738407097,12.899613144513529 
 03/05  09:00:00,14.970575961035245,12.942278354827073 
 03/05  10:00:00,16.20395433715131,14.181431314822799 
 03/05  11:00:00,17.53093427799638,15.490678774616083 
 03/05  12:00:00,18.238598970835939,16.241179751627884 
 03/05  13:00:00,19.270925679580878,17.27824270642986 
 03/05  14:00:00,19.72192824581852,17.895152660123274 
 03/05  15:00:00,20.593956241486475,18.951329203487476 
 03/05  16:00:00,21.42632678097591,20.05953626959397 
 03/05  17:00:00,21.252085325542187,20.12281914080311 
 03/05  18:00:00,20.34460202989895,19.449858681263366 
 03/05  19:00:00,18.972972112506878,18.292611982162286 
 03/05  20:00:00,18.213006898491803,17.704605955313096 
 03/05  21:00:00,17.61005290949207,17.220609026462634 
 03/05  22:00:00,17.33426737293687,17.00479272490884 
 03/05  23:00:00,16.91932921116728,16.62748478084516 
 03/05  24:00:00,16.616842039236347,16.290709779456244 
 03/06  01:00:00,16.344406493865269,15.95509148568463 
 03/06  02:00:00,16.07670139898551,15.601788209566252 
 03/06  03:00:00,15.673371583649305,15.099137501325537 
 03/06  04:00:00,15.489501930514472,14.796362400700998 
 03/06  05:00:00,15.266654841653637,14.452542902780208 
 03/06  06:00:00,14.995478600206337,14.05564916238717 
 03/06  07:00:00,14.861984423161447,13.796696432991203 
 03/06  08:00:00,14.897690368789263,13.71171828251549 
 03/06  09:00:00,16.17135550356224,14.940568440777789 
 03/06  10:00:00,17.399151936004495,16.157855047112109 
 03/06  11:00:00,18.897224301203445,17.585543831251586 
 03/06  12:00:00,19.288392956360377,18.055708025147795 
 03/06  13:00:00,20.24223360129752,18.95081885932305 
 03/06  14:00:00,20.794624733490207,19.60695062818193 
 03/06  15:00:00,21.5719345791216,20.583474475907026 
 03/06  16:00:00,22.393709508203185,21.555596167026097 
 03/06  17:00:00,22.271939984804186,21.667395900492254 
 03/06  18:00:00,21.13490311804349,20.77585747632391 
 03/06  19:00:00,19.629954595353664,19.47171700257531 
 03/06  20:00:00,18.75810516293684,18.743613735851367 
 03/06  21:00:00,18.139601418677449,18.21479626105554 
 03/06  22:00:00,17.805125336381367,17.911048172171158 
 03/06  23:00:00,17.357304625627959,17.46774956072288 
 03/06  24:00:00,17.017913116413799,17.068561030767975 
 03/07  01:00:00,16.778375038321934,16.737539707677038 
 03/07  02:00:00,16.499523495128189,16.347493078091405 
 03/07  03:00:00,16.12791272951626,15.850422508109359 
 03/07  04:00:00,15.94706249818662,15.529446701915635 
 03/07  05:00:00,15.750098335392338,15.194874918271513 
 03/07  06:00:00,15.43457749416379,14.734999206602094 
 03/07  07:00:00,15.37671147863507,14.52864075265851 
 03/07  08:00:00,15.57827401343823,14.602625726095834 
 03/07  09:00:00,16.823052109178879,15.795187430020587 
 03/07  10:00:00,18.553990077340214,17.474588973321759 
 03/07  11:00:00,19.77934784822172,18.632104445424106 
 03/07  12:00:00,20.259495967995514,19.155798604429977 
 03/07  13:00:00,21.04402648687338,19.842754108474403 
 03/07  14:00:00,21.184016776378735,20.181827604060687 
 03/07  15:00:00,21.92170783000305,21.06693626229262 
 03/07  16:00:00,22.56872862581659,21.891330715246047 
 03/07  17:00:00,22.2923173599286,21.879240979372104 
 03/07  18:00:00,21.152664214455315,20.910944583838366 
 03/07  19:00:00,19.697464882159829,19.578243138866634 
 03/07  20:00:00,18.87936364734903,18.856672306532329 
 03/07  21:00:00,18.418947208758106,18.442254287210337 
 03/07  22:00:00,17.911572481935694,17.961034549912019 
 03/07  23:00:00,17.68304858705499,17.69395710099148 
 03/07  24:00:00,17.457119523690545,17.406582220116669 
 03/08  01:00:00,17.210421201191275,17.074802711438353 
 03/08  02:00:00,16.902014320665275,16.64522712278783 
 03/08  03:00:00,16.480345755731628,16.107513452273538 
 03/08  04:00:00,16.320479073782886,15.811214704527388 
 03/08  05:00:00,16.0847352796197,15.451709184921882 
 03/08  06:00:00,15.625495569324134,14.858882527275512 
 03/08  07:00:00,15.53282193214245,14.62507232701603 
 03/08  08:00:00,15.584543042887182,14.562523581877507 
 03/08  09:00:00,16.818790621058605,15.741464012730228 
 03/08  10:00:00,18.34296146594386,17.218030030157715 
 03/08  11:00:00,19.58895822670925,18.3956659504792 
 03/08  12:00:00,19.99407617033481,18.83909063867297 
 03/08  13:00:00,20.786748158652288,19.575254619513126 
 03/08  14:00:00,21.255208384924317,20.160465239317206 
 03/08  15:00:00,21.35444939480483,20.38133467754826 
 03/08  16:00:00,22.108494693992193,21.41213913560439 
 03/08  17:00:00,22.01586635738402,21.543144471137354 
 03/08  18:00:00,20.622944586031247,20.29527117359714 
 03/08  19:00:00,19.284092274198469,19.117729129515945 
 03/08  20:00:00,18.796977097309509,18.73170182677181 
 03/08  21:00:00,18.53571598069376,18.53821495172829 
 03/08  22:00:00,18.02808690184026,18.086597416990324 
 03/08  23:00:00,17.7721989041982,17.809402010575618 
 03/08  24:00:00,17.64939574709248,17.634430886422405 
 03/09  01:00:00,17.382406188625745,17.301871397583306 
 03/09  02:00:00,17.1282339413754,16.948505922085958 
 03/09  03:00:00,15.956905240189917,15.689646077480083 
 03/09  04:00:00,16.54271338299902,16.146626389310005 
 03/09  05:00:00,16.643792371869244,16.137890900875836 
 03/09  06:00:00,15.39710889702036,14.813736508122885 
 03/09  07:00:00,16.06496458820542,15.288382026892807 
 03/09  08:00:00,16.517301867762954,15.568963984234406 
 03/09  09:00:00,17.237535980332443,16.176896463752209 
 03/09  10:00:00,19.004106025986599,17.88557884755929 
 03/09  11:00:00,20.681144498787007,19.34528550178365 
 03/09  12:00:00,20.90984976753782,19.310537448750748 
 03/09  13:00:00,21.503087342024679,20.12496252251768 
 03/09  14:00:00,22.250059696506573,21.004625103179298 
 03/09  15:00:00,21.645092839525835,20.410504767634835 
 03/09  16:00:00,22.539630695037397,21.80557109947014 
 03/09  17:00:00,22.861062294401447,22.319411461780743 
 03/09  18:00:00,22.09095416382023,21.78079560646856 
 03/09  19:00:00,20.67210403010373,20.59483434170728 
 03/09  20:00:00,19.86766050552875,19.994611263140418 
 03/09  21:00:00,19.3444592824528,19.606694610641509 
 03/09  22:00:00,18.9797817242875,19.3125930354963 
 03/09  23:00:00,18.547103079572673,18.9410514099693 
 03/09  24:00:00,18.362184196741084,18.743889296786244 
 03/10  01:00:00,18.1335593040768,18.454121797172524 
 03/10  02:00:00,17.921672393178555,18.17649827890174 
 03/10  03:00:00,17.71401417425425,17.880073276476403 
 03/10  04:00:00,17.52466640594692,17.590892834960067 
 03/10  05:00:00,17.34984745534577,17.316140830507185 
 03/10  06:00:00,17.195482769429025,17.05983816246192 
 03/10  07:00:00,17.122146375223893,16.885284483698528 
 03/10  08:00:00,17.325744833091944,17.005085745431033 
 03/10  09:00:00,17.757275201335529,17.361889261350158 
 03/10  10:00:00,19.395403146288,18.970292487978275 
 03/10  11:00:00,21.099384330434174,20.529240042058384 
 03/10  12:00:00,21.456807195683134,20.89957982399543 
 03/10  13:00:00,22.22430413407809,21.636657983003475 
 03/10  14:00:00,22.477223769822353,22.084773002308255 
 03/10  15:00:00,23.04095322120147,22.786925255254816 
 03/10  16:00:00,23.65799934921317,23.591974724861556 
 03/10  17:00:00,23.106856115636896,23.234556873321837 
 03/10  18:00:00,20.73698802380508,21.074265003068569 
 03/10  19:00:00,20.23453757774536,20.7072486797489 
 03/10  20:00:00,19.78858409768795,20.328519043081859 
 03/10  21:00:00,18.877213332274626,19.458151722599696 
 03/10  22:00:00,18.73630298937051,19.30633758206397 
 03/10  23:00:00,18.633215250123713,19.13546361797804 
 03/10  24:00:00,17.924985488399807,18.34441762224464 
 03/11  01:00:00,17.943276303991344,18.250096476998349 
 03/11  02:00:00,17.96338493193376,18.148648557457589 
 03/11  03:00:00,17.31282573680273,17.406407448206804 
 03/11  04:00:00,17.381080878764729,17.3307924699957 
 03/11  05:00:00,17.431503926759075,17.25699938231175 
 03/11  06:00:00,16.794737895027038,16.551749994668034 
 03/11  07:00:00,16.870036383804153,16.47437223074758 
 03/11  08:00:00,17.014636618450895,16.455020653859458 
 03/11  09:00:00,17.14716725816599,16.455615923633006 
 03/11  10:00:00,18.090329277345263,17.367738815079187 
 03/11  11:00:00,19.176982316203028,18.423018101877003 
 03/11  12:00:00,19.105477480080663,18.2226862532862 
 03/11  13:00:00,20.014075808303614,19.231644916630878 
 03/11  14:00:00,20.853714302488414,20.147319282653059 
 03/11  15:00:00,20.188901890076516,19.48488250096714 
 03/11  16:00:00,21.225714849061768,20.752381746111167 
 03/11  17:00:00,21.33330618776519,21.050733743033594 
 03/11  18:00:00,19.91925218765765,19.67511223533053 
 03/11  19:00:00,18.5554016009521,18.376809610839915 
 03/11  20:00:00,17.962985464804569,17.825022535428184 
 03/11  21:00:00,17.569922708762385,17.43311473274005 
 03/11  22:00:00,16.971004698903067,16.819060135742338 
 03/11  23:00:00,16.60329691732453,16.38306258167583 
 03/11  24:00:00,16.25161802715067,15.9174986906493 
 03/12  01:00:00,15.831730203070336,15.376499799635667 
 03/12  02:00:00,15.429724036832799,14.829618120933798 
 03/12  03:00:00,15.196764153016393,14.430516493443309 
 03/12  04:00:00,14.752275417031257,13.825253249348913 
 03/12  05:00:00,14.339078225782048,13.230462011776237 
 03/12  06:00:00,14.064270908441074,12.768303651748476 
 03/12  07:00:00,13.728315478080118,12.256809889421 
 03/12  08:00:00,13.914518199177192,12.274405055778879 
 03/12  09:00:00,15.157173422893387,13.413006047911008 
 03/12  10:00:00,16.505997815992808,14.688552927373675 
 03/12  11:00:00,17.517673912957976,15.594655488948565 
 03/12  12:00:00,17.783609171222229,15.769532610705199 
 03/12  13:00:00,18.076601960582946,16.008311844600976 
 03/12  14:00:00,18.262977092384636,16.21613481026757 
 03/12  15:00:00,18.592404788533036,16.601081552815715 
 03/12  16:00:00,19.090445358513688,17.192558419968 
 03/12  17:00:00,18.870674884475478,17.071706695192075 
 03/12  18:00:00,17.668017488813104,15.902070867023238 
 03/12  19:00:00,16.181370858638528,14.383683724024323 
 03/12  20:00:00,15.339477654585734,13.497080073530658 
 03/12  21:00:00,14.813305480961663,12.914113323944056 
 03/12  22:00:00,14.413567935212218,12.442160019985759 
 03/12  23:00:00,13.988071587876844,11.895140457125601 
 03/12  24:00:00,13.718967258771884,11.51674472212733 
 03/13  01:00:00,13.454555955462782,11.102116336897178 
 03/13  02:00:00,13.213834947462687,10.676847366441532 
 03/13  03:00:00,12.999125529440473,10.268388452205738 
 03/13  04:00:00,12.797246324084068,9.872764045337192 
 03/13  05:00:00,12.617729360003619,9.496047412808473 
 03/13  06:00:00,12.443711235552167,9.127888576390387 
 03/13  07:00:00,12.278667973979849,8.778250304559915 
 03/13  08:00:00,13.085679209932846,9.447614026175735 
 03/13  09:00:00,13.15659299900336,9.329316030192953 
 03/13  10:00:00,14.844767421933126,10.972136330289417 
 03/13  11:00:00,16.51693701836725,12.473265330380722 
 03/13  12:00:00,16.698788504846893,12.699329979555582 
 03/13  13:00:00,17.330441479306815,13.335159429448109 
 03/13  14:00:00,17.667204976409289,13.852477732489664 
 03/13  15:00:00,17.74286052428237,14.091715954103704 
 03/13  16:00:00,18.475145349000827,15.099517483476593 
 03/13  17:00:00,18.41906604023524,15.299081147389007 
 03/13  18:00:00,17.6522460320611,14.73044849903432 
 03/13  19:00:00,16.15991673234033,13.43435265568715 
 03/13  20:00:00,15.349553254733778,12.756791868594501 
 03/13  21:00:00,14.801934606314723,12.284683057745229 
 03/13  22:00:00,14.395534688778167,11.900209110995882 
 03/13  23:00:00,13.930651942718268,11.41750677005636 
 03/13  24:00:00,13.698418687822479,11.134455136697114 
 03/14  01:00:00,13.411673940572765,10.79336214458687 
 03/14  02:00:00,13.178319899129715,10.468480107575282 
 03/14  03:00:00,12.912326093907133,10.094402177581023 
 03/14  04:00:00,12.70359023567763,9.76205841614917 
 03/14  05:00:00,12.475205125061449,9.39768278701564 
 03/14  06:00:00,12.228481507564217,9.01691095723687 
 03/14  07:00:00,12.104054917543709,8.751478472945479 
 03/14  08:00:00,12.679019253871033,9.218372920295853 
 03/14  09:00:00,13.939586154309345,10.426906358132515 
 03/14  10:00:00,15.53863105071776,11.959814527796702 
 03/14  11:00:00,16.745610089859484,13.040619852541994 
 03/14  12:00:00,17.06197435638066,13.431976019243287 
 03/14  13:00:00,17.696000497416738,14.108110016442272 
 03/14  14:00:00,18.164461947227808,14.726595009882724 
 03/14  15:00:00,18.87200935383505,15.630199795034568 
 03/14  16:00:00,19.379142828844765,16.414107655090473 
 03/14  17:00:00,19.336471687476246,16.66839954922787 
 03/14  18:00:00,18.381878971131387,15.97397925731229 
 03/14  19:00:00,16.960007103542539,14.722104442330327 
 03/14  20:00:00,16.191867430692175,14.07086680641098 
 03/14  21:00:00,15.618078630439955,13.579715068789149 
 03/14  22:00:00,15.369442819844167,13.371141427254644 
 03/14  23:00:00,15.075324556873948,13.096273729352794 
 03/14  24:00:00,14.784269620650388,12.788082317238145 
 03/15  01:00:00,14.610725456378896,12.561857956845726 
 03/15  02:00:00,14.439660924289388,12.338104069124297 
 03/15  03:00:00,14.189341334901468,12.011493005655016 
 03/15  04:00:00,13.993624973888649,11.716585075007702 
 03/15  05:00:00,13.805968321811339,11.432090115473148 
 03/15  06:00:00,13.430022972625722,10.941507561315499 
 03/15  07:00:00,13.394452557326826,10.791068804123729 
 03/15  08:00:00,13.831236472269156,11.131920767275404 
 03/15  09:00:00,15.129779790831336,12.413811368660666 
 03/15  10:00:00,16.848727310869646,14.067309442467718 
 03/15  11:00:00,18.08551649921549,15.210307387874856 
 03/15  12:00:00,18.63249370319744,15.847335698073714 
 03/15  13:00:00,19.401571170305858,16.67290525268739 
 03/15  14:00:00,19.86924812978726,17.33736519797292 
 03/15  15:00:00,20.60052029194908,18.292785073752819 
 03/15  16:00:00,21.247916937373238,19.258187074528015 
 03/15  17:00:00,21.055519901283465,19.39234193105862 
 03/15  18:00:00,19.4242982688918,17.956888566905623 
 03/15  19:00:00,18.277556446820769,17.027498053404157 
 03/15  20:00:00,17.67737532285919,16.59275763317994 
 03/15  21:00:00,17.405873723188166,16.43647583871089 
 03/15  22:00:00,16.900737377047663,16.03696181629063 
 03/15  23:00:00,16.611484439577585,15.770948299131485 
 03/15  24:00:00,16.526785022990457,15.662472259150864 
 03/16  01:00:00,16.269330596124985,15.366563824516926 
 03/16  02:00:00,16.023142731229606,15.0674723764555 
 03/16  03:00:00,15.844637343268662,14.809253223823563 
 03/16  04:00:00,15.644876557090204,14.542366372168406 
 03/16  05:00:00,15.395554652484034,14.184129269608864 
 03/16  06:00:00,14.73105707366147,13.513518033495905 
 03/16  07:00:00,14.830405653563903,13.454086809620707 
 03/16  08:00:00,15.007708376143557,13.513991542927837 
 03/16  09:00:00,14.574739782930135,13.115385944538183 
 03/16  10:00:00,15.775863222896592,14.159196537242284 
 03/16  11:00:00,16.656074291552778,14.975816138581854 
 03/16  12:00:00,15.84024531073226,14.24114308828367 
 03/16  13:00:00,16.951112052532605,15.241659424069383 
 03/16  14:00:00,17.497370532441186,15.742231940646587 
 03/16  15:00:00,16.370378399180816,14.757216082667693 
 03/16  16:00:00,17.060791515646863,15.378313470658715 
 03/16  17:00:00,17.256131655275998,15.550275312171399 
 03/16  18:00:00,15.870076782118357,14.31106831124596 
 03/16  19:00:00,15.788858521265059,14.122298237145707 
 03/16  20:00:00,15.563096860034288,13.83934735246805 
 03/16  21:00:00,14.76124467935392,13.134608358044457 
 03/16  22:00:00,14.794219144646445,13.043106541946625 
 03/16  23:00:00,14.831003067420213,12.957756236419867 
 03/16  24:00:00,14.16121206698001,12.350402294688792 
 03/17  01:00:00,14.315339109415668,12.383553021994253 
 03/17  02:00:00,14.445234687557927,12.310556980805485 
 03/17  03:00:00,13.868018615402847,11.792380535942194 
 03/17  04:00:00,13.948989504724107,11.703168673575478 
 03/17  05:00:00,14.04070912017324,11.604320055504657 
 03/17  06:00:00,13.509540865063734,11.160440872726058 
 03/17  07:00:00,13.631699895990474,11.112726485919096 
 03/17  08:00:00,13.934346853275937,11.254813799443813 
 03/17  09:00:00,14.23134694006262,11.431225216530328 
 03/17  10:00:00,15.771117147775343,12.984752376179508 
 03/17  11:00:00,17.298281372863117,14.493691689102392 
 03/17  12:00:00,18.09067872059968,15.363573900642154 
 03/17  13:00:00,19.1050774563246,16.452655138298238 
 03/17  14:00:00,19.72363613686437,17.315768022785865 
 03/17  15:00:00,20.58374839406476,18.45475226136624 
 03/17  16:00:00,21.299693501824753,19.55892800333492 
 03/17  17:00:00,21.280069112123458,19.885442159107755 
 03/17  18:00:00,20.445188558298648,19.321567317348664 
 03/17  19:00:00,19.17023006482882,18.214728224325218 
 03/17  20:00:00,18.387605718520036,17.685581192619649 
 03/17  21:00:00,18.022859857465244,17.486244096522698 
 03/17  22:00:00,17.466925196066876,17.115483587526886 
 03/17  23:00:00,17.209521607624894,16.935499461854545 
 03/17  24:00:00,17.135104996378915,16.87324057833477 
 03/18  01:00:00,16.955103597381976,16.677485449396838 
 03/18  02:00:00,16.744999103596613,16.427822467915978 
 03/18  03:00:00,16.70679138127525,16.329249227087364 
 03/18  04:00:00,16.519965794037895,16.07630150917892 
 03/18  05:00:00,16.33930841121719,15.820270956828788 
 03/18  06:00:00,16.33983187466521,15.73656292698564 
 03/18  07:00:00,16.206986522772128,15.52884612420463 
 03/18  08:00:00,16.658692810686028,15.914632162252481 
 03/18  09:00:00,17.902472028330128,17.163641685368078 
 03/18  10:00:00,19.423498860833818,18.706333948214558 
 03/18  11:00:00,20.477278065288475,19.738433452475918 
 03/18  12:00:00,20.81886454962614,20.091904767755105 
 03/18  13:00:00,21.408937697954238,20.775260001976748 
 03/18  14:00:00,21.727669603435154,21.23463344332292 
 03/18  15:00:00,22.211406598499054,21.914098975906059 
 03/18  16:00:00,22.96526633220277,22.82216842152073 
 03/18  17:00:00,22.983342231961829,23.028449549644784 
 03/18  18:00:00,22.077831063900147,22.313480751112964 
 03/18  19:00:00,20.437523532525775,20.833226321583813 
 03/18  20:00:00,19.41128802842246,19.905032307592827 
 03/18  21:00:00,18.673760289023418,19.21632615858345 
 03/18  22:00:00,18.25716959279991,18.790638924385527 
 03/18  23:00:00,17.716888755464333,18.213689766127286 
 03/18  24:00:00,17.400612735319318,17.80417845195138 
 03/19  01:00:00,17.095861948770449,17.377964895060687 
 03/19  02:00:00,16.796555382730206,16.93667379736972 
 03/19  03:00:00,16.512015411045029,16.498051697716194 
 03/19  04:00:00,16.252213222628,16.073585729204088 
 03/19  05:00:00,16.001081234725246,15.652194992473135 
 03/19  06:00:00,15.751487397239182,15.231293518549526 
 03/19  07:00:00,15.569498002029139,14.875075655020506 
 03/19  08:00:00,16.178796960498958,15.344424634381998 
 03/19  09:00:00,17.402838513794266,16.511360336316995 
 03/19  10:00:00,19.011671482735644,18.034177524924897 
 03/19  11:00:00,20.192520028281487,19.10793942470481 
 03/19  12:00:00,20.45489589153202,19.4147279538655 
 03/19  13:00:00,21.191654814060578,20.062112308742507 
 03/19  14:00:00,21.50998288443163,20.49119964856716 
 03/19  15:00:00,22.178470803205657,21.32734163283594 
 03/19  16:00:00,22.836092361967454,22.150312823294429 
 03/19  17:00:00,22.730826232033409,22.275497478355957 
 03/19  18:00:00,21.759701947769707,21.492437265621189 
 03/19  19:00:00,20.178596223795414,20.009741669160506 
 03/19  20:00:00,19.255898830490378,19.171394133845785 
 03/19  21:00:00,18.61235107000814,18.571533525009309 
 03/19  22:00:00,18.249508044420556,18.214065703071257 
 03/19  23:00:00,17.76743223064758,17.705290270732328 
 03/19  24:00:00,17.421473683695426,17.285339059040746 
 03/20  01:00:00,17.153793139814839,16.917863707604768 
 03/20  02:00:00,16.88147350389984,16.533291148572827 
 03/20  03:00:00,16.537116043013947,16.062150224182159 
 03/20  04:00:00,16.30302707555136,15.691590874429297 
 03/20  05:00:00,16.066581817028735,15.32020130336862 
 03/20  06:00:00,15.739544843010645,14.853293239334392 
 03/20  07:00:00,15.668489071359554,14.656412441319297 
 03/20  08:00:00,16.412154699208654,15.254083995242582 
 03/20  09:00:00,17.201172172687778,15.890620602083605 
 03/20  10:00:00,18.804609967021464,17.454099439414234 
 03/20  11:00:00,20.31284053522691,18.80734767890275 
 03/20  12:00:00,19.36143022649809,17.84084774788667 
 03/20  13:00:00,20.130092616421167,18.783731221463229 
 03/20  14:00:00,20.81990230187177,19.595984431780619 
 03/20  15:00:00,20.146112545834077,18.95750016762318 
 03/20  16:00:00,21.214578550730474,20.30384941384763 
 03/20  17:00:00,21.40094950598772,20.695267587497875 
 03/20  18:00:00,20.032492553906658,19.424909179413527 
 03/20  19:00:00,18.86638594853838,18.379594544889089 
 03/20  20:00:00,18.41781771518673,17.998440467044593 
 03/20  21:00:00,18.174945703034369,17.81112177237597 
 03/20  22:00:00,17.781554854103807,17.43832565969072 
 03/20  23:00:00,17.434216090916814,17.080694181114827 
 03/20  24:00:00,17.35325392356401,16.962611783135288 
 03/21  01:00:00,17.052991844117888,16.601165002694164 
 03/21  02:00:00,16.73125271399536,16.180057285664515 
 03/21  03:00:00,16.450534582465417,15.811176265215212 
 03/21  04:00:00,16.237965938487635,15.49560069730864 
 03/21  05:00:00,16.018293787776263,15.171149867275134 
 03/21  06:00:00,15.725607455068232,14.7689402399906 
 03/21  07:00:00,15.710690697087225,14.645045874653956 
 03/21  08:00:00,16.536784850930585,15.359898420568755 
 03/21  09:00:00,17.942155144881057,16.728345052831707 
 03/21  10:00:00,19.695615210513,18.39241656132712 
 03/21  11:00:00,20.880730107826417,19.503887443409064 
 03/21  12:00:00,21.52896520956942,20.12468924114531 
 03/21  13:00:00,22.384905949773754,20.95485617051419 
 03/21  14:00:00,22.85815841579658,21.646639325310099 
 03/21  15:00:00,23.601118968494928,22.682503558292717 
 03/21  16:00:00,24.345366390652459,23.780363292448827 
 03/21  17:00:00,24.164304824617369,23.90842765181972 
 03/21  18:00:00,23.229214254310944,23.22845734193924 
 03/21  19:00:00,21.649349570845766,21.964367413219269 
 03/21  20:00:00,20.635372832442714,21.220030938406248 
 03/21  21:00:00,20.07612463839697,20.832343652643237 
 03/21  22:00:00,19.624227129569847,20.457698323452705 
 03/21  23:00:00,19.106806080688167,20.007652101414935 
 03/21  24:00:00,18.885950610602337,19.76058322197161 
 03/22  01:00:00,18.64214796681815,19.43764478017949 
 03/22  02:00:00,18.342503194979885,19.040363511112206 
 03/22  03:00:00,18.16375405472205,18.75079302218213 
 03/22  04:00:00,17.97979380141318,18.465216921656276 
 03/22  05:00:00,17.752911233898133,18.096522282924974 
 03/22  06:00:00,17.671918572226166,17.87821904923551 
 03/22  07:00:00,17.558082769141305,17.644773687664637 
 03/22  08:00:00,18.251468241877057,18.261202161812418 
 03/22  09:00:00,19.012234856085365,18.92629827005836 
 03/22  10:00:00,20.421807018827097,20.298350880653094 
 03/22  11:00:00,21.886271847980149,21.578833078635474 
 03/22  12:00:00,22.014598051079628,21.696264971428115 
 03/22  13:00:00,22.568090666784067,22.290324436705775 
 03/22  14:00:00,22.86816339331812,22.811838902776939 
 03/22  15:00:00,23.099841321546966,23.219956219846929 
 03/22  16:00:00,23.519835976801539,23.87791242317344 
 03/22  17:00:00,23.562943561808728,24.08034337480305 
 03/22  18:00:00,22.174981205960277,22.85790008663831 
 03/22  19:00:00,20.86060810141973,21.823126015783609 
 03/22  20:00:00,20.363959866405325,21.414958935649844 
 03/22  21:00:00,19.210629239196995,20.295762394293726 
 03/22  22:00:00,19.054096577751097,20.169364983574867 
 03/22  23:00:00,18.89309033834551,19.953591866160737 
 03/22  24:00:00,17.913992325297273,18.856047642835276 
 03/23  01:00:00,17.8672146440254,18.679124974710697 
 03/23  02:00:00,17.865213528824087,18.52822212506085 
 03/23  03:00:00,16.989275360988058,17.502364475216046 
 03/23  04:00:00,17.104997358900609,17.436960409192829 
 03/23  05:00:00,17.20467780560679,17.352407846497216 
 03/23  06:00:00,16.309343826346223,16.320648308080526 
 03/23  07:00:00,16.46128723403994,16.273418242387117 
 03/23  08:00:00,17.3021721184925,16.995967395806554 
 03/23  09:00:00,18.36975208241563,17.989461463438844 
 03/23  10:00:00,19.73846147201502,19.256043669257616 
 03/23  11:00:00,20.656224693793044,20.081017498231419 
 03/23  12:00:00,20.895559828655608,20.385941427589594 
 03/23  13:00:00,21.62692999799429,21.008930839864044 
 03/23  14:00:00,21.937402135608786,21.441985580990357 
 03/23  15:00:00,22.625759402996154,22.30911138934666 
 03/23  16:00:00,23.075534470780146,22.95132292563105 
 03/23  17:00:00,23.030299334621707,23.130497113068487 
 03/23  18:00:00,22.32681421634005,22.61288264681057 
 03/23  19:00:00,20.665980550693967,21.123567138578726 
 03/23  20:00:00,19.65662366687896,20.226853450958474 
 03/23  21:00:00,18.956591874548079,19.58697841241615 
 03/23  22:00:00,18.53599837011925,19.1650028498318 
 03/23  23:00:00,18.02605782195979,18.61767862737262 
 03/23  24:00:00,17.73041309533418,18.224263798090296 
 03/24  01:00:00,17.436102264857149,17.80289440764328 
 03/24  02:00:00,17.15083789652799,17.368499135902686 
 03/24  03:00:00,16.88838877198726,16.94551447091803 
 03/24  04:00:00,16.627635193722356,16.516536013858447 
 03/24  05:00:00,16.406847061121014,16.12464364620171 
 03/24  06:00:00,16.147521735606579,15.695610608575138 
 03/24  07:00:00,16.03055168593933,15.415217716757369 
 03/24  08:00:00,16.8805035642242,16.139308027763616 
 03/24  09:00:00,18.109719539911177,17.273213410812063 
 03/24  10:00:00,19.588389344057803,18.601635025403419 
 03/24  11:00:00,20.521857439068204,19.463378089387136 
 03/24  12:00:00,20.742135994829199,19.770017614498838 
 03/24  13:00:00,21.451036825500027,20.405935256791208 
 03/24  14:00:00,21.760391875969284,20.88197992739195 
 03/24  15:00:00,22.42989480332853,21.776449193673355 
 03/24  16:00:00,22.91385115328018,22.493740048506937 
 03/24  17:00:00,22.916937805061346,22.7738891624918 
 03/24  18:00:00,22.237830222916956,22.28485246278215 
 03/24  19:00:00,20.629104871160206,20.86623625160498 
 03/24  20:00:00,19.690701539551378,20.06645748060867 
 03/24  21:00:00,19.059471962621374,19.517329890743996 
 03/24  22:00:00,18.66704459141011,19.148197618418899 
 03/24  23:00:00,18.207856689229624,18.685327508856156 
 03/24  24:00:00,17.983027730055324,18.387249057421675 
 03/25  01:00:00,17.688002052779227,17.989927570820116 
 03/25  02:00:00,17.404324843463614,17.582168074167258 
 03/25  03:00:00,17.197894061186355,17.236165409148979 
 03/25  04:00:00,16.951678978802506,16.850536047232475 
 03/25  05:00:00,16.734566975058635,16.488118168337196 
 03/25  06:00:00,16.550743909446337,16.160029288066896 
 03/25  07:00:00,16.55172454375886,16.03048628605207 
 03/25  08:00:00,17.458681479702748,16.818132598637339 
 03/25  09:00:00,18.79249122109999,18.059463245895519 
 03/25  10:00:00,20.30880342186139,19.410512949198219 
 03/25  11:00:00,21.170794217769257,20.22707323946649 
 03/25  12:00:00,21.413825149443718,20.524691789523084 
 03/25  13:00:00,22.105844822661039,21.18362966418971 
 03/25  14:00:00,22.45129628682036,21.68693518297848 
 03/25  15:00:00,23.092330523924106,22.54588320964057 
 03/25  16:00:00,23.56392034259538,23.230149963021526 
 03/25  17:00:00,23.5163387549953,23.44238175362436 
 03/25  18:00:00,22.273095083886749,22.346602396732327 
 03/25  19:00:00,20.92879190949307,21.20346320609844 
 03/25  20:00:00,20.106512832524229,20.5039641362523 
 03/25  21:00:00,18.856483657911313,19.357298472146288 
 03/25  22:00:00,18.709081209130816,19.228827156930018 
 03/25  23:00:00,18.651226743901398,19.12154908702178 
 03/25  24:00:00,17.758926305147456,18.161479347366279 
 03/26  01:00:00,17.677394118912308,17.97082527803593 
 03/26  02:00:00,17.52014281941046,17.68522420069114 
 03/26  03:00:00,15.945606600638208,15.98351865191417 
 03/26  04:00:00,16.59341296626139,16.46491296609752 
 03/26  05:00:00,16.625329749748379,16.332147281412195 
 03/26  06:00:00,15.020889189467793,14.562361876183353 
 03/26  07:00:00,15.802663852925936,15.141691459466062 
 03/26  08:00:00,16.689980076166635,15.908587931373486 
 03/26  09:00:00,17.98234135712077,17.0741272606188 
 03/26  10:00:00,19.46986231773659,18.38597702245592 
 03/26  11:00:00,20.431286080895214,19.25410246745365 
 03/26  12:00:00,20.68110202747339,19.560614444416005 
 03/26  13:00:00,21.411364731911186,20.209840904518317 
 03/26  14:00:00,21.713825202336957,20.673328336575275 
 03/26  15:00:00,22.353931138648627,21.519781503184217 
 03/26  16:00:00,22.81872822695416,22.232449110588229 
 03/26  17:00:00,22.773759996834355,22.4875268130845 
 03/26  18:00:00,21.951873365540533,21.85001084333119 
 03/26  19:00:00,20.423562891845078,20.521026869684929 
 03/26  20:00:00,19.546546754226058,19.79148775104099 
 03/26  21:00:00,19.156616603166918,19.47450538456517 
 03/26  22:00:00,18.461601235518488,18.853357654657889 
 03/26  23:00:00,18.116922312019683,18.48687478230746 
 03/26  24:00:00,17.83763901707421,18.14831130532196 
 03/27  01:00:00,17.576861779161523,17.7984956809362 
 03/27  02:00:00,17.35105077982258,17.459303705599269 
 03/27  03:00:00,17.13247377362593,17.114466390219634 
 03/27  04:00:00,16.912166387555936,16.75718538137192 
 03/27  05:00:00,16.666340375679526,16.368970079481004 
 03/27  06:00:00,16.3988847681414,15.955506982898042 
 03/27  07:00:00,16.324718160891054,15.738762207050078 
 03/27  08:00:00,17.224014568067994,16.53956099671859 
 03/27  09:00:00,18.47061541357195,17.713440523903566 
 03/27  10:00:00,19.89730798801872,19.01080617573952 
 03/27  11:00:00,20.700704860786418,19.780532146856524 
 03/27  12:00:00,20.871996373572125,20.03055236344082 
 03/27  13:00:00,21.42492337964137,20.565018344003698 
 03/27  14:00:00,21.66307247058012,20.98732921571856 
 03/27  15:00:00,22.322818041619436,21.842432000826315 
 03/27  16:00:00,22.812909423366827,22.575329255481635 
 03/27  17:00:00,22.80684300887458,22.775523472390764 
 03/27  18:00:00,21.66839254953089,21.820466421968715 
 03/27  19:00:00,20.25450570027651,20.57419101365675 
 03/27  20:00:00,19.43925325062132,19.886369967064814 
 03/27  21:00:00,18.9656225208537,19.46721488615048 
 03/27  22:00:00,18.404466849984403,18.9486995860486 
 03/27  23:00:00,18.140765849604287,18.64566871283249 
 03/27  24:00:00,17.924796921610377,18.350706909084289 
 03/28  01:00:00,17.68623465012176,18.02188553733377 
 03/28  02:00:00,17.413142158090034,17.619179064709049 
 03/28  03:00:00,17.259995771718154,17.32922582798598 
 03/28  04:00:00,16.93500085151736,16.889456423286356 
 03/28  05:00:00,16.555738329127924,16.343005466839324 
 03/28  06:00:00,16.237635228264894,15.876907276620749 
 03/28  07:00:00,15.978352635356649,15.465454209524598 
 03/28  08:00:00,16.58122327935149,15.950941913691644 
 03/28  09:00:00,16.61622704545123,15.894867112676675 
 03/28  10:00:00,17.98613433601459,17.214927838017898 
 03/28  11:00:00,19.29315812471671,18.464074172794608 
 03/28  12:00:00,19.4918215264779,18.57775067802018 
 03/28  13:00:00,19.650244941035035,18.75395856280817 
 03/28  14:00:00,19.95152262526753,19.13783237840292 
 03/28  15:00:00,20.181420875324706,19.43652350779985 
 03/28  16:00:00,20.67941311474839,20.086501513904076 
 03/28  17:00:00,20.7994060701954,20.29194568375693 
 03/28  18:00:00,20.369101912978608,19.982031845820069 
 03/28  19:00:00,18.843868470483366,18.492719895579709 
 03/28  20:00:00,18.00546511162342,17.66565893403843 
 03/28  21:00:00,17.545267405563679,17.19929105611037 
 03/28  22:00:00,16.95144037528477,16.568211900856846 
 03/28  23:00:00,16.656949202169984,16.194541703603428 
 03/28  24:00:00,16.329939096688187,15.76104579293619 
 03/29  01:00:00,16.059359999283275,15.365778053317613 
 03/29  02:00:00,15.7977567879338,14.972045980959578 
 03/29  03:00:00,15.519997340926072,14.555068236494604 
 03/29  04:00:00,15.312878635744945,14.199667085787834 
 03/29  05:00:00,15.09732676850038,13.83161343960046 
 03/29  06:00:00,14.873282981407087,13.43939275389726 
 03/29  07:00:00,14.771664004310706,13.164234402849355 
 03/29  08:00:00,15.708952241957352,13.970162434803335 
 03/29  09:00:00,16.955554006230345,15.149689862415532 
 03/29  10:00:00,18.30625754178885,16.375607359462557 
 03/29  11:00:00,19.157795405608565,17.188721003933229 
 03/29  12:00:00,19.340246136572185,17.427265710893367 
 03/29  13:00:00,19.879527495019155,17.998380899533126 
 03/29  14:00:00,20.103985838481198,18.431262279150638 
 03/29  15:00:00,19.478348973890158,17.956922077540879 
 03/29  16:00:00,20.264830830333886,19.05178987554636 
 03/29  17:00:00,20.6632114159815,19.68187264102428 
 03/29  18:00:00,19.333078631260894,18.45842234373268 
 03/29  19:00:00,18.287454361757523,17.506322374172386 
 03/29  20:00:00,17.88613975977949,17.16742023122446 
 03/29  21:00:00,17.449532370585705,16.78071308804872 
 03/29  22:00:00,17.037273553212466,16.366569387574594 
 03/29  23:00:00,16.598818529459245,15.887928141841261 
 03/29  24:00:00,16.141106603047186,15.365767692448065 
 03/30  01:00:00,15.904050137665518,15.0408432685445 
 03/30  02:00:00,15.649372315496404,14.692068215388663 
 03/30  03:00:00,15.316955045015117,14.248808519100983 
 03/30  04:00:00,15.131659491673056,13.941785051527449 
 03/30  05:00:00,14.92848957806023,13.622342886021088 
 03/30  06:00:00,14.632583937933381,13.202003616841353 
 03/30  07:00:00,14.555278773944963,12.998127363764862 
 03/30  08:00:00,15.436839152841682,13.75939135309841 
 03/30  09:00:00,16.601052848566206,14.890558772346452 
 03/30  10:00:00,17.957857725053576,16.153838032312576 
 03/30  11:00:00,18.758152027611364,16.923080044599016 
 03/30  12:00:00,18.971680101627823,17.193034049088273 
 03/30  13:00:00,19.631316269820056,17.85589229754089 
 03/30  14:00:00,20.003414359685296,18.385813082784958 
 03/30  15:00:00,20.7460014642167,19.329894005064739 
 03/30  16:00:00,21.132813635395185,19.972181707160027 
 03/30  17:00:00,21.212776665621495,20.2669078501223 
 03/30  18:00:00,20.829488428651165,20.09910013050297 
 03/30  19:00:00,19.269240481414245,18.64072192027523 
 03/30  20:00:00,18.349541596456875,17.814115605968156 
 03/30  21:00:00,17.718364221406703,17.248385581085885 
 03/30  22:00:00,17.320491340430928,16.871477143078097 
 03/30  23:00:00,16.828486537523216,16.369867638118785 
 03/30  24:00:00,16.558893684345834,16.03829510976199 
 03/31  01:00:00,16.29423176919532,15.688849829617903 
 03/31  02:00:00,16.03464571058045,15.322748104023387 
 03/31  03:00:00,15.798701882703114,14.967058455060734 
 03/31  04:00:00,15.612872111293026,14.654314906267967 
 03/31  05:00:00,15.413193130623532,14.327744456046379 
 03/31  06:00:00,15.189482182590794,13.97637327764949 
 03/31  07:00:00,15.123450216844079,13.763475715524799 
 03/31  08:00:00,16.086614363132119,14.612984050126624 
 03/31  09:00:00,17.353333589584019,15.832691167959958 
 03/31  10:00:00,18.840186825078367,17.198277561846934 
 03/31  11:00:00,19.727340883586228,18.038753341472174 
 03/31  12:00:00,20.01367302183928,18.416161173712906 
 03/31  13:00:00,20.709343891723856,19.14882491783653 
 03/31  14:00:00,21.22118109618002,19.85247753104077 
 03/31  15:00:00,22.030803879482808,20.944530475912644 
 03/31  16:00:00,22.768088279555898,21.948062484974149 
 03/31  17:00:00,22.704034068447638,22.207964528055898 
 03/31  18:00:00,21.690642123581193,21.444733437790668 
 03/31  19:00:00,20.276858550729537,20.355121309457816 
 03/31  20:00:00,19.504472084432324,19.81537183292257 
 03/31  21:00:00,19.136524694600668,19.595891182873385 
 03/31  22:00:00,18.515727461430808,19.07873873191457 
 03/31  23:00:00,18.053914364371118,18.629898835981409 
 03/31  24:00:00,17.51413854235613,18.069868107372757 
 04/01  01:00:00,17.032596709736674,17.509491531271608 
 04/01  02:00:00,16.799759697293184,17.177314242006895 
 04/01  03:00:00,15.637459022297888,15.882906232223235 
 04/01  04:00:00,15.847200812052414,15.924791275080992 
 04/01  05:00:00,16.057276160818227,15.961791659189942 
 04/01  06:00:00,15.105622935183276,14.87062850950155 
 04/01  07:00:00,15.358337619344616,14.905269631506098 
 04/01  08:00:00,16.471526230307263,15.878750981120327 
 04/01  09:00:00,17.64686379180969,17.001704333494407 
 04/01  10:00:00,19.12890431057651,18.38143121317625 
 04/01  11:00:00,20.008062655433066,19.18938381445909 
 04/01  12:00:00,20.17889878964013,19.36280494544225 
 04/01  13:00:00,20.736649824069468,19.899612972067894 
 04/01  14:00:00,21.061705265496657,20.386540347863478 
 04/01  15:00:00,21.03324715455794,20.50485442467399 
 04/01  16:00:00,21.62935116632817,21.35958786899318 
 04/01  17:00:00,22.025870069810439,21.933460462402367 
 04/01  18:00:00,21.4573185260777,21.515433258515423 
 04/01  19:00:00,20.06341500580226,20.28552029377564 
 04/01  20:00:00,19.24137756948524,19.5783570462591 
 04/01  21:00:00,18.70385922012192,19.110459275719888 
 04/01  22:00:00,18.26342878303776,18.682612198726816 
 04/01  23:00:00,17.742265591727468,18.145726185213478 
 04/01  24:00:00,17.385144775980487,17.70852013313027 
 04/02  01:00:00,17.098686313949238,17.314465140462198 
 04/02  02:00:00,16.867276389780785,16.956653637572268 
 04/02  03:00:00,16.591794435709529,16.54323942545566 
 04/02  04:00:00,16.406367998817339,16.203846920923476 
 04/02  05:00:00,16.230105558172498,15.876907580097076 
 04/02  06:00:00,15.98000689169146,15.47300429581039 
 04/02  07:00:00,15.993156966915194,15.336136090701459 
 04/02  08:00:00,17.027742830102889,16.287737823403906 
 04/02  09:00:00,18.337586863358156,17.52998841356233 
 04/02  10:00:00,19.841264529865467,18.901618601441933 
 04/02  11:00:00,20.644420614257859,19.682015157223686 
 04/02  12:00:00,20.87814673553673,20.005011199001865 
 04/02  13:00:00,21.52107214236202,20.660257216708798 
 04/02  14:00:00,22.029924176907295,21.303890156037263 
 04/02  15:00:00,22.799789100436994,22.300607957104789 
 04/02  16:00:00,23.11914027825144,22.911676623328828 
 04/02  17:00:00,23.116800986502395,23.176340858522648 
 04/02  18:00:00,22.38679281683895,22.66489884439965 
 04/02  19:00:00,20.811680535058906,21.313473065860838 
 04/02  20:00:00,19.871407097328004,20.53442142642806 
 04/02  21:00:00,19.287909235265596,20.045142001842927 
 04/02  22:00:00,18.878655469614029,19.666417871161018 
 04/02  23:00:00,18.439119575301718,19.228615251177187 
 04/02  24:00:00,18.23348336638021,18.953069945731604 
 04/03  01:00:00,18.03998586422373,18.657209740008104 
 04/03  02:00:00,17.783536517609343,18.271977301899839 
 04/03  03:00:00,17.632245816308929,17.986868658735838 
 04/03  04:00:00,17.447184462142844,17.687270835979903 
 04/03  05:00:00,17.24079996466045,17.323329080820949 
 04/03  06:00:00,17.1218592580181,17.067077443906745 
 04/03  07:00:00,17.05324242019715,16.873528389049274 
 04/03  08:00:00,17.9800572445141,17.73401490963307 
 04/03  09:00:00,18.81754260029078,18.46085932523419 
 04/03  10:00:00,20.20189476327932,19.820269734405494 
 04/03  11:00:00,21.530333892225845,20.987883192682234 
 04/03  12:00:00,21.492697223695587,20.983538733938525 
 04/03  13:00:00,21.94244662818516,21.54114166822766 
 04/03  14:00:00,22.235428170566203,22.054359005884789 
 04/03  15:00:00,22.89435109015104,22.89376362279757 
 04/03  16:00:00,23.358963352068174,23.596889822288007 
 04/03  17:00:00,23.29574086399096,23.777046952551176 
 04/03  18:00:00,21.982590994882206,22.66720755940167 
 04/03  19:00:00,20.553389086208399,21.5055374549887 
 04/03  20:00:00,19.941917499719748,20.98681330412719 
 04/03  21:00:00,19.600915114199944,20.700721623924055 
 04/03  22:00:00,19.03321339762779,20.179021841065983 
 04/03  23:00:00,18.76455943253373,19.8581676698742 
 04/03  24:00:00,18.485230350104069,19.491920569857578 
 04/04  01:00:00,18.266604244731658,19.160851061258734 
 04/04  02:00:00,18.058659385903178,18.821231883389083 
 04/04  03:00:00,17.916391563829899,18.536653596907884 
 04/04  04:00:00,17.713679691215626,18.209059482926088 
 04/04  05:00:00,17.50329939152904,17.82984550252709 
 04/04  06:00:00,17.370402821760004,17.552213398653323 
 04/04  07:00:00,17.285894159202348,17.331192026920414 
 04/04  08:00:00,17.92853347532197,17.890453583347566 
 04/04  09:00:00,18.625583694308405,18.511345192226828 
 04/04  10:00:00,19.955599181825336,19.788331169107303 
 04/04  11:00:00,21.31135675763427,21.01141687993033 
 04/04  12:00:00,21.33097356246961,21.030865670755177 
 04/04  13:00:00,21.88144627278251,21.623276573587924 
 04/04  14:00:00,22.223710702028776,22.140235223110275 
 04/04  15:00:00,22.510706145128077,22.53701635694236 
 04/04  16:00:00,23.071773396325829,23.321960968074955 
 04/04  17:00:00,23.224421191164056,23.619555680267106 
 04/04  18:00:00,22.92108001615803,23.549057579239507 
 04/04  19:00:00,21.45058665985038,22.227770029691379 
 04/04  20:00:00,20.537105894112974,21.478553238083607 
 04/04  21:00:00,19.950586437807894,20.982027805581138 
 04/04  22:00:00,19.595193317817676,20.650550127358753 
 04/04  23:00:00,19.13993016289593,20.19956468851133 
 04/04  24:00:00,18.863371154383449,19.851457440951884 
 04/05  01:00:00,18.63994621374128,19.53005075528947 
 04/05  02:00:00,18.38696826274315,19.161055600367577 
 04/05  03:00:00,18.067905757225824,18.719367640929378 
 04/05  04:00:00,17.934583476490148,18.45359032777532 
 04/05  05:00:00,17.80903393439881,18.192783454739364 
 04/05  06:00:00,17.514738159241245,17.793278176590904 
 04/05  07:00:00,17.49496931738651,17.62926061396011 
 04/05  08:00:00,17.92140737464628,17.959834964722153 
 04/05  09:00:00,19.293719310160893,19.280373127063514 
 04/05  10:00:00,20.750791109002905,20.624191014669035 
 04/05  11:00:00,21.897446644419604,21.64512506084155 
 04/05  12:00:00,21.99421716154656,21.8312416259339 
 04/05  13:00:00,22.654510593360788,22.531197250377998 
 04/05  14:00:00,23.15065313315606,23.155603593495159 
 04/05  15:00:00,23.872797474894975,24.10607559468572 
 04/05  16:00:00,24.327701676230047,24.795872562575235 
 04/05  17:00:00,24.425896037456945,25.04401738122631 
 04/05  18:00:00,24.07934444803763,25.011284291980379 
 04/05  19:00:00,22.48076278038075,23.564160483089 
 04/05  20:00:00,21.326330898582407,22.643469657380409 
 04/05  21:00:00,20.472421233333685,21.910917646201268 
 04/05  22:00:00,20.11812398076465,21.597753212910168 
 04/05  23:00:00,19.61770589786795,21.112938712970455 
 04/05  24:00:00,19.26056138346002,20.682376741139053 
 04/06  01:00:00,19.024145362379686,20.33827200799537 
 04/06  02:00:00,18.757629631166,19.93873285748576 
 04/06  03:00:00,18.385672198992375,19.430738170563389 
 04/06  04:00:00,18.220931085251004,19.107239936184639 
 04/06  05:00:00,18.05056743466687,18.774838474444765 
 04/06  06:00:00,17.747533728529043,18.316015795198063 
 04/06  07:00:00,17.757038655378474,18.16806861121046 
 04/06  08:00:00,18.750214418514589,19.069796972096009 
 04/06  09:00:00,20.064314648272736,20.32421111017059 
 04/06  10:00:00,21.459034137233187,21.597354044596565 
 04/06  11:00:00,22.413757693646219,22.452119905371576 
 04/06  12:00:00,22.684410254974638,22.741640292184348 
 04/06  13:00:00,23.308087748013649,23.379852648540976 
 04/06  14:00:00,23.812105827522598,23.99958940360892 
 04/06  15:00:00,24.513465166657818,24.934051052400404 
 04/06  16:00:00,24.98929648935908,25.651709331115176 
 04/06  17:00:00,25.068354985433545,25.8544208487575 
 04/06  18:00:00,24.645325607630818,25.768086301745428 
 04/06  19:00:00,23.14327982280177,24.41477986248607 
 04/06  20:00:00,21.906816682858556,23.46637084655319 
 04/06  21:00:00,21.39247429967393,23.046146710952138 
 04/06  22:00:00,21.036612416128344,22.739679584436844 
 04/06  23:00:00,20.56062765110211,22.307972346813135 
 04/06  24:00:00,20.258856013483159,21.94585324690145 
 04/07  01:00:00,20.012916768871905,21.605893358353698 
 04/07  02:00:00,19.769064581421366,21.244181537152035 
 04/07  03:00:00,19.440437338689585,20.791272333090889 
 04/07  04:00:00,19.24652192887756,20.45964787367729 
 04/07  05:00:00,19.025889449851964,20.09333643143719 
 04/07  06:00:00,18.70704415280909,19.635490111076707 
 04/07  07:00:00,18.746650538369154,19.532554085086646 
 04/07  08:00:00,19.96845619300678,20.65472591402726 
 04/07  09:00:00,21.372750193638816,21.960983573590775 
 04/07  10:00:00,23.050033997260308,23.41739864084987 
 04/07  11:00:00,23.800476937696826,24.172649572304488 
 04/07  12:00:00,24.107343600924304,24.535055121756217 
 04/07  13:00:00,24.72401848767527,25.22694211677895 
 04/07  14:00:00,25.229748061394799,25.931324422564147 
 04/07  15:00:00,25.919019787879873,26.96307130565493 
 04/07  16:00:00,26.618463432280359,28.006004126462899 
 04/07  17:00:00,26.596378667523575,28.117896490792867 
 04/07  18:00:00,26.0868624602717,27.998073990404614 
 04/07  19:00:00,24.55952062855489,26.586435472874915 
 04/07  20:00:00,23.520915285859489,25.75011989193128 
 04/07  21:00:00,22.78403830608191,25.145336840065064 
 04/07  22:00:00,22.355458457756869,24.79198756260256 
 04/07  23:00:00,21.784707960626024,24.31538705417009 
 04/07  24:00:00,21.453447962870166,23.92944287914819 
 04/08  01:00:00,21.197381011754904,23.583614157122129 
 04/08  02:00:00,20.967161162394704,23.227294425112484 
 04/08  03:00:00,20.651271156931388,22.788842441742959 
 04/08  04:00:00,20.4445696021864,22.446218243590438 
 04/08  05:00:00,20.22210684208136,22.063588839344165 
 04/08  06:00:00,19.887157883746889,21.59283027669852 
 04/08  07:00:00,19.925868260377134,21.476501972475977 
 04/08  08:00:00,21.23644958362866,22.629673240394028 
 04/08  09:00:00,22.70481480680236,23.974822591060187 
 04/08  10:00:00,24.290865460577004,25.414879270428189 
 04/08  11:00:00,25.04600164091754,26.195769011565536 
 04/08  12:00:00,25.363007577884255,26.53337520819833 
 04/08  13:00:00,25.976390212977095,27.230018038426495 
 04/08  14:00:00,26.519917136683117,27.958800036765589 
 04/08  15:00:00,27.20575229718039,28.968555572112427 
 04/08  16:00:00,27.941984168577258,30.045813310636715 
 04/08  17:00:00,27.88222677520738,30.133615246825259 
 04/08  18:00:00,27.28295184086754,29.80374894148808 
 04/08  19:00:00,25.832281485022106,28.454333796421215 
 04/08  20:00:00,24.58413385145132,27.398784910285039 
 04/08  21:00:00,24.032112731814217,26.937445426197763 
 04/08  22:00:00,23.62714226374895,26.58723998607764 
 04/08  23:00:00,23.043265265242675,26.07592341177736 
 04/08  24:00:00,22.730577580620957,25.709725911919564 
 04/09  01:00:00,22.467274591452225,25.348466039668368 
 04/09  02:00:00,22.198424635304258,24.963474993360366 
 04/09  03:00:00,21.900515043445965,24.5347024542222 
 04/09  04:00:00,21.65000213174705,24.12708943319994 
 04/09  05:00:00,21.403005563815474,23.707504770106973 
 04/09  06:00:00,21.049399716077038,23.196595291048785 
 04/09  07:00:00,21.093115155528456,23.076471792220475 
 04/09  08:00:00,22.428633805194147,24.25958490274837 
 04/09  09:00:00,23.908352439613297,25.65046252008058 
 04/09  10:00:00,25.478122002313606,27.108593556471598 
 04/09  11:00:00,26.221262032530789,27.89485630781003 
 04/09  12:00:00,26.552045762097145,28.218396456370124 
 04/09  13:00:00,27.12511473006181,28.91717926117998 
 04/09  14:00:00,27.620552014908374,29.63898151387071 
 04/09  15:00:00,28.258327668332809,30.629144700126028 
 04/09  16:00:00,28.934991135426967,31.623934921034086 
 04/09  17:00:00,28.997885850753599,31.913202843096327 
 04/09  18:00:00,28.327888519086185,31.47051477191447 
 04/09  19:00:00,26.836009422573956,30.05838072888131 
 04/09  20:00:00,25.756863524746568,29.126483023905164 
 04/09  21:00:00,25.03287455660904,28.491577687750806 
 04/09  22:00:00,24.36194192633852,27.937324767342589 
 04/09  23:00:00,24.11620082685943,27.634677346581417 
 04/09  24:00:00,23.63775712567478,27.11249295494062 
 04/10  01:00:00,23.354975299231485,26.70911279979164 
 04/10  02:00:00,23.07012019865688,26.270848383863176 
 04/10  03:00:00,22.717296429181777,25.763824293572804 
 04/10  04:00:00,22.487757886729335,25.37245323319332 
 04/10  05:00:00,22.25432486623345,24.966146255618644 
 04/10  06:00:00,21.93421424859417,24.491335740688038 
 04/10  07:00:00,21.94827961177547,24.328426361556198 
 04/10  08:00:00,23.20135156991519,25.42473585089051 
 04/10  09:00:00,24.540996544722199,26.672648228605877 
 04/10  10:00:00,25.81747347082482,27.881745857148489 
 04/10  11:00:00,26.69586938788751,28.7758901234161 
 04/10  12:00:00,27.016359388373908,29.075774042308745 
 04/10  13:00:00,27.653498410076968,29.754955090327174 
 04/10  14:00:00,27.965077153024219,30.242181070250106 
 04/10  15:00:00,28.606570202942309,31.1101228293331 
 04/10  16:00:00,29.243930681392045,32.006243888222538 
 04/10  17:00:00,29.24014398493467,32.13631502690416 
 04/10  18:00:00,28.755077242187235,31.954541835520098 
 04/10  19:00:00,27.28987653597968,30.524608119999799 
 04/10  20:00:00,26.025380980299646,29.396006149536988 
 04/10  21:00:00,25.424525399825968,28.8564211599863 
 04/10  22:00:00,24.995720049900119,28.457809652853343 
 04/10  23:00:00,24.4132328699587,27.91372230377172 
 04/10  24:00:00,24.09168864060978,27.525299190216935 
 04/11  01:00:00,23.78933439868237,27.113951369162139 
 04/11  02:00:00,23.481011874073066,26.674901323619886 
 04/11  03:00:00,23.143068734963007,26.19496913029264 
 04/11  04:00:00,22.899540027816856,25.79903905761186 
 04/11  05:00:00,22.639315905240929,25.37150211961775 
 04/11  06:00:00,22.314040547150094,24.89063031192672 
 04/11  07:00:00,22.343791051372503,24.753791130308476 
 04/11  08:00:00,23.647537206896037,25.920493119985545 
 04/11  09:00:00,25.035690711668246,27.226833082767237 
 04/11  10:00:00,26.08997657618276,28.193020220519963 
 04/11  11:00:00,26.6929982045023,28.82057465703411 
 04/11  12:00:00,26.96407018460041,29.126076747909438 
 04/11  13:00:00,27.48782529822372,29.75106038263749 
 04/11  14:00:00,27.736337960725828,30.21784267816632 
 04/11  15:00:00,28.130676211924638,30.825079309134588 
 04/11  16:00:00,28.79346986685342,31.679055631506466 
 04/11  17:00:00,29.130448444909125,32.38620728938529 
 04/11  18:00:00,28.664608523964338,32.22385465729174 
 04/11  19:00:00,27.34962555234019,31.061474097287897 
 04/11  20:00:00,26.396977324641126,30.224843818266323 
 04/11  21:00:00,25.799544784290675,29.714593562069305 
 04/11  22:00:00,25.322625677456057,29.27684807267454 
 04/11  23:00:00,24.72692612249041,28.71380609046142 
 04/11  24:00:00,24.497658558050789,28.396199220854969 
 04/12  01:00:00,24.165467876674243,27.939766421216974 
 04/12  02:00:00,23.835757149275755,27.476119197542177 
 04/12  03:00:00,23.62487150733247,27.10014617678747 
 04/12  04:00:00,23.305682938456984,26.609547012890276 
 04/12  05:00:00,22.989275509075808,26.1294830812024 
 04/12  06:00:00,22.733709338803647,25.69505528859099 
 04/12  07:00:00,22.640939110498583,25.41827015350657 
 04/12  08:00:00,23.767870363075013,26.415106474197036 
 04/12  09:00:00,24.928737908330306,27.4550292277576 
 04/12  10:00:00,25.879633377245914,28.329575343009169 
 04/12  11:00:00,26.540703747312354,28.98428989236 
 04/12  12:00:00,26.75259432999269,29.169513174240174 
 04/12  13:00:00,26.916657391964614,29.364268363621826 
 04/12  14:00:00,27.182711002653009,29.69050850632464 
 04/12  15:00:00,27.641340927521399,30.318722763972539 
 04/12  16:00:00,28.276613026570684,31.093458742371163 
 04/12  17:00:00,28.491106453610898,31.515776958657555 
 04/12  18:00:00,28.106164181751219,31.404151109298064 
 04/12  19:00:00,26.725038484452733,30.06453531646622 
 04/12  20:00:00,25.568273325465353,29.056010673964587 
 04/12  21:00:00,25.098326319293656,28.636947905398168 
 04/12  22:00:00,24.662496744785185,28.206659609585637 
 04/12  23:00:00,24.102979847848667,27.651563753025603 
 04/12  24:00:00,23.934452575548315,27.369839410685939 
 04/13  01:00:00,23.56410094188533,26.866996733598634 
 04/13  02:00:00,23.222795662911083,26.40139088436316 
 04/13  03:00:00,23.02312207085581,26.03431275177681 
 04/13  04:00:00,22.75353698363314,25.60026213779038 
 04/13  05:00:00,22.486762857623604,25.174239898496908 
 04/13  06:00:00,22.305630589251764,24.820400279095744 
 04/13  07:00:00,22.26969959325269,24.61510237749881 
 04/13  08:00:00,23.363213955797375,25.59276545174049 
 04/13  09:00:00,23.739794169789403,25.880592591222717 
 04/13  10:00:00,25.07402435346691,27.109192229983515 
 04/13  11:00:00,25.889065012986764,27.92678365727339 
 04/13  12:00:00,26.144148498030718,28.104576129204465 
 04/13  13:00:00,26.34827849450433,28.396479764252864 
 04/13  14:00:00,26.71621972027728,28.879550597711416 
 04/13  15:00:00,27.095241367571718,29.40969950974703 
 04/13  16:00:00,27.659001496865998,30.12499298371612 
 04/13  17:00:00,27.80993820988572,30.514104210545484 
 04/13  18:00:00,26.597092630270084,29.454479322224068 
 04/13  19:00:00,25.618852445930196,28.621089681786388 
 04/13  20:00:00,24.880922835016557,27.993264978094439 
 04/13  21:00:00,24.50226057531939,27.668371736813513 
 04/13  22:00:00,23.87892609025853,27.119875193702236 
 04/13  23:00:00,23.565713274614006,26.767695202925176 
 04/13  24:00:00,23.363357695976018,26.46928423561168 
 04/14  01:00:00,23.156528807782899,26.15285743902188 
 04/14  02:00:00,22.867902128839469,25.732415663556297 
 04/14  03:00:00,22.73594398938299,25.451811288713519 
 04/14  04:00:00,22.547371869770239,25.12455120604585 
 04/14  05:00:00,22.271647830467935,24.684747392745697 
 04/14  06:00:00,21.502969468268629,23.725412429851255 
 04/14  07:00:00,21.640049927227556,23.758521211224996 
 04/14  08:00:00,22.765057375831586,24.79903221649536 
 04/14  09:00:00,23.817147034264779,25.71049228168389 
 04/14  10:00:00,24.834913737757135,26.659247092602027 
 04/14  11:00:00,25.201155731314708,27.042068444951853 
 04/14  12:00:00,25.663587023511377,27.447199273965759 
 04/14  13:00:00,25.922986681160365,27.722306571539769 
 04/14  14:00:00,26.173550611275226,28.106764054295689 
 04/14  15:00:00,26.835412443336126,28.924230114455349 
 04/14  16:00:00,27.5230592358874,29.75166965396214 
 04/14  17:00:00,27.897166612421964,30.39634041759175 
 04/14  18:00:00,27.628113226832658,30.444886478220928 
 04/14  19:00:00,26.315155182089673,29.262203833685278 
 04/14  20:00:00,25.12324742540441,28.2584541858531 
 04/14  21:00:00,24.570723951014807,27.789914290362306 
 04/14  22:00:00,24.16878007053385,27.439313033663188 
 04/14  23:00:00,23.58323481234156,26.909741040997269 
 04/14  24:00:00,23.191568307769296,26.46156563967219 
 04/15  01:00:00,22.92566013330619,26.083748869570344 
 04/15  02:00:00,22.671977695159684,25.6828544879994 
 04/15  03:00:00,22.345349425270038,25.20549494145905 
 04/15  04:00:00,22.115873492773447,24.816046550315869 
 04/15  05:00:00,21.858887366480344,24.38590807019782 
 04/15  06:00:00,21.56689535735064,23.93324105539911 
 04/15  07:00:00,21.420316991764897,23.614841654488946 
 04/15  08:00:00,21.974598393702388,24.01484886517887 
 04/15  09:00:00,22.093212260127105,23.937936880224997 
 04/15  10:00:00,22.92817047641041,24.707909638247366 
 04/15  11:00:00,23.825779415730119,25.474989953126774 
 04/15  12:00:00,22.556835759892285,24.110642582123615 
 04/15  13:00:00,23.46111348779749,25.031308844814754 
 04/15  14:00:00,23.917355915988929,25.410892473064679 
 04/15  15:00:00,22.477323828528726,23.97274391220903 
 04/15  16:00:00,23.05581446980342,24.62503421909433 
 04/15  17:00:00,23.01989449404894,24.50474409470765 
 04/15  18:00:00,21.459024183878304,22.906466449817996 
 04/15  19:00:00,21.37011102516753,22.845560677941564 
 04/15  20:00:00,20.939004709492794,22.347218012069413 
 04/15  21:00:00,20.03765038115724,21.354425746214589 
 04/15  22:00:00,20.072997885700475,21.292403591827214 
 04/15  23:00:00,20.06709082171767,21.152074223896038 
 04/15  24:00:00,19.200775197691617,20.16820248217169 
 04/16  01:00:00,19.274086060672837,20.10526653880887 
 04/16  02:00:00,19.373942027833505,20.06761377201694 
 04/16  03:00:00,18.574034739216516,19.156866253478947 
 04/16  04:00:00,18.627747395712914,19.075348310982624 
 04/16  05:00:00,18.622248885148765,18.870735550672725 
 04/16  06:00:00,17.669267830606594,17.854826210551708 
 04/16  07:00:00,17.934354091046346,18.004470154678896 
 04/16  08:00:00,19.086190150719749,18.97374049589705 
 04/16  09:00:00,20.53155869102838,20.300106047832704 
 04/16  10:00:00,21.649811898834519,21.273649610649188 
 04/16  11:00:00,22.334315738960954,21.914580521515295 
 04/16  12:00:00,22.62896075563887,22.19639958770705 
 04/16  13:00:00,22.990838167303008,22.636772578806548 
 04/16  14:00:00,23.09697988507056,23.052778365269096 
 04/16  15:00:00,23.48322407112405,23.654871205855558 
 04/16  16:00:00,24.02953896266669,24.53178430017429 
 04/16  17:00:00,24.49924072961564,25.193990059045534 
 04/16  18:00:00,24.37569187350217,25.34297323102125 
 04/16  19:00:00,23.054563275160576,24.236596477917926 
 04/16  20:00:00,21.77971142593158,23.24611929367597 
 04/16  21:00:00,21.153478404152787,22.752451523495343 
 04/16  22:00:00,20.83360096190833,22.500638185550046 
 04/16  23:00:00,20.34140647754009,22.0745627707253 
 04/16  24:00:00,19.989428067322409,21.681501561184385 
 04/17  01:00:00,19.7244354540679,21.32727972766323 
 04/17  02:00:00,19.420812572331728,20.904518934888097 
 04/17  03:00:00,19.016860962526978,20.376803242464228 
 04/17  04:00:00,18.795762094729129,20.01922515081855 
 04/17  05:00:00,18.59249252624432,19.672874332962509 
 04/17  06:00:00,18.292505889262217,19.230254154464789 
 04/17  07:00:00,18.44603128776695,19.233606265971028 
 04/17  08:00:00,19.72277556077222,20.418879766889306 
 04/17  09:00:00,21.23261466779735,21.832168093401667 
 04/17  10:00:00,22.299678749043218,22.78250102102032 
 04/17  11:00:00,22.9343722750087,23.377468661595097 
 04/17  12:00:00,23.16593879901687,23.631850411262844 
 04/17  13:00:00,23.71149605159955,24.214467779152057 
 04/17  14:00:00,23.961698205945916,24.671058172833584 
 04/17  15:00:00,24.57821586780876,25.455781924058237 
 04/17  16:00:00,25.13691494157331,26.263911197873406 
 04/17  17:00:00,25.48683741409554,26.904051748439757 
 04/17  18:00:00,25.21006368445739,26.963077102788707 
 04/17  19:00:00,23.757889810473217,25.687006631971049 
 04/17  20:00:00,22.371677890438457,24.582841857909878 
 04/17  21:00:00,21.656958795121314,24.00222770740355 
 04/17  22:00:00,21.277011676013808,23.682674166552468 
 04/17  23:00:00,20.77638721912357,23.228264815837649 
 04/17  24:00:00,20.491869061082399,22.860228990907058 
 04/18  01:00:00,20.272595979838305,22.52222758187449 
 04/18  02:00:00,20.035691895568435,22.138669871944509 
 04/18  03:00:00,19.73905116277337,21.689798057162564 
 04/18  04:00:00,19.51790616648967,21.296256409663458 
 04/18  05:00:00,19.278398697402119,20.873709893290007 
 04/18  06:00:00,18.958081830513064,20.38211313683361 
 04/18  07:00:00,19.15853943224852,20.41831400022463 
 04/18  08:00:00,20.49897831118123,21.644015635044047 
 04/18  09:00:00,22.135892589269074,23.12258567822612 
 04/18  10:00:00,23.18256734081311,24.065417273981614 
 04/18  11:00:00,23.86277203268465,24.715371461941709 
 04/18  12:00:00,24.145526860704977,25.01537244712552 
 04/18  13:00:00,24.687696154841498,25.618210974233717 
 04/18  14:00:00,24.8388828618818,25.982699449841009 
 04/18  15:00:00,25.497490804024566,26.82009203722189 
 04/18  16:00:00,26.05234900041922,27.604664089255658 
 04/18  17:00:00,26.345618988658708,28.198934274742589 
 04/18  18:00:00,25.904596955800533,28.04629865497649 
 04/18  19:00:00,24.62277234318736,26.992380571169798 
 04/18  20:00:00,23.404826349206055,26.029329350609893 
 04/18  21:00:00,22.952093448591289,25.663432078290059 
 04/18  22:00:00,22.537133681138088,25.298991726965747 
 04/18  23:00:00,22.007361897898805,24.841077608508166 
 04/18  24:00:00,21.764869906335304,24.548615452853 
 04/19  01:00:00,21.527275105721495,24.17096480036802 
 04/19  02:00:00,21.154664599391219,23.670650938848817 
 04/19  03:00:00,20.917619792483888,23.28753926338822 
 04/19  04:00:00,20.66004134873068,22.873655942293515 
 04/19  05:00:00,20.42793049638268,22.49381367419013 
 04/19  06:00:00,20.18372669574423,22.09508371222271 
 04/19  07:00:00,20.43834977344725,22.176299755946375 
 04/19  08:00:00,21.995668161236837,23.54893105796348 
 04/19  09:00:00,22.751572031133997,24.26548648875839 
 04/19  10:00:00,24.327249414614227,25.693754841317508 
 04/19  11:00:00,25.132896284891204,26.515642454946755 
 04/19  12:00:00,25.509818569885455,26.90258176595841 
 04/19  13:00:00,25.99571449632306,27.504898750552927 
 04/19  14:00:00,26.24247660913424,28.00045668327829 
 04/19  15:00:00,26.417284861641997,28.49201691594422 
 04/19  16:00:00,27.196803446807097,29.40049767129674 
 04/19  17:00:00,27.794991314510427,30.398083802526654 
 04/19  18:00:00,27.179524961780979,30.021561454855744 
 04/19  19:00:00,26.015966536939673,29.00772144012398 
 04/19  20:00:00,25.02146367737109,28.081342145741919 
 04/19  21:00:00,24.450532969966809,27.59113071638594 
 04/19  22:00:00,23.743044882070597,26.996583290047327 
 04/19  23:00:00,23.499573124005445,26.725733515333663 
 04/19  24:00:00,23.292787287396526,26.46630098836895 
 04/20  01:00:00,22.977107978971355,26.064487694715475 
 04/20  02:00:00,22.68617505414874,25.654968124311617 
 04/20  03:00:00,22.617673837756369,25.427734788428027 
 04/20  04:00:00,22.388492812515638,25.066183518039649 
 04/20  05:00:00,22.099696731696257,24.62257775270585 
 04/20  06:00:00,22.001109406831199,24.36382851012265 
 04/20  07:00:00,22.116313525762807,24.341417990573434 
 04/20  08:00:00,23.112573100471058,25.262682561576299 
 04/20  09:00:00,23.322804142948379,25.34034384189998 
 04/20  10:00:00,24.14877596497579,26.113374831274745 
 04/20  11:00:00,24.90596764833495,26.824428943014359 
 04/20  12:00:00,23.63107859127639,25.4145996222555 
 04/20  13:00:00,23.843270251572898,25.69424783945398 
 04/20  14:00:00,24.434870512333796,26.287960826061086 
 04/20  15:00:00,23.677504289708606,25.462259598526857 
 04/20  16:00:00,24.185261341327199,26.00212392969719 
 04/20  17:00:00,24.054041338649474,25.846084748861263 
 04/20  18:00:00,22.907679609175994,24.6246666546436 
 04/20  19:00:00,22.787740018922606,24.46374543754461 
 04/20  20:00:00,22.375840522049857,24.032944682698746 
 04/20  21:00:00,21.876180975170045,23.423027760682517 
 04/20  22:00:00,21.698705560509877,23.182075913486057 
 04/20  23:00:00,21.4590506468598,22.864593447213104 
 04/20  24:00:00,20.69558983364856,22.01893371596009 
 04/21  01:00:00,20.467043212492294,21.741475243711617 
 04/21  02:00:00,20.375676564182024,21.53400846773727 
 04/21  03:00:00,19.759203325540079,20.830667910925518 
 04/21  04:00:00,19.678513293669263,20.64421027414458 
 04/21  05:00:00,19.616544496579626,20.4525621934702 
 04/21  06:00:00,19.003488533937948,19.749994068464674 
 04/21  07:00:00,19.00763470915708,19.63236991908979 
 04/21  08:00:00,19.2922165915868,19.76182024570883 
 04/21  09:00:00,19.503048208915837,19.835032768451908 
 04/21  10:00:00,20.42559315682474,20.73296297976119 
 04/21  11:00:00,21.303967767160388,21.55691109446421 
 04/21  12:00:00,21.28923511621604,21.363828549534959 
 04/21  13:00:00,21.530179243964687,21.658688433887656 
 04/21  14:00:00,22.019474810317875,22.251215027915185 
 04/21  15:00:00,21.775011280179898,21.96946570516995 
 04/21  16:00:00,22.26832659332092,22.651923170117585 
 04/21  17:00:00,22.6805969699077,23.11012273014446 
 04/21  18:00:00,21.895457036005955,22.329185414998478 
 04/21  19:00:00,20.976230842518924,21.505300707753574 
 04/21  20:00:00,20.334180015105419,20.906357139331143 
 04/21  21:00:00,19.96453284121684,20.545294489350604 
 04/21  22:00:00,19.490187882032666,20.079021815315813 
 04/21  23:00:00,19.229195288096617,19.779636810551215 
 04/21  24:00:00,19.019560363623446,19.502977240698205 
 04/22  01:00:00,18.831949055329774,19.23588925118873 
 04/22  02:00:00,18.658426215745128,18.97830409166709 
 04/22  03:00:00,18.44506895310191,18.684859037956838 
 04/22  04:00:00,18.222624564545968,18.34798702221561 
 04/22  05:00:00,18.014140980428114,18.02777373286801 
 04/22  06:00:00,17.73117654783804,17.63813763907722 
 04/22  07:00:00,17.96576963015959,17.766837071027469 
 04/22  08:00:00,19.181030774099665,18.9158579616497 
 04/22  09:00:00,20.167936121188516,19.843844431595593 
 04/22  10:00:00,21.174761050139169,20.807083457159153 
 04/22  11:00:00,21.72292012068983,21.336260014445977 
 04/22  12:00:00,22.013934338053408,21.635185463685798 
 04/22  13:00:00,22.1554963050445,21.88759273943476 
 04/22  14:00:00,22.18857041333168,22.173585477508977 
 04/22  15:00:00,22.770231472973806,22.91321499182292 
 04/22  16:00:00,23.405091740612304,23.75830946938509 
 04/22  17:00:00,23.724311190599758,24.33643580273032 
 04/22  18:00:00,23.302951117648179,24.113178998299156 
 04/22  19:00:00,22.14444720183641,23.164696503055077 
 04/22  20:00:00,20.960763736359099,22.257485145287047 
 04/22  21:00:00,20.433102100593147,21.806440453272665 
 04/22  22:00:00,20.13103941813356,21.534813641801159 
 04/22  23:00:00,19.65885677538128,21.081201843191786 
 04/22  24:00:00,19.294534818355247,20.65488886231598 
 04/23  01:00:00,19.074051771443395,20.333163565055224 
 04/23  02:00:00,18.83219208171616,19.965299484589683 
 04/23  03:00:00,18.487677676648713,19.493331533834266 
 04/23  04:00:00,18.307415511276298,19.17378162996353 
 04/23  05:00:00,18.12924297324173,18.85421620291531 
 04/23  06:00:00,17.88266367446408,18.464400619125905 
 04/23  07:00:00,18.18217415514885,18.625798454486909 
 04/23  08:00:00,19.54685345518068,19.909953373464675 
 04/23  09:00:00,20.924349961607484,21.20696993812431 
 04/23  10:00:00,21.97729376754155,22.15521176798836 
 04/23  11:00:00,22.520336857489416,22.663135004505074 
 04/23  12:00:00,22.86096743434663,23.034777897054597 
 04/23  13:00:00,23.359327676867598,23.578399815705738 
 04/23  14:00:00,23.552679494552949,24.016355104926086 
 04/23  15:00:00,24.060754166633584,24.719095620712868 
 04/23  16:00:00,24.773286489120726,25.659068259826467 
 04/23  17:00:00,25.192029813236617,26.458759639667954 
 04/23  18:00:00,24.603262104070873,26.09697731018524 
 04/23  19:00:00,23.580499105365278,25.337126586359575 
 04/23  20:00:00,22.463499273006467,24.513279900394566 
 04/23  21:00:00,22.2068812756577,24.345010294864346 
 04/23  22:00:00,21.56731743776193,23.882447514562999 
 04/23  23:00:00,21.247001912267437,23.591101458857957 
 04/23  24:00:00,21.02044974796422,23.326371062619335 
 04/24  01:00:00,20.845159014018237,23.069045717631896 
 04/24  02:00:00,20.599066236033573,22.72562925951668 
 04/24  03:00:00,20.5471073110161,22.53786176946435 
 04/24  04:00:00,20.332639313494466,22.20669741488846 
 04/24  05:00:00,20.096942140401006,21.83877747317714 
 04/24  06:00:00,20.036174596410186,21.632295195909764 
 04/24  07:00:00,20.227064916436296,21.697670298629608 
 04/24  08:00:00,21.23242369255258,22.63070553110022 
 04/24  09:00:00,21.48192785690553,22.74057343190398 
 04/24  10:00:00,22.655813298676195,23.87067544835773 
 04/24  11:00:00,23.80641328259658,25.023735574097313 
 04/24  12:00:00,23.67528717871459,24.85244113772251 
 04/24  13:00:00,23.641787000246553,24.945636046466246 
 04/24  14:00:00,24.206361938167239,25.61503395682276 
 04/24  15:00:00,22.892090039873446,24.320922574685363 
 04/24  16:00:00,23.850911522797707,25.585779603458556 
 04/24  17:00:00,23.70573795491036,25.53907502353791 
 04/24  18:00:00,22.223813652692507,24.107817489944848 
 04/24  19:00:00,22.002218690485799,24.079564350737109 
 04/24  20:00:00,21.490424729421329,23.62586571567624 
 04/24  21:00:00,20.8014419229357,22.837172989277389 
 04/24  22:00:00,20.740952808147428,22.79035556521739 
 04/24  23:00:00,20.761178457464724,22.711268488607524 
 04/24  24:00:00,20.176188563910864,21.942152263114264 
 04/25  01:00:00,20.1452250684566,21.8500359672912 
 04/25  02:00:00,20.124475877548375,21.681688932159678 
 04/25  03:00:00,19.485766057941203,20.890620794050606 
 04/25  04:00:00,19.43132752749861,20.734713508515396 
 04/25  05:00:00,19.446975423613016,20.604635551593323 
 04/25  06:00:00,18.838891792292473,19.864962231984916 
 04/25  07:00:00,18.854498886302115,19.754314102562849 
 04/25  08:00:00,19.426650700356605,20.227365689694623 
 04/25  09:00:00,19.895092366773765,20.56728586283291 
 04/25  10:00:00,20.880792895019967,21.542572628856175 
 04/25  11:00:00,21.823642626947505,22.36976599725299 
 04/25  12:00:00,22.091999715544728,22.54420955320596 
 04/25  13:00:00,22.027222687351654,22.537672306405648 
 04/25  14:00:00,22.18570616931925,22.797408357017983 
 04/25  15:00:00,21.290133438792837,22.091348399298317 
 04/25  16:00:00,22.046440309327268,22.980672784064688 
 04/25  17:00:00,22.202015068856686,23.13452104979427 
 04/25  18:00:00,20.32757233956916,21.376845989319454 
 04/25  19:00:00,20.184102986504624,21.189457650557349 
 04/25  20:00:00,19.672801248163944,20.658468140932905 
 04/25  21:00:00,18.927056716547605,19.839431388450025 
 04/25  22:00:00,18.913769428159179,19.743470875952707 
 04/25  23:00:00,18.844741058852337,19.563854401297794 
 04/25  24:00:00,17.92007857517895,18.51571131507192 
 04/26  01:00:00,17.971523360654623,18.423707456512309 
 04/26  02:00:00,17.981914548649333,18.287604548477487 
 04/26  03:00:00,17.066666675889306,17.249496322282967 
 04/26  04:00:00,17.194066475629677,17.204229229852829 
 04/26  05:00:00,17.32785767649276,17.208967409473748 
 04/26  06:00:00,16.484791675194928,16.262782836437816 
 04/26  07:00:00,17.31396043722715,16.951575715091424 
 04/26  08:00:00,18.467309841912198,17.9364274156706 
 04/26  09:00:00,18.9342603156865,18.258844573351924 
 04/26  10:00:00,20.240683704464197,19.533412147845185 
 04/26  11:00:00,21.024498879283845,20.29092983330667 
 04/26  12:00:00,21.298541576365193,20.45985669699282 
 04/26  13:00:00,21.413790985272578,20.787221080030585 
 04/26  14:00:00,21.743553872765035,21.371833241615584 
 04/26  15:00:00,21.528287635683986,21.308286454365637 
 04/26  16:00:00,22.15472962085623,22.283881837863509 
 04/26  17:00:00,22.838865987511576,23.130971793147248 
 04/26  18:00:00,21.558334105240769,22.020686108030789 
 04/26  19:00:00,20.651431000586134,21.42355965207782 
 04/26  20:00:00,20.00592115168414,20.908749622817625 
 04/26  21:00:00,19.67439661968652,20.670773783599079 
 04/26  22:00:00,19.163527754389706,20.269349667260195 
 04/26  23:00:00,18.89077858222641,20.013227934857026 
 04/26  24:00:00,18.740752300250507,19.815427580290615 
 04/27  01:00:00,18.528349635230204,19.519882886636585 
 04/27  02:00:00,18.322228443327185,19.222964887209778 
 04/27  03:00:00,17.984856283077478,18.763162580979157 
 04/27  04:00:00,17.84613310476565,18.50243150792374 
 04/27  05:00:00,17.7145770294951,18.249974290298906 
 04/27  06:00:00,17.399568168655685,17.833921527088937 
 04/27  07:00:00,17.54917867307733,17.84409520621507 
 04/27  08:00:00,18.503297769514597,18.722995399759229 
 04/27  09:00:00,19.979040116757866,20.160252542633068 
 04/27  10:00:00,21.113346082454805,21.231264327492818 
 04/27  11:00:00,21.729707940254053,21.83131711525634 
 04/27  12:00:00,22.0089691610254,22.146405145120278 
 04/27  13:00:00,22.606930564378499,22.77863225085946 
 04/27  14:00:00,22.89387059274174,23.27349720124574 
 04/27  15:00:00,23.433998769215696,23.993366920338305 
 04/27  16:00:00,24.009189695101584,24.821662277915878 
 04/27  17:00:00,24.264754067832244,25.383833313556417 
 04/27  18:00:00,23.451306116611414,24.91931411692157 
 04/27  19:00:00,22.36601393993766,24.063146508945754 
 04/27  20:00:00,21.41640941153153,23.356653746784038 
 04/27  21:00:00,20.850248098496374,22.960886297096054 
 04/27  22:00:00,20.49770562539385,22.68639586565884 
 04/27  23:00:00,20.0259403778126,22.27718490311294 
 04/27  24:00:00,19.693524779641736,21.887444345491728 
 04/28  01:00:00,19.513398748918218,21.602606379285509 
 04/28  02:00:00,19.320152967923108,21.28420161310064 
 04/28  03:00:00,18.907188406709105,20.719884102573688 
 04/28  04:00:00,18.786778399735327,20.446141836564533 
 04/28  05:00:00,18.640022411538433,20.124944390526176 
 04/28  06:00:00,18.26363755923721,19.594140989121596 
 04/28  07:00:00,18.46185603920625,19.63059688071452 
 04/28  08:00:00,19.551988682044035,20.621003343421238 
 04/28  09:00:00,21.1559188526037,22.100412962024909 
 04/28  10:00:00,22.337577132772098,23.201190852747709 
 04/28  11:00:00,22.940058182489559,23.782688521846255 
 04/28  12:00:00,23.248087999631385,24.118131727164699 
 04/28  13:00:00,23.838334042602388,24.756206218132193 
 04/28  14:00:00,24.11970334397061,25.212656258890726 
 04/28  15:00:00,24.573374385776217,25.834413721420789 
 04/28  16:00:00,25.217958753997338,26.647287325200119 
 04/28  17:00:00,25.79313095352051,27.632733732773138 
 04/28  18:00:00,25.609605293117096,27.773158417789884 
 04/28  19:00:00,24.424795109404518,26.721588236193715 
 04/28  20:00:00,23.268961740177759,25.68239095192823 
 04/28  21:00:00,22.46952887125577,25.01772773507024 
 04/28  22:00:00,22.098344195996284,24.69892025158489 
 04/28  23:00:00,21.50068335256271,24.188820474910846 
 04/28  24:00:00,21.10347499778662,23.753828051659548 
 04/29  01:00:00,20.854584512777664,23.41924913697963 
 04/29  02:00:00,20.606739966226308,23.04198144253266 
 04/29  03:00:00,20.211619269087345,22.53355578988952 
 04/29  04:00:00,20.010876326301657,22.183639546564579 
 04/29  05:00:00,19.81133192760729,21.804223873578928 
 04/29  06:00:00,19.444416378654787,21.28397937196851 
 04/29  07:00:00,19.902394304193487,21.591462792912759 
 04/29  08:00:00,21.298592285143664,22.82282793456984 
 04/29  09:00:00,22.789020935110217,24.188852007292057 
 04/29  10:00:00,23.895935439364054,25.214494554429718 
 04/29  11:00:00,24.467155845429347,25.798583404044086 
 04/29  12:00:00,24.743254419035915,26.111554459966614 
 04/29  13:00:00,25.281369678973854,26.737212959705276 
 04/29  14:00:00,25.591330743026896,27.253232421283167 
 04/29  15:00:00,26.223353299290204,28.06586071132108 
 04/29  16:00:00,26.878311643777808,28.9871833541481 
 04/29  17:00:00,27.183844906409889,29.618027571406765 
 04/29  18:00:00,26.926703505870248,29.736113790265397 
 04/29  19:00:00,25.726507076868044,28.694527382674289 
 04/29  20:00:00,24.58436738410717,27.652028592747628 
 04/29  21:00:00,23.829284414979225,27.001771634107337 
 04/29  22:00:00,23.301530870751497,26.525647762245695 
 04/29  23:00:00,22.910737574049017,26.12458358785222 
 04/29  24:00:00,22.367495183626536,25.567596060365476 
 04/30  01:00:00,22.097427711853166,25.189183108596749 
 04/30  02:00:00,21.810021530385116,24.765255780341037 
 04/30  03:00:00,21.482663842919125,24.300137459656 
 04/30  04:00:00,21.23024397563095,23.873755019837739 
 04/30  05:00:00,20.974250339047495,23.425431423440199 
 04/30  06:00:00,20.683605180614486,22.952056695153894 
 04/30  07:00:00,21.22642990192155,23.32219584917016 
 04/30  08:00:00,22.475946205143925,24.411376290338717 
 04/30  09:00:00,23.17020015581782,25.00655433769175 
 04/30  10:00:00,24.40904855932698,26.129424392387646 
 04/30  11:00:00,25.151335039781594,26.87424517874626 
 04/30  12:00:00,25.43355284902819,27.142254333525999 
 04/30  13:00:00,25.63848867203518,27.371704624957098 
 04/30  14:00:00,25.85283276368255,27.69059148409923 
 04/30  15:00:00,26.343699882113645,28.344877053675064 
 04/30  16:00:00,27.070308728471049,29.23240882603473 
 04/30  17:00:00,27.51104647396613,29.933291491924569 
 04/30  18:00:00,26.943207179614224,29.548949377307705 
 04/30  19:00:00,25.74301239371274,28.46771853873576 
 04/30  20:00:00,24.48205290440224,27.37928648883552 
 04/30  21:00:00,24.033096828597118,26.976618135815614 
 04/30  22:00:00,23.508546459501088,26.48106903992589 
 04/30  23:00:00,22.981446955488005,25.946986792608834 
 04/30  24:00:00,22.60921592762717,25.499110998652517 
 05/01  01:00:00,22.110119946658359,24.90319535166752 
 05/01  02:00:00,21.766764621801007,24.44049957156927 
 05/01  03:00:00,21.32268493031939,23.859356658361749 
 05/01  04:00:00,21.142373010019417,23.511243810413519 
 05/01  05:00:00,20.880337087636556,23.065365223833333 
 05/01  06:00:00,20.768122634355515,22.771532873625455 
 05/01  07:00:00,21.14576249899529,22.97218921664162 
 05/01  08:00:00,22.39241243913241,24.082914937442884 
 05/01  09:00:00,23.88169389822435,25.38575163715379 
 05/01  10:00:00,24.53935067862025,25.97402508168289 
 05/01  11:00:00,24.72173052592914,26.1522739357899 
 05/01  12:00:00,24.952180217113737,26.36365079486894 
 05/01  13:00:00,24.96695958490978,26.42174703094342 
 05/01  14:00:00,24.986389570898998,26.57547003798963 
 05/01  15:00:00,25.78276041039225,27.54176734047907 
 05/01  16:00:00,26.477317284793217,28.430512104408508 
 05/01  17:00:00,26.7223734948374,28.933345976665625 
 05/01  18:00:00,24.67444928571644,26.95963534243182 
 05/01  19:00:00,24.658412885242286,27.138670095639634 
 05/01  20:00:00,23.630027546525669,26.319579626977668 
 05/01  21:00:00,22.116433189795754,24.816513192503405 
 05/01  22:00:00,22.03181502212029,24.848294203567 
 05/01  23:00:00,22.184748795678858,24.87227008134203 
 05/01  24:00:00,21.059567429543756,23.512687229619055 
 05/02  01:00:00,21.107365842724737,23.524527010967856 
 05/02  02:00:00,21.259239522382207,23.448242027437819 
 05/02  03:00:00,20.2633133119893,22.228837686834266 
 05/02  04:00:00,20.29547998394224,22.154351548095375 
 05/02  05:00:00,20.429142403814116,22.103333231547638 
 05/02  06:00:00,19.506942084035879,20.98260070225113 
 05/02  07:00:00,20.274567636209349,21.635463123060519 
 05/02  08:00:00,21.32808153748543,22.52601621371877 
 05/02  09:00:00,22.90502332901548,23.834587210737653 
 05/02  10:00:00,23.68296081740776,24.542133211002139 
 05/02  11:00:00,24.010979819620539,24.875018607321438 
 05/02  12:00:00,24.54207219485589,25.331720578478298 
 05/02  13:00:00,24.457497602734248,25.363548137418407 
 05/02  14:00:00,24.291141833385688,25.46110092206182 
 05/02  15:00:00,24.702261776210375,26.008508408530383 
 05/02  16:00:00,25.27602529566866,26.827397017824617 
 05/02  17:00:00,25.87850292517784,27.72150131709845 
 05/02  18:00:00,25.782457374791254,27.911463264188045 
 05/02  19:00:00,24.72167166626803,27.028451958820648 
 05/02  20:00:00,23.602038154888008,26.07209159094088 
 05/02  21:00:00,22.973600368003383,25.56559048365035 
 05/02  22:00:00,22.273903835716785,25.008087413280337 
 05/02  23:00:00,22.012405452557773,24.696107929573566 
 05/02  24:00:00,21.055906012548385,23.628293726474888 
 05/03  01:00:00,20.989050596000838,23.56867172466521 
 05/03  02:00:00,21.043277103909437,23.4876688651203 
 05/03  03:00:00,20.16417658698245,22.371443958667546 
 05/03  04:00:00,20.18264583972536,22.289411695174868 
 05/03  05:00:00,20.237588075221848,22.149431441587116 
 05/03  06:00:00,19.406721888925586,21.137181922207735 
 05/03  07:00:00,19.9619779114457,21.54584409183245 
 05/03  08:00:00,20.897506062369407,22.33228167602158 
 05/03  09:00:00,22.01800687917751,23.245830160428026 
 05/03  10:00:00,23.156218431446349,24.286741286428769 
 05/03  11:00:00,23.666591219253097,24.780524883707409 
 05/03  12:00:00,24.042647145907368,25.12913662096392 
 05/03  13:00:00,24.105862786598896,25.24659887838059 
 05/03  14:00:00,24.177289725387209,25.469308461553476 
 05/03  15:00:00,24.783821990394409,26.236178343475328 
 05/03  16:00:00,25.432900775211964,27.076415471923484 
 05/03  17:00:00,25.73974034573215,27.656808177103529 
 05/03  18:00:00,24.878847472383514,26.97638401893763 
 05/03  19:00:00,23.83912476229478,26.063420429319814 
 05/03  20:00:00,22.64402112540103,25.054825336392633 
 05/03  21:00:00,22.1162216038747,24.55165695976236 
 05/03  22:00:00,21.75760234818733,24.185988974758958 
 05/03  23:00:00,21.265653350543944,23.719351479309326 
 05/03  24:00:00,21.055776088588947,23.407376964016799 
 05/04  01:00:00,20.80876014638789,23.02293209510379 
 05/04  02:00:00,20.574783407772658,22.651690594511277 
 05/04  03:00:00,20.323312754571327,22.247689584336088 
 05/04  04:00:00,20.122866120703866,21.89191280661001 
 05/04  05:00:00,19.93782826174649,21.54716469732164 
 05/04  06:00:00,19.687682781224063,21.14735661336368 
 05/04  07:00:00,19.933262053067499,21.244985457098946 
 05/04  08:00:00,20.989669459135393,22.204022782002885 
 05/04  09:00:00,22.35316718814904,23.434451494374657 
 05/04  10:00:00,23.322315178192168,24.311514678239015 
 05/04  11:00:00,23.61791621792096,24.596208346524905 
 05/04  12:00:00,23.708198267827343,24.690205095004204 
 05/04  13:00:00,24.046184013087463,25.126442547158669 
 05/04  14:00:00,24.406785693523277,25.65841438740535 
 05/04  15:00:00,25.027903864729266,26.476108892883965 
 05/04  16:00:00,25.785146536542987,27.444431534043014 
 05/04  17:00:00,26.20466473310148,28.106314648444646 
 05/04  18:00:00,26.093518688321895,28.337261887882403 
 05/04  19:00:00,25.080298882902487,27.521604612240997 
 05/04  20:00:00,23.877907640232249,26.44666424072838 
 05/04  21:00:00,23.03643261406445,25.727370560545049 
 05/04  22:00:00,22.539042777617604,25.279700311368296 
 05/04  23:00:00,22.130406469445874,24.86378645096215 
 05/04  24:00:00,21.496520562250983,24.238910993477356 
 05/05  01:00:00,21.24121742235195,23.881849575829379 
 05/05  02:00:00,21.013770060203325,23.499775639309357 
 05/05  03:00:00,20.627149444763317,22.983279292868806 
 05/05  04:00:00,20.43857466512211,22.643858496731967 
 05/05  05:00:00,20.31672824403642,22.33306521158962 
 05/05  06:00:00,19.97182336996638,21.84467978814012 
 05/05  07:00:00,20.271017883411508,21.971346548095874 
 05/05  08:00:00,21.436490278082834,22.99033024927833 
 05/05  09:00:00,22.81631800095902,24.227306191396946 
 05/05  10:00:00,23.835943227014455,25.15136256790879 
 05/05  11:00:00,24.153013699672678,25.460548898041759 
 05/05  12:00:00,24.439897628403327,25.74332356205733 
 05/05  13:00:00,24.696375941987737,26.06583031018768 
 05/05  14:00:00,24.98642073238538,26.494835201762183 
 05/05  15:00:00,25.56611938982474,27.236330432255309 
 05/05  16:00:00,26.227570927814516,28.068396061931435 
 05/05  17:00:00,26.59711228405074,28.67921874039962 
 05/05  18:00:00,26.380238441370055,28.736177713890944 
 05/05  19:00:00,25.249550137852869,27.747508022072684 
 05/05  20:00:00,24.066107741340589,26.684246056904084 
 05/05  21:00:00,23.272426336968708,25.9961698018447 
 05/05  22:00:00,22.844479794996663,25.585019352122438 
 05/05  23:00:00,22.226958328540925,25.002608533062838 
 05/05  24:00:00,21.83935536742048,24.530974984432797 
 05/06  01:00:00,21.550606661244495,24.12681799344645 
 05/06  02:00:00,21.25293584547692,23.685231891209157 
 05/06  03:00:00,20.846596186126349,23.14598768613626 
 05/06  04:00:00,20.590115515834687,22.742470206909034 
 05/06  05:00:00,20.336813064637377,22.311714164755445 
 05/06  06:00:00,19.920050402401338,21.74361609734141 
 05/06  07:00:00,20.28129067110753,21.944857682646984 
 05/06  08:00:00,21.470413946615435,22.999290138802665 
 05/06  09:00:00,22.944608708028889,24.332132623988998 
 05/06  10:00:00,23.951409260922185,25.21686714970847 
 05/06  11:00:00,24.254837226593325,25.510652368238995 
 05/06  12:00:00,24.524351736525924,25.777027859482236 
 05/06  13:00:00,24.802821651923645,26.142593345379877 
 05/06  14:00:00,25.11784124728244,26.62736121069264 
 05/06  15:00:00,25.727113193098174,27.428100290924705 
 05/06  16:00:00,26.440372303328205,28.33362059459757 
 05/06  17:00:00,26.835573225317228,28.992953070428937 
 05/06  18:00:00,26.66653400109325,29.136728528004104 
 05/06  19:00:00,25.680356466437833,28.342004016845459 
 05/06  20:00:00,24.496181096013033,27.277830156770649 
 05/06  21:00:00,23.68632413224237,26.58200750651359 
 05/06  22:00:00,23.321066505589508,26.253938527178314 
 05/06  23:00:00,22.75958018036861,25.749704143338897 
 05/06  24:00:00,22.43851356056702,25.365797091946356 
 05/07  01:00:00,22.178857396949736,24.99759086648406 
 05/07  02:00:00,21.909324317845337,24.594178641314245 
 05/07  03:00:00,21.55485454313285,24.109290285057317 
 05/07  04:00:00,21.376979197046479,23.774261896939544 
 05/07  05:00:00,21.226211148081548,23.441673995849276 
 05/07  06:00:00,20.970770336231817,23.027346299478937 
 05/07  07:00:00,21.5935172471361,23.508433745957576 
 05/07  08:00:00,23.054549291429898,24.828790939842749 
 05/07  09:00:00,24.68886069664921,26.326370852315674 
 05/07  10:00:00,25.425260347684806,27.03862573175538 
 05/07  11:00:00,25.687024164700455,27.33503250087444 
 05/07  12:00:00,25.83167701192486,27.548309690044044 
 05/07  13:00:00,26.059278790112957,27.917472052379979 
 05/07  14:00:00,26.3976627386188,28.496446876989489 
 05/07  15:00:00,26.935625456217836,29.230299887107785 
 05/07  16:00:00,27.811645503490966,30.466593893550198 
 05/07  17:00:00,28.225925902868537,31.258586418189187 
 05/07  18:00:00,28.064848236984465,31.514492477543308 
 05/07  19:00:00,26.95230748490262,30.661027990948296 
 05/07  20:00:00,25.788769670567818,29.57290588187189 
 05/07  21:00:00,24.99495174223798,28.8861544123612 
 05/07  22:00:00,24.486268568367547,28.422091968935889 
 05/07  23:00:00,24.12056969150862,28.041976131092125 
 05/07  24:00:00,23.61453641544877,27.500935952682004 
 05/08  01:00:00,23.34387091470452,27.106185529776789 
 05/08  02:00:00,23.04147674189639,26.654931065473716 
 05/08  03:00:00,22.71481255555933,26.175514437394275 
 05/08  04:00:00,22.4768465364118,25.752924718471478 
 05/08  05:00:00,22.230990737823399,25.30713657870585 
 05/08  06:00:00,21.940773432026608,24.827483670212595 
 05/08  07:00:00,22.51692156939707,25.253196216276167 
 05/08  08:00:00,23.913818815154526,26.500154707647238 
 05/08  09:00:00,25.38325974385944,27.88865361323512 
 05/08  10:00:00,26.249650374434134,28.70085972887201 
 05/08  11:00:00,26.49405359260411,28.96799135854346 
 05/08  12:00:00,26.69369716910511,29.19372968918416 
 05/08  13:00:00,26.93280004091922,29.50743945919919 
 05/08  14:00:00,27.267915420610888,30.005313054927023 
 05/08  15:00:00,27.810368007128337,30.820130622950484 
 05/08  16:00:00,28.651959878917937,31.967529804208256 
 05/08  17:00:00,29.073301601726074,32.7435976122886 
 05/08  18:00:00,28.78809325878959,32.86023990134919 
 05/08  19:00:00,27.72370359985761,31.950889660350215 
 05/08  20:00:00,26.60509505638703,30.855935012084509 
 05/08  21:00:00,25.898479681835114,30.202514957591619 
 05/08  22:00:00,25.456953856000795,29.781046837163033 
 05/08  23:00:00,24.88505005539983,29.223823956739858 
 05/08  24:00:00,24.658088976435644,28.910284155620326 
 05/09  01:00:00,24.3723006508214,28.49524093163694 
 05/09  02:00:00,24.078692447501699,28.057866207093484 
 05/09  03:00:00,23.849882359279225,27.66577340522839 
 05/09  04:00:00,23.577418133448327,27.21590986434215 
 05/09  05:00:00,23.339726947488715,26.799924311464069 
 05/09  06:00:00,23.1818263828904,26.451914323544935 
 05/09  07:00:00,23.67025267364286,26.80194247232696 
 05/09  08:00:00,25.072974215307626,28.071491279635578 
 05/09  09:00:00,26.44873334550002,29.372046640953838 
 05/09  10:00:00,27.071998604689776,29.948687227110523 
 05/09  11:00:00,27.318927892962294,30.24571506841449 
 05/09  12:00:00,25.647106159027275,28.225387213104129 
 05/09  13:00:00,26.9616149241039,29.777299781290539 
 05/09  14:00:00,27.12883384839583,29.997221258028657 
 05/09  15:00:00,25.522889909243536,28.372010500841136 
 05/09  16:00:00,27.367868338232659,30.467712635193636 
 05/09  17:00:00,27.892333303210497,31.09206037395222 
 05/09  18:00:00,25.926030205111503,28.996326684540134 
 05/09  19:00:00,26.13112030276107,29.325979380378965 
 05/09  20:00:00,25.478652282463974,28.725485976927403 
 05/09  21:00:00,24.313858277582609,27.3788909451295 
 05/09  22:00:00,24.28243974277584,27.36779813461567 
 05/09  23:00:00,24.328244852319587,27.34788298792698 
 05/09  24:00:00,23.66967711968102,26.426948202425526 
 05/10  01:00:00,23.618464430646975,26.30817926499806 
 05/10  02:00:00,23.618536186644645,26.209129110581939 
 05/10  03:00:00,23.07309903602717,25.422883495972287 
 05/10  04:00:00,23.049085758008276,25.32151186845413 
 05/10  05:00:00,23.06932244601068,25.250718465846764 
 05/10  06:00:00,22.602149761962996,24.583381771275009 
 05/10  07:00:00,22.69195431019256,24.597767358444999 
 05/10  08:00:00,23.07603897226877,24.923233954801334 
 05/10  09:00:00,22.94112206385037,24.63451816193675 
 05/10  10:00:00,23.68992250768764,25.377382015402206 
 05/10  11:00:00,24.31257076620144,25.906154133931 
 05/10  12:00:00,23.588631693251345,25.131912695074996 
 05/10  13:00:00,24.285731478322768,25.82180603376696 
 05/10  14:00:00,24.714430339831169,26.25045514824589 
 05/10  15:00:00,23.769516975240444,25.290823497756944 
 05/10  16:00:00,24.6228861690974,26.209231313796626 
 05/10  17:00:00,24.798079702864798,26.415659611387519 
 05/10  18:00:00,23.393576707051893,24.918656285209566 
 05/10  19:00:00,23.175055879539266,24.70028814153055 
 05/10  20:00:00,22.40804689842831,23.94917856222701 
 05/10  21:00:00,21.46421563704406,22.980223831750434 
 05/10  22:00:00,21.299894375092174,22.819244478720454 
 05/10  23:00:00,21.283175571562756,22.69102736010406 
 05/10  24:00:00,20.637165151776775,21.93588232974836 
 05/11  01:00:00,20.649579289998177,21.884408265773727 
 05/11  02:00:00,20.75280487395513,21.85442262225593 
 05/11  03:00:00,20.120711085562968,21.091992845140014 
 05/11  04:00:00,20.12125979112587,21.03160044736854 
 05/11  05:00:00,20.222007506539066,20.9284220136827 
 05/11  06:00:00,19.549937941690126,20.183102781918984 
 05/11  07:00:00,20.22022960205586,20.805961013434439 
 05/11  08:00:00,21.288935930707138,21.684993364148704 
 05/11  09:00:00,21.991443214566368,22.295185255921916 
 05/11  10:00:00,23.277230508607937,23.505354248794764 
 05/11  11:00:00,23.74088288313449,23.990568916579677 
 05/11  12:00:00,23.918500078756169,24.25009269883077 
 05/11  13:00:00,24.421058261299974,24.869060319043017 
 05/11  14:00:00,24.69040671420507,25.43519579081334 
 05/11  15:00:00,25.353650252598198,26.41736310512704 
 05/11  16:00:00,26.32239944061732,27.74561160496926 
 05/11  17:00:00,27.09754690590071,29.028452703921994 
 05/11  18:00:00,26.88626937259371,29.060373385210128 
 05/11  19:00:00,25.901540336063286,28.35067540761282 
 05/11  20:00:00,24.804153523028107,27.369924169717135 
 05/11  21:00:00,24.066230057841339,26.733836148942915 
 05/11  22:00:00,23.72485199309656,26.460668442774105 
 05/11  23:00:00,23.184055328293689,26.01031295154796 
 05/11  24:00:00,22.90026381010891,25.704553895272885 
 05/12  01:00:00,22.7081213951508,25.443811940330016 
 05/12  02:00:00,22.516806833434385,25.16295709125746 
 05/12  03:00:00,22.37645895410424,24.90876439200186 
 05/12  04:00:00,22.20080380884656,24.63106607092209 
 05/12  05:00:00,22.06269049555319,24.37332547541828 
 05/12  06:00:00,22.013611204089125,24.19178531149379 
 05/12  07:00:00,22.402235151843187,24.517847902148565 
 05/12  08:00:00,23.37207156936581,25.415918243024469 
 05/12  09:00:00,23.54839723828887,25.533512388668698 
 05/12  10:00:00,24.66179664271718,26.59217567082354 
 05/12  11:00:00,25.171184157223846,27.120182769893547 
 05/12  12:00:00,25.431864713077898,27.416108429909288 
 05/12  13:00:00,25.619766931835089,27.660502009708734 
 05/12  14:00:00,25.75524840622067,27.895207701136074 
 05/12  15:00:00,26.3625782826003,28.69883308726913 
 05/12  16:00:00,27.17442356917024,29.652768605533074 
 05/12  17:00:00,27.78952665400521,30.608605887197699 
 05/12  18:00:00,27.66512502909344,30.764883389368756 
 05/12  19:00:00,26.746215026284518,29.972397869088647 
 05/12  20:00:00,25.55813248335256,28.810445909362696 
 05/12  21:00:00,25.03072432398987,28.327774391616737 
 05/12  22:00:00,24.688750148584324,28.002574831725313 
 05/12  23:00:00,24.206972518097339,27.53867112496694 
 05/12  24:00:00,23.986950212224476,27.266755383111457 
 05/13  01:00:00,23.825885984711549,27.003543696095979 
 05/13  02:00:00,23.55788735726369,26.628144551611343 
 05/13  03:00:00,23.349949947784844,26.311544030841234 
 05/13  04:00:00,23.19923244165997,26.0314400106244 
 05/13  05:00:00,23.06375082782415,25.757377890798869 
 05/13  06:00:00,22.96687722591119,25.52482164782363 
 05/13  07:00:00,23.4085406464868,25.91057138570788 
 05/13  08:00:00,24.595891579689249,27.01607619647391 
 05/13  09:00:00,25.96875070862946,28.333071882393577 
 05/13  10:00:00,26.649340482253267,29.039620235202074 
 05/13  11:00:00,26.751246909206527,29.23599325007931 
 05/13  12:00:00,26.936069872253879,29.463121317682693 
 05/13  13:00:00,27.179021756456416,29.78608955613585 
 05/13  14:00:00,27.346428129477827,30.072933366513739 
 05/13  15:00:00,28.04056306802244,31.05801564546811 
 05/13  16:00:00,28.867910937764095,32.13981438759137 
 05/13  17:00:00,29.343248457862307,32.95984119242671 
 05/13  18:00:00,29.26583087430351,33.25332688156396 
 05/13  19:00:00,28.196629797523657,32.388397859267978 
 05/13  20:00:00,27.116587918687566,31.339537710483169 
 05/13  21:00:00,26.435679788860364,30.693451498411976 
 05/13  22:00:00,25.97395645956686,30.258144680417723 
 05/13  23:00:00,25.34632163622068,29.660644715874314 
 05/13  24:00:00,25.037594998947506,29.29303662020846 
 05/14  01:00:00,24.73804186220969,28.896032754754196 
 05/14  02:00:00,24.460617735783758,28.502302932165308 
 05/14  03:00:00,24.30742784018282,28.207429327185836 
 05/14  04:00:00,24.054913428203315,27.790944308670185 
 05/14  05:00:00,23.790515659505166,27.326523462071785 
 05/14  06:00:00,23.696081006914537,27.036314559041537 
 05/14  07:00:00,24.18270595908949,27.424589259891428 
 05/14  08:00:00,25.34158449230369,28.45115352484025 
 05/14  09:00:00,25.579859078672177,28.639746855860009 
 05/14  10:00:00,26.798465995586946,29.724602532399719 
 05/14  11:00:00,27.215248116669469,30.177927508000694 
 05/14  12:00:00,27.511515005165586,30.519591854021763 
 05/14  13:00:00,27.68408083351872,30.727948174493009 
 05/14  14:00:00,27.716084352803536,30.85091152505884 
 05/14  15:00:00,28.50694822430882,31.89557430530649 
 05/14  16:00:00,29.316090316988875,32.95110476220465 
 05/14  17:00:00,29.61533095286948,33.51696424335567 
 05/14  18:00:00,28.732723069060776,32.986745718465979 
 05/14  19:00:00,27.906158150249149,32.22219235550398 
 05/14  20:00:00,27.047336144449063,31.43315575114383 
 05/14  21:00:00,26.493036282999446,30.91345947182237 
 05/14  22:00:00,26.02768613408935,30.465254250091087 
 05/14  23:00:00,25.471919635221505,29.91734409063377 
 05/14  24:00:00,25.207464746573117,29.558022680716435 
 05/15  01:00:00,24.9204940916038,29.137499369668274 
 05/15  02:00:00,24.679432735144176,28.738616449129176 
 05/15  03:00:00,24.55408208582027,28.431427974472564 
 05/15  04:00:00,24.274358807258858,27.969675950270657 
 05/15  05:00:00,24.000802883025068,27.52418969250192 
 05/15  06:00:00,23.790802752618796,27.129083875525969 
 05/15  07:00:00,24.06163953838256,27.250227718234208 
 05/15  08:00:00,24.99673512695928,28.115774509681438 
 05/15  09:00:00,26.064867931134338,29.059896964542227 
 05/15  10:00:00,27.03978053193603,29.966297351304506 
 05/15  11:00:00,27.19462531113222,30.130951973973958 
 05/15  12:00:00,27.299269472169379,30.226382117397436 
 05/15  13:00:00,27.541084904581014,30.521108071404773 
 05/15  14:00:00,27.69758648406199,30.78679617388575 
 05/15  15:00:00,28.363502004478236,31.696417712516955 
 05/15  16:00:00,29.04119774446395,32.491892399457757 
 05/15  17:00:00,29.466134207107595,33.21857478613912 
 05/15  18:00:00,29.35352485332393,33.43937764010397 
 05/15  19:00:00,28.38091585255726,32.59245378969704 
 05/15  20:00:00,27.30393256815899,31.569018395487747 
 05/15  21:00:00,26.648329816172028,30.994874142918794 
 05/15  22:00:00,26.24105735378938,30.57633850901317 
 05/15  23:00:00,25.689437948479637,30.001464639668997 
 05/15  24:00:00,25.391085578997534,29.598636614444297 
 05/16  01:00:00,25.11253501691536,29.19159918733827 
 05/16  02:00:00,24.808207792764035,28.735647542611305 
 05/16  03:00:00,24.47144178712874,28.23945112546171 
 05/16  04:00:00,24.205069602973347,27.801415417621486 
 05/16  05:00:00,23.940316156368028,27.355353848659154 
 05/16  06:00:00,23.628197971013078,26.872866206587689 
 05/16  07:00:00,24.208088101779354,27.32509086905744 
 05/16  08:00:00,25.527477083624786,28.513778645896609 
 05/16  09:00:00,26.94828541640655,29.82188756653941 
 05/16  10:00:00,27.64464860974189,30.512344667816938 
 05/16  11:00:00,27.787676482625384,30.696346960414183 
 05/16  12:00:00,28.00663077724118,30.93805929310521 
 05/16  13:00:00,28.254359479404977,31.276337386659575 
 05/16  14:00:00,28.590014620598738,31.772481917390019 
 05/16  15:00:00,29.20701364644529,32.57866650989662 
 05/16  16:00:00,30.06128301476857,33.723905913199818 
 05/16  17:00:00,30.538804326118915,34.554945240070079 
 05/16  18:00:00,30.423184623271014,34.73476761523998 
 05/16  19:00:00,29.471231941826689,34.05631312099734 
 05/16  20:00:00,28.32888844229212,32.9284868696606 
 05/16  21:00:00,27.560768222316786,32.179818254632568 
 05/16  22:00:00,27.030887918979564,31.668802916819624 
 05/16  23:00:00,26.625441423270155,31.246799785982327 
 05/16  24:00:00,26.073816075819474,30.655708927127394 
 05/17  01:00:00,25.745636375247746,30.20905133515844 
 05/17  02:00:00,25.398549565739189,29.708152652051724 
 05/17  03:00:00,25.05267756928049,29.199387102895608 
 05/17  04:00:00,24.73594150707585,28.706678154542723 
 05/17  05:00:00,24.46124626246099,28.25384166403098 
 05/17  06:00:00,24.277763155936826,27.873833097794326 
 05/17  07:00:00,24.76648112458279,28.229976081356989 
 05/17  08:00:00,26.035587189889975,29.375202759816746 
 05/17  09:00:00,27.323811840684046,30.560813076629846 
 05/17  10:00:00,27.946673596931423,31.1566979673201 
 05/17  11:00:00,28.214549069038399,31.43135340005488 
 05/17  12:00:00,28.429583002966795,31.643467557049239 
 05/17  13:00:00,28.502848955313266,31.7787132100844 
 05/17  14:00:00,28.62372096256771,32.04269729514248 
 05/17  15:00:00,29.177051069279558,32.87600460320361 
 05/17  16:00:00,29.96684796484081,33.84950159183347 
 05/17  17:00:00,30.577899667731214,34.912330633721428 
 05/17  18:00:00,30.4775485110293,35.18384848456819 
 05/17  19:00:00,29.33809436866644,34.16669022873479 
 05/17  20:00:00,28.116722743312744,32.942109477746857 
 05/17  21:00:00,27.286980926836635,32.15925157780478 
 05/17  22:00:00,26.73538635052658,31.618152732737408 
 05/17  23:00:00,26.34109137187759,31.179605305934176 
 05/17  24:00:00,25.89239183897445,30.658874562996567 
 05/18  01:00:00,25.578669644272183,30.210118089033409 
 05/18  02:00:00,25.28424625709114,29.769242824725969 
 05/18  03:00:00,25.097495700251075,29.412034535832356 
 05/18  04:00:00,24.815292939271406,28.929538430917029 
 05/18  05:00:00,24.56178449756451,28.47856721982911 
 05/18  06:00:00,24.444928967892893,28.149412482828944 
 05/18  07:00:00,24.89438431717049,28.445979126417073 
 05/18  08:00:00,25.97243315575664,29.412975744983436 
 05/18  09:00:00,26.18247484481167,29.52815547487578 
 05/18  10:00:00,27.414345104060403,30.644351648743674 
 05/18  11:00:00,27.914103692354077,31.183865484621778 
 05/18  12:00:00,28.066222584632695,31.38119400133735 
 05/18  13:00:00,28.299657804796849,31.628874580628513 
 05/18  14:00:00,28.58981445642002,32.0045019720544 
 05/18  15:00:00,28.382471604584027,31.931392745571264 
 05/18  16:00:00,28.996702701591944,32.70892331149861 
 05/18  17:00:00,29.548500768949809,33.57428074172071 
 05/18  18:00:00,27.108686887507269,30.88522518781184 
 05/18  19:00:00,27.43151105734014,31.57845504753071 
 05/18  20:00:00,26.51180191887329,30.756001037308204 
 05/18  21:00:00,25.286592185670107,29.360244868084985 
 05/18  22:00:00,25.102428613752026,29.259251630881466 
 05/18  23:00:00,24.972555704786424,29.049128658240435 
 05/18  24:00:00,24.084247637740654,27.82364236586861 
 05/19  01:00:00,24.045456439083425,27.676382248799319 
 05/19  02:00:00,24.0712467882017,27.530038290068537 
 05/19  03:00:00,23.443000598469685,26.59953049120344 
 05/19  04:00:00,23.426771257964437,26.438004674958969 
 05/19  05:00:00,23.43826744546924,26.26604584290966 
 05/19  06:00:00,22.8780725920885,25.447436943054386 
 05/19  07:00:00,23.04626056065002,25.481825379371874 
 05/19  08:00:00,23.52152651964727,25.84478863793047 
 05/19  09:00:00,23.393769588819219,25.489595197401948 
 05/19  10:00:00,24.59829473802545,26.711110451023815 
 05/19  11:00:00,25.463234539511967,27.446413765948557 
 05/19  12:00:00,24.718562622551255,26.594140355082453 
 05/19  13:00:00,25.87190512099037,27.887578411832494 
 05/19  14:00:00,26.255609271753188,28.28925974136605 
 05/19  15:00:00,26.085913459041057,28.129466668286037 
 05/19  16:00:00,27.413165855351097,29.595769145385959 
 05/19  17:00:00,27.59479889876311,29.961085626310728 
 05/19  18:00:00,26.06335099974672,28.3226267258657 
 05/19  19:00:00,26.008802838770955,28.431212439534126 
 05/19  20:00:00,25.181989584038818,27.667514488672376 
 05/19  21:00:00,24.116866457734117,26.556902674547975 
 05/19  22:00:00,23.879088373458264,26.397270362168919 
 05/19  23:00:00,23.74116084761769,26.253768769253836 
 05/19  24:00:00,22.949132638497795,25.285947017449329 
 05/20  01:00:00,22.852036637302974,25.148013695285046 
 05/20  02:00:00,22.729498625219944,24.93537328949016 
 05/20  03:00:00,21.93374947018444,23.966290209391578 
 05/20  04:00:00,21.86853373318151,23.823098686629696 
 05/20  05:00:00,21.85400617979784,23.689921557086124 
 05/20  06:00:00,21.17089781741413,22.83965515832653 
 05/20  07:00:00,21.69838373105609,23.264451861056317 
 05/20  08:00:00,22.295163782052648,23.798795468617479 
 05/20  09:00:00,22.73130498254472,24.115888878679536 
 05/20  10:00:00,23.58278086985708,24.911275769175686 
 05/20  11:00:00,24.408510460983714,25.620094382942314 
 05/20  12:00:00,24.584581758394454,25.779371509341403 
 05/20  13:00:00,24.60313021489793,25.88684987584872 
 05/20  14:00:00,24.97697619749244,26.391609791081945 
 05/20  15:00:00,25.654009852240287,27.198995276141948 
 05/20  16:00:00,26.41344616651839,28.122298524768426 
 05/20  17:00:00,26.810749191690169,28.742620906653696 
 05/20  18:00:00,26.709296433147384,28.86208612136902 
 05/20  19:00:00,25.73555342488887,28.014200666959267 
 05/20  20:00:00,24.578764261866405,26.96717208286696 
 05/20  21:00:00,23.760030225905817,26.265653277836799 
 05/20  22:00:00,23.40557737279965,25.955969538342516 
 05/20  23:00:00,22.816456525345573,25.438029562867365 
 05/20  24:00:00,22.403245075765154,24.994201111302439 
 05/21  01:00:00,22.18977909091913,24.70134116324083 
 05/21  02:00:00,21.966767887654137,24.37436623112579 
 05/21  03:00:00,21.514533919639918,23.825112449746436 
 05/21  04:00:00,21.33119850459264,23.509201888672608 
 05/21  05:00:00,21.114767530770878,23.122960773947207 
 05/21  06:00:00,20.722464822010545,22.60866414634555 
 05/21  07:00:00,21.35724143687645,23.123218115899165 
 05/21  08:00:00,22.79283295752401,24.44728752449118 
 05/21  09:00:00,24.47295070538477,26.003446266906204 
 05/21  10:00:00,25.134128238115378,26.621029388873276 
 05/21  11:00:00,25.3977844825295,26.907741378008859 
 05/21  12:00:00,25.378495494783818,26.96842343685035 
 05/21  13:00:00,25.50136955918196,27.25047377012184 
 05/21  14:00:00,25.797538715408704,27.690752912725928 
 05/21  15:00:00,26.52945431225885,28.751076766517849 
 05/21  16:00:00,27.42737539062396,29.986615868809808 
 05/21  17:00:00,27.912315773850815,30.85992546094269 
 05/21  18:00:00,27.753135119085007,31.041399532955535 
 05/21  19:00:00,26.8797054203185,30.49158433873981 
 05/21  20:00:00,25.7128778725091,29.44997984425942 
 05/21  21:00:00,24.944408588123339,28.79258261044601 
 05/21  22:00:00,24.50265352466591,28.400713782197216 
 05/21  23:00:00,23.891065462717365,27.850402850485126 
 05/21  24:00:00,23.656953512292476,27.546932593897617 
 05/22  01:00:00,23.359079590426057,27.125516352701113 
 05/22  02:00:00,23.042990695003497,26.66838994969894 
 05/22  03:00:00,22.744118466394178,26.20607696317692 
 05/22  04:00:00,22.552804195355564,25.836183454565949 
 05/22  05:00:00,22.37076685225469,25.466299116694793 
 05/22  06:00:00,22.225148699014619,25.133478838126757 
 05/22  07:00:00,22.807980034750096,25.572867392918178 
 05/22  08:00:00,24.021146396498094,26.650544247639858 
 05/22  09:00:00,24.555511453530469,27.124027973459265 
 05/22  10:00:00,25.748986124505508,28.195356152310738 
 05/22  11:00:00,26.202437207177036,28.725910135253746 
 05/22  12:00:00,26.44707568936356,29.025248844174258 
 05/22  13:00:00,26.872452775188394,29.55178162727602 
 05/22  14:00:00,27.075102185078014,29.850467137081798 
 05/22  15:00:00,27.566339388773068,30.63093974431836 
 05/22  16:00:00,28.39863645496549,31.685808547528088 
 05/22  17:00:00,28.993294504103383,32.726862780472959 
 05/22  18:00:00,28.773088403484406,32.858878264859878 
 05/22  19:00:00,27.844318705991467,32.121335946440648 
 05/22  20:00:00,26.63657722133796,31.00723363602188 
 05/22  21:00:00,25.963471208404628,30.38411135143889 
 05/22  22:00:00,25.61531096981667,30.06324152798936 
 05/22  23:00:00,25.069612639920217,29.54176972947331 
 05/22  24:00:00,24.688975890776257,29.089484518137846 
 05/23  01:00:00,24.441790701465729,28.743412081954806 
 05/23  02:00:00,24.228744371528444,28.40683628673906 
 05/23  03:00:00,23.845163186117497,27.89191305934675 
 05/23  04:00:00,23.708296384190967,27.585388542461346 
 05/23  05:00:00,23.553876814842345,27.22463388440354 
 05/23  06:00:00,23.22094202623856,26.718435225915085 
 05/23  07:00:00,23.81573981571008,27.19138015445064 
 05/23  08:00:00,25.05838467343492,28.329242537336396 
 05/23  09:00:00,26.467562430576114,29.6748593430898 
 05/23  10:00:00,27.363735031862988,30.61048930398742 
 05/23  11:00:00,27.504038837487394,30.864557490455696 
 05/23  12:00:00,27.46491741850921,30.819425455497656 
 05/23  13:00:00,27.726285706881165,31.175941541085849 
 05/23  14:00:00,28.065085294528357,31.721636182961775 
 05/23  15:00:00,28.710022703452414,32.719824264044259 
 05/23  16:00:00,29.62084474770846,33.957081249680999 
 05/23  17:00:00,30.05439346585214,34.767002376912859 
 05/23  18:00:00,29.937664735718639,35.02442006089247 
 05/23  19:00:00,29.097981854048805,34.46323778724909 
 05/23  20:00:00,27.98023897281567,33.40768648213002 
 05/23  21:00:00,27.18227240317088,32.630460013388148 
 05/23  22:00:00,26.79125455441255,32.20778074368715 
 05/23  23:00:00,26.21607738821894,31.583453826162356 
 05/23  24:00:00,25.820564896213289,31.079312071362727 
 05/24  01:00:00,25.56127482450784,30.67764796135114 
 05/24  02:00:00,25.317579508988407,30.25748507197514 
 05/24  03:00:00,24.920936388543223,29.68302533418047 
 05/24  04:00:00,24.72406084727384,29.28232251981909 
 05/24  05:00:00,24.51658378241214,28.84629620824318 
 05/24  06:00:00,24.176468189331304,28.299773094741356 
 05/24  07:00:00,24.699026709125464,28.669142173079164 
 05/24  08:00:00,25.784290080135614,29.62745506701304 
 05/24  09:00:00,27.065142595876976,30.798660928910758 
 05/24  10:00:00,27.936434183944227,31.61139579254609 
 05/24  11:00:00,28.109928783140199,31.77140050035525 
 05/24  12:00:00,28.2271637634821,31.893839155134477 
 05/24  13:00:00,28.42566073820526,32.17543438344069 
 05/24  14:00:00,28.523621432568363,32.39528958181175 
 05/24  15:00:00,29.06822812559846,33.20132259841995 
 05/24  16:00:00,29.939152507258183,34.3386629566245 
 05/24  17:00:00,30.41306621154255,35.11923205092017 
 05/24  18:00:00,30.375321760655557,35.413264028222879 
 05/24  19:00:00,29.50937794157548,34.742475202917749 
 05/24  20:00:00,28.30885399409746,33.51979343002285 
 05/24  21:00:00,27.430232199396597,32.63516626398226 
 05/24  22:00:00,27.06505050983894,32.26710233959491 
 05/24  23:00:00,26.536110675166577,31.73855297532939 
 05/24  24:00:00,26.28110521305119,31.400526823833354 
 05/25  01:00:00,26.036353281714108,31.000667419271339 
 05/25  02:00:00,25.779052639081834,30.562674849234566 
 05/25  03:00:00,25.58484170034839,30.173826235137413 
 05/25  04:00:00,25.36353932675923,29.769871083717655 
 05/25  05:00:00,25.14401245503428,29.378795697794055 
 05/25  06:00:00,25.014145382227797,29.076190774814124 
 05/25  07:00:00,25.569339530754925,29.53423017293104 
 05/25  08:00:00,26.85751864530728,30.731864691804277 
 05/25  09:00:00,28.232155612304266,32.08825885553713 
 05/25  10:00:00,28.936074310759318,32.85232487428571 
 05/25  11:00:00,28.970507513420299,32.99159729151249 
 05/25  12:00:00,28.97526352761699,33.009712785688247 
 05/25  13:00:00,29.16762421100459,33.305320206441269 
 05/25  14:00:00,29.454902438333308,33.79268889332053 
 05/25  15:00:00,30.050580450821277,34.74980825916198 
 05/25  16:00:00,30.962960736033709,35.9913791959613 
 05/25  17:00:00,31.436770951179278,36.86129730893576 
 05/25  18:00:00,31.258419036592298,37.011982346535649 
 05/25  19:00:00,30.53341699611888,36.62448614237341 
 05/25  20:00:00,29.45851229280512,35.64725969761463 
 05/25  21:00:00,28.837386710996193,35.09858580847218 
 05/25  22:00:00,28.39052647666368,34.6525363083818 
 05/25  23:00:00,27.855787908770905,34.03840766789675 
 05/25  24:00:00,27.70150544310432,33.79285093218624 
 05/26  01:00:00,27.39271253622543,33.328956716909477 
 05/26  02:00:00,27.073601398778224,32.818534567947079 
 05/26  03:00:00,26.90158268328447,32.45687971917825 
 05/26  04:00:00,26.61073972767058,31.975996769529965 
 05/26  05:00:00,26.35206134584287,31.55366732356285 
 05/26  06:00:00,26.19689275335195,31.224007091922958 
 05/26  07:00:00,26.767330224938506,31.671867065995316 
 05/26  08:00:00,27.87754426787088,32.63541549335574 
 05/26  09:00:00,28.273938266726888,33.01325339641946 
 05/26  10:00:00,29.391455941885839,33.982250227921969 
 05/26  11:00:00,29.675702937490187,34.360018693332147 
 05/26  12:00:00,29.97815905682107,34.747813818175568 
 05/26  13:00:00,30.034881930641853,34.82443024503014 
 05/26  14:00:00,30.142826313183318,34.96759928186798 
 05/26  15:00:00,30.612802452632825,35.73940965782524 
 05/26  16:00:00,31.29269218163087,36.548708461684288 
 05/26  17:00:00,31.639619336156025,37.18801359180291 
 05/26  18:00:00,30.447524911597449,36.17711348014878 
 05/26  19:00:00,30.124784544134685,35.94964310772403 
 05/26  20:00:00,29.15045868052232,35.01176146102775 
 05/26  21:00:00,28.779865459045547,34.626446735066497 
 05/26  22:00:00,28.172068424416854,34.01039803148955 
 05/26  23:00:00,27.876938494747536,33.657294453073138 
 05/26  24:00:00,27.781822553601239,33.470869210038809 
 05/27  01:00:00,27.489825033619114,33.026521063653209 
 05/27  02:00:00,27.192137770633914,32.54239934094821 
 05/27  03:00:00,27.089281364275487,32.254111481586139 
 05/27  04:00:00,26.839237451591239,31.83773342107948 
 05/27  05:00:00,26.5549213414058,31.34729597092811 
 05/27  06:00:00,25.740990212145314,30.128778450262908 
 05/27  07:00:00,26.670786339633687,31.117525204586046 
 05/27  08:00:00,27.447490694479265,31.79094880873425 
 05/27  09:00:00,26.803956082975039,30.75301702034848 
 05/27  10:00:00,28.072531818033764,32.13963414105909 
 05/27  11:00:00,28.570215754398679,32.524587364954879 
 05/27  12:00:00,27.747306689583213,31.433870124036504 
 05/27  13:00:00,28.483364102377466,32.29550913766782 
 05/27  14:00:00,28.953980580511574,32.74117793872182 
 05/27  15:00:00,27.99742449186255,31.597354766507978 
 05/27  16:00:00,28.515398485360039,32.24280715504641 
 05/27  17:00:00,28.55310522842932,32.30755231443866 
 05/27  18:00:00,27.189476103186995,30.728866252381616 
 05/27  19:00:00,27.01024816610746,30.582169112556934 
 05/27  20:00:00,26.408699104431926,29.953871883501795 
 05/27  21:00:00,25.706343273321396,29.052994308409035 
 05/27  22:00:00,25.586117520378229,28.892119968596917 
 05/27  23:00:00,25.502328451944888,28.74100276089274 
 05/27  24:00:00,24.96384682328507,27.967632267861079 
 05/28  01:00:00,24.91315618104948,27.84852347156829 
 05/28  02:00:00,24.88583531998988,27.744654616854949 
 05/28  03:00:00,24.429145152207324,27.061266636175455 
 05/28  04:00:00,24.381031893382774,26.942186106250529 
 05/28  05:00:00,24.350520302491615,26.827790504263626 
 05/28  06:00:00,23.936694749370547,26.222118372501208 
 05/28  07:00:00,24.110879015260818,26.35839655266311 
 05/28  08:00:00,24.658957833814694,26.869358922598864 
 05/28  09:00:00,24.95716715960501,27.04605373768677 
 05/28  10:00:00,25.558498132840407,27.699404078580416 
 05/28  11:00:00,26.191273598940847,28.288111019420314 
 05/28  12:00:00,25.590666126339639,27.610509346010205 
 05/28  13:00:00,26.344870154716653,28.531619476900376 
 05/28  14:00:00,26.843896854975545,29.12907620524065 
 05/28  15:00:00,26.206292893946725,28.411700961707046 
 05/28  16:00:00,26.714937652965685,29.098555906939756 
 05/28  17:00:00,26.881164679324308,29.373573818003487 
 05/28  18:00:00,25.749986703986044,28.08774872747074 
 05/28  19:00:00,25.539522516558479,27.959398982457093 
 05/28  20:00:00,24.880538031751465,27.3512967159435 
 05/28  21:00:00,24.190566404156749,26.559125133357527 
 05/28  22:00:00,24.036337429253288,26.440153319410628 
 05/28  23:00:00,23.94880610789271,26.365271698382619 
 05/28  24:00:00,23.414656296256554,25.65238288890101 
 05/29  01:00:00,23.38208761839953,25.6111385596516 
 05/29  02:00:00,23.33882597511551,25.532854729844936 
 05/29  03:00:00,22.8255142199641,24.821210536327948 
 05/29  04:00:00,22.753528769596234,24.70287157299383 
 05/29  05:00:00,22.714156156702758,24.61731303543335 
 05/29  06:00:00,22.21382530257347,23.952824945483518 
 05/29  07:00:00,22.41834976650819,24.10084460523208 
 05/29  08:00:00,23.036206106123758,24.703300367529633 
 05/29  09:00:00,22.688146554968559,24.232598968359903 
 05/29  10:00:00,23.739516672746537,25.337254288533459 
 05/29  11:00:00,24.495275319664136,25.986134463602917 
 05/29  12:00:00,23.809762055300039,25.26873448004423 
 05/29  13:00:00,24.317501847786219,25.830570499603796 
 05/29  14:00:00,24.86866315295567,26.38008252970249 
 05/29  15:00:00,23.986601899099047,25.497475174540335 
 05/29  16:00:00,24.613848108983686,26.174743202388535 
 05/29  17:00:00,24.790083013263364,26.405918675182606 
 05/29  18:00:00,23.582805105985388,25.143963087406829 
 05/29  19:00:00,23.527468470644359,25.115972748651246 
 05/29  20:00:00,23.027034588843429,24.653340157762658 
 05/29  21:00:00,22.379266319924896,23.929684077684877 
 05/29  22:00:00,22.263002188336225,23.815811454746176 
 05/29  23:00:00,22.167833523643748,23.69628666045049 
 05/29  24:00:00,21.578440017950649,22.990518686098853 
 05/30  01:00:00,21.537336415388056,22.915136320035459 
 05/30  02:00:00,21.51671355394325,22.846061091468589 
 05/30  03:00:00,20.946162596544477,22.157994131632138 
 05/30  04:00:00,20.927198812026878,22.082911396109084 
 05/30  05:00:00,20.959919692994214,22.018600271646414 
 05/30  06:00:00,20.45220546691715,21.41299133593345 
 05/30  07:00:00,21.097731875789024,22.06592459910227 
 05/30  08:00:00,22.341676091753216,23.19248285612358 
 05/30  09:00:00,23.878292915480228,24.56670349687693 
 05/30  10:00:00,24.65095956319805,25.37085460286563 
 05/30  11:00:00,24.768584446792987,25.589110386495613 
 05/30  12:00:00,25.179759335869457,26.124912776166484 
 05/30  13:00:00,25.20066362748086,26.336017965666806 
 05/30  14:00:00,25.330637740990157,26.760206166252929 
 05/30  15:00:00,25.91650531055048,27.58459058264087 
 05/30  16:00:00,26.844679410286234,28.873211151622379 
 05/30  17:00:00,27.37577042235481,29.78852817508902 
 05/30  18:00:00,27.304619361564219,30.048532472844849 
 05/30  19:00:00,26.493153055594797,29.580212765604789 
 05/30  20:00:00,25.357662712574255,28.579676890062506 
 05/30  21:00:00,24.549084486754386,27.861243802933524 
 05/30  22:00:00,24.156215804563329,27.52768137413522 
 05/30  23:00:00,23.57135212313418,27.024720140061797 
 05/30  24:00:00,23.222855351416745,26.646410310127636 
 05/31  01:00:00,22.994874223164375,26.328656120989025 
 05/31  02:00:00,22.782221138718968,25.992470167411996 
 05/31  03:00:00,22.426850671537708,25.50814007465113 
 05/31  04:00:00,22.245848727801968,25.184308624426849 
 05/31  05:00:00,22.06928891589814,24.83732959821748 
 05/31  06:00:00,21.84552972051351,24.462959909456605 
 05/31  07:00:00,22.63044633330932,25.16075301585125 
 05/31  08:00:00,24.07338186666285,26.487145175045428 
 05/31  09:00:00,25.141318948894545,27.545305532503325 
 05/31  10:00:00,26.177052733105023,28.591372330278064 
 05/31  11:00:00,26.40171711000254,28.934354238757274 
 05/31  12:00:00,26.921050233476167,29.611146503287736 
 05/31  13:00:00,26.999843881247047,29.829937992675075 
 05/31  14:00:00,26.971365114356094,29.871093982094125 
 05/31  15:00:00,27.70790383397184,30.946269409882019 
 05/31  16:00:00,28.535762917851085,32.042344828641059 
 05/31  17:00:00,28.94514256310296,32.86259136211303 
 05/31  18:00:00,28.248099317398887,32.52124844647852 
 05/31  19:00:00,27.60618459156661,32.082408092629517 
 05/31  20:00:00,26.598898928341325,31.205612353041177 
 05/31  21:00:00,26.077546475730509,30.753986801944245 
 05/31  22:00:00,25.30554438971409,30.01081779330165 
 05/31  23:00:00,24.969429770013208,29.630857071343195 
 05/31  24:00:00,24.489336836875198,29.07174270064312 
 06/01  01:00:00,24.06860118411157,28.51333238111477 
 06/01  02:00:00,23.769136046481486,28.067344155754215 
 06/01  03:00:00,23.31380402191272,27.454890797058828 
 06/01  04:00:00,23.18870365392023,27.151851075089135 
 06/01  05:00:00,22.959863047368129,26.709197463148933 
 06/01  06:00:00,22.86269349789693,26.42197366818615 
 06/01  07:00:00,23.398030046769585,26.79484841080292 
 06/01  08:00:00,24.737723004830217,27.985101091099709 
 06/01  09:00:00,26.226981347272507,29.3221973491993 
 06/01  10:00:00,26.884503773719833,29.943206561390427 
 06/01  11:00:00,27.047406235516435,30.097665148788577 
 06/01  12:00:00,27.11429146758289,30.191954670729606 
 06/01  13:00:00,27.266648426344653,30.444184752745654 
 06/01  14:00:00,27.485636671298687,30.815704532431327 
 06/01  15:00:00,28.085221967888406,31.746881395209657 
 06/01  16:00:00,28.97183043334408,32.9461742543576 
 06/01  17:00:00,29.47112760630651,33.823324142299899 
 06/01  18:00:00,29.363761891740297,34.04200892350332 
 06/01  19:00:00,28.52447039515963,33.499776769780527 
 06/01  20:00:00,27.283102123396828,32.318806492868549 
 06/01  21:00:00,26.445587353026285,31.515389047475574 
 06/01  22:00:00,25.943718925161546,31.045601440560639 
 06/01  23:00:00,25.609591949645805,30.702066321063844 
 06/01  24:00:00,25.09140591560669,30.15032882436124 
 06/02  01:00:00,24.863451499852738,29.77019278619833 
 06/02  02:00:00,24.609715653277367,29.310677234834875 
 06/02  03:00:00,24.249753598707025,28.74907977460962 
 06/02  04:00:00,24.057920750172025,28.345796787807609 
 06/02  05:00:00,23.885862934648796,27.9483765043066 
 06/02  06:00:00,23.62169429035307,27.47403323400514 
 06/02  07:00:00,24.4200908154837,28.14324811607719 
 06/02  08:00:00,25.76614382856679,29.33757536561636 
 06/02  09:00:00,27.271812299920194,30.738387359339734 
 06/02  10:00:00,27.88397261895593,31.35817674027347 
 06/02  11:00:00,28.009418572756123,31.542463227532474 
 06/02  12:00:00,27.84302866605337,31.32488291685767 
 06/02  13:00:00,27.932648569436308,31.478799201822388 
 06/02  14:00:00,28.19776159795636,31.928640179910233 
 06/02  15:00:00,28.761366553277406,32.83058081434546 
 06/02  16:00:00,29.612405694519145,34.00464598765579 
 06/02  17:00:00,30.066363501449918,34.824165489787898 
 06/02  18:00:00,29.900280768022975,34.98658088396482 
 06/02  19:00:00,29.155195459221806,34.54580238771964 
 06/02  20:00:00,28.081060945353689,33.55853037479916 
 06/02  21:00:00,27.174149940624817,32.682055835617308 
 06/02  22:00:00,26.88284573834669,32.39106969231691 
 06/02  23:00:00,26.362196121259318,31.859040620806984 
 06/02  24:00:00,25.98984226462008,31.40628949990421 
 06/03  01:00:00,25.735426616288654,30.989545953796914 
 06/03  02:00:00,25.49816550383728,30.540630415239826 
 06/03  03:00:00,25.137246087214466,29.967982833856217 
 06/03  04:00:00,24.92560218256424,29.548851844445566 
 06/03  05:00:00,24.730551391616389,29.1346000024612 
 06/03  06:00:00,24.410392613050193,28.61090886816877 
 06/03  07:00:00,25.025086228597766,29.086028028275967 
 06/03  08:00:00,26.317376565112747,30.23802225124748 
 06/03  09:00:00,27.740789356167544,31.5426216574524 
 06/03  10:00:00,28.32169954772531,32.076150172671 
 06/03  11:00:00,28.471138664395597,32.212927713212639 
 06/03  12:00:00,28.4264963277474,32.155754327976769 
 06/03  13:00:00,28.500510461927236,32.31985476967657 
 06/03  14:00:00,28.702061447574875,32.65675623895875 
 06/03  15:00:00,29.232463433984568,33.468476474117839 
 06/03  16:00:00,30.07771611821972,34.571677890047457 
 06/03  17:00:00,30.55203042149945,35.360900272772607 
 06/03  18:00:00,30.409284403194137,35.49925391785828 
 06/03  19:00:00,29.702653870169585,35.041339243493357 
 06/03  20:00:00,28.519532440644644,33.862718941058449 
 06/03  21:00:00,27.66672117899863,33.01646534646949 
 06/03  22:00:00,27.259628485860234,32.5935764340259 
 06/03  23:00:00,26.677439508868198,31.986293166936 
 06/03  24:00:00,26.317279883127126,31.519896923718269 
 06/04  01:00:00,26.081386462215197,31.14087116731941 
 06/04  02:00:00,25.84126624277294,30.72613459990666 
 06/04  03:00:00,25.50939761767396,30.218305777761125 
 06/04  04:00:00,25.325923446418928,29.843272329425817 
 06/04  05:00:00,25.119260550732478,29.429384982885705 
 06/04  06:00:00,24.807950544485956,28.92922341738542 
 06/04  07:00:00,25.460502194638417,29.457368259715719 
 06/04  08:00:00,26.77259030352913,30.632150895813976 
 06/04  09:00:00,28.178576311525924,31.946043305497818 
 06/04  10:00:00,28.773465291567289,32.534747458386217 
 06/04  11:00:00,28.917485212559595,32.72635751839613 
 06/04  12:00:00,28.87603260937249,32.649497351138659 
 06/04  13:00:00,28.937649311808856,32.783768116483518 
 06/04  14:00:00,29.147155834641319,33.139612445874458 
 06/04  15:00:00,29.65268933647496,33.93129900987817 
 06/04  16:00:00,30.495443375157,35.04910421246967 
 06/04  17:00:00,30.984919875736485,35.872534859158708 
 06/04  18:00:00,30.88396605199241,36.04210576080105 
 06/04  19:00:00,30.102370601560318,35.52680265308183 
 06/04  20:00:00,28.94237213745108,34.38718753294426 
 06/04  21:00:00,28.116317942245958,33.566626714696827 
 06/04  22:00:00,27.732181658782915,33.173281761013 
 06/04  23:00:00,27.17471820289559,32.59568329230636 
 06/04  24:00:00,26.880742648455276,32.20073887179955 
 06/05  01:00:00,26.60373475442789,31.783912570526686 
 06/05  02:00:00,26.329998529138338,31.35067587002292 
 06/05  03:00:00,25.983557795521774,30.834167812364485 
 06/05  04:00:00,25.800032237086414,30.47444603351755 
 06/05  05:00:00,25.611250795459804,30.102183336159244 
 06/05  06:00:00,25.37598849924003,29.694083897031413 
 06/05  07:00:00,25.97772154423744,30.172953840002469 
 06/05  08:00:00,27.24564721940475,31.309244338029285 
 06/05  09:00:00,28.647672494368334,32.64071584059907 
 06/05  10:00:00,29.22064186505964,33.218103390949327 
 06/05  11:00:00,29.384438754511139,33.45864811795163 
 06/05  12:00:00,29.50399182132549,33.584793781004048 
 06/05  13:00:00,29.518629090928714,33.64443276928675 
 06/05  14:00:00,29.54967583978513,33.77730061587099 
 06/05  15:00:00,30.236669014641828,34.802484928447658 
 06/05  16:00:00,31.06200460605181,35.914284008098238 
 06/05  17:00:00,31.34332870107947,36.45374163823749 
 06/05  18:00:00,30.69641299171709,36.15444788852587 
 06/05  19:00:00,30.048147575389938,35.63255780711303 
 06/05  20:00:00,29.150933501953739,34.75806858350561 
 06/05  21:00:00,28.57073938579134,34.188201288306057 
 06/05  22:00:00,28.139397259440579,33.74092275481461 
 06/05  23:00:00,27.597791868990865,33.161313945501238 
 06/05  24:00:00,27.31657294867751,32.77451529452429 
 06/06  01:00:00,27.017692973480469,32.34558905454179 
 06/06  02:00:00,26.714777176335298,31.896883255213326 
 06/06  03:00:00,26.412292753283386,31.433544515862719 
 06/06  04:00:00,26.179376182222499,31.026336406051287 
 06/06  05:00:00,25.961217880339438,30.62018034030893 
 06/06  06:00:00,25.743282502169678,30.218345633784126 
 06/06  07:00:00,26.501496144282894,30.922810073108587 
 06/06  08:00:00,27.775506057751714,32.07901495028027 
 06/06  09:00:00,29.20635185521227,33.52229990426272 
 06/06  10:00:00,29.767606769349354,34.1209321593162 
 06/06  11:00:00,29.89131015694025,34.33312454504752 
 06/06  12:00:00,30.074181639341714,34.558075128586718 
 06/06  13:00:00,30.026532119862034,34.575056808896558 
 06/06  14:00:00,30.223059934105839,34.91033047936507 
 06/06  15:00:00,30.814964153613695,35.912158208068159 
 06/06  16:00:00,31.641975952143416,36.94220627871714 
 06/06  17:00:00,32.074284000026057,37.77403748639795 
 06/06  18:00:00,31.40784356611575,37.44989517893426 
 06/06  19:00:00,30.86909004129573,37.05398927183471 
 06/06  20:00:00,29.848670940437576,36.07692717849562 
 06/06  21:00:00,29.220458127568663,35.43120706488156 
 06/06  22:00:00,28.564539428137658,34.73965597959476 
 06/06  23:00:00,28.315612031269038,34.45110691828365 
 06/06  24:00:00,27.97971171252309,34.03172404839617 
 06/07  01:00:00,27.687100860000343,33.600412739408557 
 06/07  02:00:00,27.396326176416737,33.14720262627436 
 06/07  03:00:00,27.24063568701594,32.818161841816387 
 06/07  04:00:00,26.978207873971607,32.35588306699701 
 06/07  05:00:00,26.732181854311145,31.918383842201956 
 06/07  06:00:00,26.582993164987927,31.573172662454078 
 06/07  07:00:00,27.27029351706037,32.198169071776387 
 06/07  08:00:00,28.537010973644337,33.3312443918621 
 06/07  09:00:00,29.89507174077508,34.68612024753066 
 06/07  10:00:00,30.44695447066108,35.26202952961167 
 06/07  11:00:00,30.56249078267305,35.48832766108283 
 06/07  12:00:00,30.463018212672336,35.38155698196998 
 06/07  13:00:00,30.510079190933618,35.494865937095848 
 06/07  14:00:00,30.657394103644415,35.79041925052468 
 06/07  15:00:00,31.315733014901963,36.82166300222441 
 06/07  16:00:00,32.13340408820997,37.96221924162024 
 06/07  17:00:00,32.41335767487943,38.52778020986976 
 06/07  18:00:00,30.830945290420325,36.762331083698459 
 06/07  19:00:00,30.607780721425198,36.93840327346364 
 06/07  20:00:00,30.078306408202985,36.61283518153571 
 06/07  21:00:00,28.529394475804005,34.45312438187564 
 06/07  22:00:00,28.461808746885379,34.61372065694595 
 06/07  23:00:00,28.55935773601121,34.79518097682334 
 06/07  24:00:00,27.192063108742738,32.799516448469947 
 06/08  01:00:00,27.376100596297197,32.964522031919 
 06/08  02:00:00,27.594517916593654,33.12119332934225 
 06/08  03:00:00,26.02700498655443,30.971309170157423 
 06/08  04:00:00,26.300313802013077,31.173172105067424 
 06/08  05:00:00,26.52558828739108,31.27213646523448 
 06/08  06:00:00,25.414311051937223,29.671745863222914 
 06/08  07:00:00,26.847416699291345,31.137161139310988 
 06/08  08:00:00,28.109315390640498,32.24314480767044 
 06/08  09:00:00,29.465438506096434,33.60027889958124 
 06/08  10:00:00,30.163126739251813,34.20715624002674 
 06/08  11:00:00,30.318334977921145,34.3709594729708 
 06/08  12:00:00,30.271323789768425,34.346412906610087 
 06/08  13:00:00,30.333533396397855,34.540059153253007 
 06/08  14:00:00,30.539277173782247,34.865731769478838 
 06/08  15:00:00,31.047982766314328,35.706553735499578 
 06/08  16:00:00,31.995374323491299,36.983838465759408 
 06/08  17:00:00,32.48236734646398,37.88064086397718 
 06/08  18:00:00,32.41414721469076,38.14338467039729 
 06/08  19:00:00,31.622133195935306,37.710102877863487 
 06/08  20:00:00,30.48665612065029,36.64708275010009 
 06/08  21:00:00,29.750291392055908,35.93469508229807 
 06/08  22:00:00,29.20384343773471,35.39458282825922 
 06/08  23:00:00,28.828644249462763,34.992526571303 
 06/08  24:00:00,28.324132367802759,34.43724478991072 
 06/09  01:00:00,28.079579486727846,34.0714595390962 
 06/09  02:00:00,27.8172401011172,33.645348864886148 
 06/09  03:00:00,27.526737243606065,33.180303319472077 
 06/09  04:00:00,27.291284884313506,32.742275081239899 
 06/09  05:00:00,27.045136345801447,32.28430444295112 
 06/09  06:00:00,26.752790737665884,31.782712129025389 
 06/09  07:00:00,27.536879883268605,32.49610518714471 
 06/09  08:00:00,28.785129976428086,33.61084240690074 
 06/09  09:00:00,30.151985658440095,34.95436970828953 
 06/09  10:00:00,30.679467981093589,35.501039217026079 
 06/09  11:00:00,30.756847504734528,35.63809020731931 
 06/09  12:00:00,30.70964131638374,35.50813574933861 
 06/09  13:00:00,30.733312850626473,35.56660908287068 
 06/09  14:00:00,30.881285474344297,35.847243430534827 
 06/09  15:00:00,31.349273970098694,36.598080820504247 
 06/09  16:00:00,32.228668254933037,37.76297334653205 
 06/09  17:00:00,32.78092535691516,38.67063351640458 
 06/09  18:00:00,32.76386632365083,38.946355066631657 
 06/09  19:00:00,32.061572977590959,38.55964690698804 
 06/09  20:00:00,30.908219696876356,37.45884577033062 
 06/09  21:00:00,30.12371499057175,36.682083026673968 
 06/09  22:00:00,29.721162050001376,36.25505317569565 
 06/09  23:00:00,29.142938976269354,35.6314128830425 
 06/09  24:00:00,28.8077757239992,35.19456898180853 
 06/10  01:00:00,28.56318988138952,34.824422923789359 
 06/10  02:00:00,28.33061831354683,34.433416423386507 
 06/10  03:00:00,28.06589767331162,33.99602733002209 
 06/10  04:00:00,27.827423758224297,33.57898469651856 
 06/10  05:00:00,27.588234944119845,33.1605444527716 
 06/10  06:00:00,27.398092999991609,32.78916837514787 
 06/10  07:00:00,28.09595207969663,33.43247838714524 
 06/10  08:00:00,29.30770440000554,34.50560562327917 
 06/10  09:00:00,29.730147054372066,34.98440051650057 
 06/10  10:00:00,30.884612034412326,36.01484512415678 
 06/10  11:00:00,30.96481908771152,36.220273096371659 
 06/10  12:00:00,30.823835514943647,36.06527325217629 
 06/10  13:00:00,30.846501178303638,36.13535146601224 
 06/10  14:00:00,31.1763951967043,36.6565927914271 
 06/10  15:00:00,31.812411825819234,37.71698059920793 
 06/10  16:00:00,32.643667782408758,38.774022606513188 
 06/10  17:00:00,33.155636677884547,39.68653217533296 
 06/10  18:00:00,32.96988067205298,39.92188998051864 
 06/10  19:00:00,32.244016611794119,39.34282667885644 
 06/10  20:00:00,31.094841119530949,38.19125558921169 
 06/10  21:00:00,30.2868188385866,37.338082854351 
 06/10  22:00:00,29.75564308202413,36.760427846997448 
 06/10  23:00:00,29.37213060503734,36.319660344325168 
 06/10  24:00:00,28.899285782386789,35.75657686522955 
 06/11  01:00:00,28.627882294306155,35.3239994939684 
 06/11  02:00:00,28.352718174477475,34.84664781606284 
 06/11  03:00:00,28.158957175085289,34.44020192593169 
 06/11  04:00:00,27.916830964729763,33.97227389676672 
 06/11  05:00:00,27.697009403745456,33.528695247024277 
 06/11  06:00:00,27.581667822177683,33.19020854876955 
 06/11  07:00:00,28.263798315994298,33.78554984700157 
 06/11  08:00:00,29.45151993093152,34.81305285600372 
 06/11  09:00:00,29.872376930508115,35.27398936945267 
 06/11  10:00:00,30.92427313273629,36.14255812093639 
 06/11  11:00:00,31.23232324349427,36.570257372558518 
 06/11  12:00:00,31.34587122393666,36.807202604636767 
 06/11  13:00:00,31.501995921181945,36.95697404928651 
 06/11  14:00:00,31.588523231560793,37.06114058441868 
 06/11  15:00:00,32.02657992453497,37.86604586786103 
 06/11  16:00:00,32.768156895124139,38.71562881542525 
 06/11  17:00:00,33.329943456459947,39.68792978793188 
 06/11  18:00:00,32.62543385654669,39.279557061031429 
 06/11  19:00:00,32.05691901147708,38.801419846513528 
 06/11  20:00:00,31.02817523041496,37.79213972307605 
 06/11  21:00:00,30.388738562498629,37.1085501341625 
 06/11  22:00:00,29.669678477722575,36.34767685429981 
 06/11  23:00:00,29.338312478910866,35.93369142141537 
 06/11  24:00:00,28.075143698546648,34.236631548689789 
 06/12  01:00:00,28.039994509243038,34.20315582715917 
 06/12  02:00:00,28.060509605955205,34.139745157489439 
 06/12  03:00:00,27.32844483933723,32.89236700718958 
 06/12  04:00:00,27.27740780275113,32.752039861675189 
 06/12  05:00:00,27.211435132525396,32.527362804694629 
 06/12  06:00:00,26.52821112370949,31.352952718787536 
 06/12  07:00:00,26.64845995103791,31.35197922431313 
 06/12  08:00:00,27.137040443140064,31.716534528857978 
 06/12  09:00:00,26.68469155075214,30.89131538704039 
 06/12  10:00:00,27.959354193880797,32.17779697498059 
 06/12  11:00:00,28.425372339780894,32.52254328510142 
 06/12  12:00:00,27.92036425475274,31.692955841699285 
 06/12  13:00:00,28.537726547036607,32.359249084093679 
 06/12  14:00:00,28.799631196641003,32.57083303642996 
 06/12  15:00:00,27.879949016034716,31.430842253303085 
 06/12  16:00:00,28.064290340704809,31.670864212827558 
 06/12  17:00:00,28.207192568178735,31.837118733956726 
 06/12  18:00:00,27.04849423380082,30.453836576492639 
 06/12  19:00:00,26.982731388385738,30.419116369145937 
 06/12  20:00:00,26.437086675018088,29.838504633278043 
 06/12  21:00:00,25.700171038290468,28.886377849584919 
 06/12  22:00:00,25.595058431120706,28.758094346601973 
 06/12  23:00:00,25.540726356856078,28.656362718761668 
 06/12  24:00:00,24.97553968803222,27.84519370519372 
 06/13  01:00:00,24.93870478117677,27.760314671416344 
 06/13  02:00:00,24.95931104380631,27.73844023962127 
 06/13  03:00:00,24.446021106039333,26.976701342242405 
 06/13  04:00:00,24.40869217230691,26.885962720917868 
 06/13  05:00:00,24.38680113895923,26.767674564217498 
 06/13  06:00:00,23.949611534372904,26.13516790726454 
 06/13  07:00:00,24.052579191844857,26.206630002553238 
 06/13  08:00:00,24.368483001018768,26.455198976550894 
 06/13  09:00:00,24.37525253990742,26.317116031283395 
 06/13  10:00:00,25.690804975797286,27.712571874630308 
 06/13  11:00:00,26.494131531965438,28.582591663859025 
 06/13  12:00:00,26.487989010949968,28.470640104732529 
 06/13  13:00:00,26.888226488192847,29.0564648231453 
 06/13  14:00:00,27.350020411317354,29.670499683582649 
 06/13  15:00:00,27.14213100338732,29.477568283139349 
 06/13  16:00:00,28.236704885628563,30.849523542424984 
 06/13  17:00:00,28.93405934674079,31.96035340986619 
 06/13  18:00:00,27.84183222850372,30.88004934940196 
 06/13  19:00:00,27.557793011809179,30.699326324157356 
 06/13  20:00:00,26.859080210655344,30.097659053624679 
 06/13  21:00:00,26.078229906076524,29.160185324497399 
 06/13  22:00:00,25.788202713896948,29.023367183304324 
 06/13  23:00:00,25.63733205051947,28.981973835551 
 06/13  24:00:00,25.225668961108963,28.31419816353813 
 06/14  01:00:00,25.11359771260855,28.240544788321964 
 06/14  02:00:00,25.029960583439946,28.191605488322606 
 06/14  03:00:00,24.71460882898986,27.623507908323693 
 06/14  04:00:00,24.582805324595407,27.475292240099014 
 06/14  05:00:00,24.46288341469952,27.335957164043167 
 06/14  06:00:00,24.149346113224074,26.801289527765527 
 06/14  07:00:00,24.190397003798883,26.831570650419278 
 06/14  08:00:00,24.496787060326903,27.156592183545905 
 06/14  09:00:00,24.5451970119762,27.022873120907226 
 06/14  10:00:00,25.551242754519146,28.14792098957853 
 06/14  11:00:00,26.568689286641,29.277421802385363 
 06/14  12:00:00,26.580246497946019,29.141854817881936 
 06/14  13:00:00,26.92652754704975,29.66361473554588 
 06/14  14:00:00,27.346778791504396,30.193187722809726 
 06/14  15:00:00,26.98402907977519,29.586710834872308 
 06/14  16:00:00,28.20417541341033,31.256947113849479 
 06/14  17:00:00,28.954324158606498,32.353569057466838 
 06/14  18:00:00,28.13516432263613,31.446616933286017 
 06/14  19:00:00,27.85738043959109,31.385618536971607 
 06/14  20:00:00,27.021009619680659,30.607005850599966 
 06/14  21:00:00,26.022083057160008,29.419629173523718 
 06/14  22:00:00,25.967927630742329,29.51386470155575 
 06/14  23:00:00,25.75163817210557,29.37296919247254 
 06/14  24:00:00,25.16318158498066,28.49088383710543 
 06/15  01:00:00,25.062546637825809,28.43061397151475 
 06/15  02:00:00,25.032537272626685,28.41381682369872 
 06/15  03:00:00,24.64743483352187,27.720071787627789 
 06/15  04:00:00,24.56881717340744,27.626570442837904 
 06/15  05:00:00,24.53165601570344,27.583022158197055 
 06/15  06:00:00,24.166662788300415,26.929188771581776 
 06/15  07:00:00,24.640463208905339,27.504320871632048 
 06/15  08:00:00,25.577635821532483,28.40520835314775 
 06/15  09:00:00,27.019983477595156,29.912361498866866 
 06/15  10:00:00,27.75439989111383,30.767804687478493 
 06/15  11:00:00,28.003728381711356,31.16633928407599 
 06/15  12:00:00,28.29081301800413,31.635046044390909 
 06/15  13:00:00,28.260423612943187,31.77573671973984 
 06/15  14:00:00,28.17193925665677,31.774268996800516 
 06/15  15:00:00,28.730832423332445,32.65510156497021 
 06/15  16:00:00,29.616305343428246,33.83623254803091 
 06/15  17:00:00,30.107650297478814,34.71993867367091 
 06/15  18:00:00,30.07592599408291,34.99107693868896 
 06/15  19:00:00,29.441975993369167,34.745975584090967 
 06/15  20:00:00,28.38087984100271,33.80131665527144 
 06/15  21:00:00,27.43806474305481,32.9281757009007 
 06/15  22:00:00,27.18904893551087,32.66968649607283 
 06/15  23:00:00,26.712624591096735,32.149884866824567 
 06/15  24:00:00,26.451421990457633,31.79365967234451 
 06/16  01:00:00,26.22321432496213,31.45008403537954 
 06/16  02:00:00,26.027512681617048,31.120821701306114 
 06/16  03:00:00,25.57700365166646,30.247035081809789 
 06/16  04:00:00,25.531591491538309,30.146323823839074 
 06/16  05:00:00,25.467497468418878,29.99461247401547 
 06/16  06:00:00,24.996691868338368,29.104970160942874 
 06/16  07:00:00,25.466122554240387,29.626463710831716 
 06/16  08:00:00,26.138993983662265,30.221377210884815 
 06/16  09:00:00,26.38192746848475,30.336885653983854 
 06/16  10:00:00,27.502822586623027,31.405179924807674 
 06/16  11:00:00,28.308974657073173,32.310901426347857 
 06/16  12:00:00,27.67826906910942,31.20098403478322 
 06/16  13:00:00,28.162936295101404,31.968066665732949 
 06/16  14:00:00,28.415418378049219,32.291033704965247 
 06/16  15:00:00,28.24468802347253,32.004222075790519 
 06/16  16:00:00,29.414697225149749,33.5242859878529 
 06/16  17:00:00,29.912997037910036,34.22741165688361 
 06/16  18:00:00,29.16322831578858,33.347219017251827 
 06/16  19:00:00,29.035652496967253,33.43431581460903 
 06/16  20:00:00,28.11509097997347,32.52041002178266 
 06/16  21:00:00,27.02995913841376,31.169774659595146 
 06/16  22:00:00,26.7849615678943,30.992082261213015 
 06/16  23:00:00,26.693866445383809,30.91917460360419 
 06/16  24:00:00,26.04824064353517,29.936682519778399 
 06/17  01:00:00,26.01588942571343,29.87343817633908 
 06/17  02:00:00,26.00199607111284,29.815992325296646 
 06/17  03:00:00,25.467882308797607,28.964498812623615 
 06/17  04:00:00,25.419582761028964,28.864912353253716 
 06/17  05:00:00,25.420337277843378,28.810909069302779 
 06/17  06:00:00,24.945102034239726,28.04504433846988 
 06/17  07:00:00,25.43199982008821,28.60145173375244 
 06/17  08:00:00,26.229749879201117,29.364155569789604 
 06/17  09:00:00,26.426338961814765,29.521211576575437 
 06/17  10:00:00,27.499130120608997,30.59226157849719 
 06/17  11:00:00,28.04296735417173,31.245444944862073 
 06/17  12:00:00,28.08672461954164,31.398107638417696 
 06/17  13:00:00,28.2176603904429,31.632931542413105 
 06/17  14:00:00,28.58246015749365,32.07991913116077 
 06/17  15:00:00,28.5895687051935,32.421714036347768 
 06/17  16:00:00,29.498892659565365,33.439550010404818 
 06/17  17:00:00,30.150334543197137,34.524757900546379 
 06/17  18:00:00,29.16663117100821,33.892934182279777 
 06/17  19:00:00,28.91070080799644,33.78648338518617 
 06/17  20:00:00,28.15637224158217,33.221311447575867 
 06/17  21:00:00,27.498213428318196,32.69327282314601 
 06/17  22:00:00,27.273445494336984,32.50806265354086 
 06/17  23:00:00,26.980314808111424,32.221187965875447 
 06/17  24:00:00,26.76034020211298,31.99269186355001 
 06/18  01:00:00,26.585359666930836,31.71436596401854 
 06/18  02:00:00,26.3561498541614,31.35730042945515 
 06/18  03:00:00,26.25597445443065,31.160507638756376 
 06/18  04:00:00,26.10312817650072,30.870974615903945 
 06/18  05:00:00,25.895107870444496,30.48546254077266 
 06/18  06:00:00,25.76299942419473,30.211663972700824 
 06/18  07:00:00,26.21947720774386,30.669975860712129 
 06/18  08:00:00,27.3381970171668,31.685517447315776 
 06/18  09:00:00,28.60485007730202,32.98939399203882 
 06/18  10:00:00,29.343805101193906,33.79702283698773 
 06/18  11:00:00,29.50804451789876,34.10032421541182 
 06/18  12:00:00,29.785257761094369,34.54327601361494 
 06/18  13:00:00,29.763661933759509,34.59005720917415 
 06/18  14:00:00,29.808897385669679,34.71136230402721 
 06/18  15:00:00,30.498988650860036,35.725411873061847 
 06/18  16:00:00,31.34690872045541,36.850077422645878 
 06/18  17:00:00,31.637277959623327,37.4212180047402 
 06/18  18:00:00,31.010733370447466,37.211881969800248 
 06/18  19:00:00,30.239910343163019,36.61999845323767 
 06/18  20:00:00,29.365379590292,35.81265778900713 
 06/18  21:00:00,28.23027588911299,34.22527708792927 
 06/18  22:00:00,27.96701579381462,34.154493015470617 
 06/18  23:00:00,27.885437624756606,34.21229221658337 
 06/18  24:00:00,27.309431543924445,33.093277651298908 
 06/19  01:00:00,27.25333621307284,33.03743820906792 
 06/19  02:00:00,27.229232661860065,32.998865681465847 
 06/19  03:00:00,26.723842888045309,31.95285197728181 
 06/19  04:00:00,26.697667679727489,31.86957304779564 
 06/19  05:00:00,26.681417520955724,31.767176335320714 
 06/19  06:00:00,26.285788417022247,30.900800416570737 
 06/19  07:00:00,26.475486082562087,31.058888520309915 
 06/19  08:00:00,27.221461206215336,31.826742743495438 
 06/19  09:00:00,27.641334848631595,32.19013880634199 
 06/19  10:00:00,28.70172194430433,33.14891450349231 
 06/19  11:00:00,29.188667858207567,33.65296566677566 
 06/19  12:00:00,28.863826373754116,32.93605412395924 
 06/19  13:00:00,29.32970781538737,33.65427220375363 
 06/19  14:00:00,29.703729637386915,34.132924359355637 
 06/19  15:00:00,29.054478989588888,33.21971002941602 
 06/19  16:00:00,30.19145140114877,34.712128259199158 
 06/19  17:00:00,30.3527764896291,34.98300593771387 
 06/19  18:00:00,29.32397193480698,33.685046790020447 
 06/19  19:00:00,29.181545597729874,33.76784366834113 
 06/19  20:00:00,28.444005872071437,33.029618380269138 
 06/19  21:00:00,27.450033721640776,31.790238083573116 
 06/19  22:00:00,27.273413728909163,31.68422092711535 
 06/19  23:00:00,27.217545282199667,31.65328910060797 
 06/19  24:00:00,26.652027099918159,30.721759862777753 
 06/20  01:00:00,26.595221347688154,30.66298673102241 
 06/20  02:00:00,26.55053799209311,30.592955894218627 
 06/20  03:00:00,26.022870435917583,29.697076437016464 
 06/20  04:00:00,25.95842076864422,29.59660422509822 
 06/20  05:00:00,25.925342159497494,29.520857324819656 
 06/20  06:00:00,25.45536062958604,28.7364713504728 
 06/20  07:00:00,25.898799217652188,29.256429952508968 
 06/20  08:00:00,26.574162246034328,29.914589860533306 
 06/20  09:00:00,27.41178038531785,30.76524454005026 
 06/20  10:00:00,28.201090014270876,31.527391494920779 
 06/20  11:00:00,28.55385832858967,31.935743356679109 
 06/20  12:00:00,28.779318889717655,32.22449818509538 
 06/20  13:00:00,28.942997365744767,32.47801232973467 
 06/20  14:00:00,29.087346321259547,32.71170486115002 
 06/20  15:00:00,29.601517600091534,33.47955014453937 
 06/20  16:00:00,30.310263376837598,34.397312200184789 
 06/20  17:00:00,30.73974998120653,35.12052370514206 
 06/20  18:00:00,30.69773520955908,35.325171910694979 
 06/20  19:00:00,30.00478960419906,34.93847614169795 
 06/20  20:00:00,28.862621945024274,33.831995575195119 
 06/20  21:00:00,28.002798486447757,33.013678803340159 
 06/20  22:00:00,27.66796320612537,32.70125398938148 
 06/20  23:00:00,27.128339060841215,32.18750654940232 
 06/20  24:00:00,26.7725675153059,31.76358267981211 
 06/21  01:00:00,26.54546482699314,31.43261396082746 
 06/21  02:00:00,26.2767947350415,31.02982204592437 
 06/21  03:00:00,25.834911975022103,30.44888645855189 
 06/21  04:00:00,25.695249138804358,30.151821085076539 
 06/21  05:00:00,25.585893138312657,29.86172260145755 
 06/21  06:00:00,25.306510038869044,29.441550204981046 
 06/21  07:00:00,25.412797791681088,29.383863928985059 
 06/21  08:00:00,25.83940920885939,29.696036490738487 
 06/21  09:00:00,26.07353345315804,29.785496122014864 
 06/21  10:00:00,27.08700575277225,30.817739126540855 
 06/21  11:00:00,28.021534294601474,31.751541765438146 
 06/21  12:00:00,28.24969412772691,31.944457334800995 
 06/21  13:00:00,28.191592185015915,31.924033975190658 
 06/21  14:00:00,28.27615572191648,32.10029676992504 
 06/21  15:00:00,28.901892720933618,32.983379028285828 
 06/21  16:00:00,29.867938963021808,34.24193730478987 
 06/21  17:00:00,30.64977770643315,35.48781478711794 
 06/21  18:00:00,30.552381397163367,35.622926474708247 
 06/21  19:00:00,29.94028695842218,35.32921740184928 
 06/21  20:00:00,28.80636921066793,34.27006013682197 
 06/21  21:00:00,27.791180003790534,33.2419811057336 
 06/21  22:00:00,27.527624647701438,33.00843952024016 
 06/21  23:00:00,27.013727942436647,32.49538806769564 
 06/21  24:00:00,26.636736283401903,32.039706722558069 
 06/22  01:00:00,26.383693844535374,31.670796917078936 
 06/22  02:00:00,26.13599660495056,31.26801259774455 
 06/22  03:00:00,25.831816986776596,30.791259478467454 
 06/22  04:00:00,25.611070248641377,30.397489755694033 
 06/22  05:00:00,25.41640908100819,30.014569670607054 
 06/22  06:00:00,25.14121699800346,29.55689538349342 
 06/22  07:00:00,25.87790785962739,30.21310051512682 
 06/22  08:00:00,27.134095126494,31.326870176022834 
 06/22  09:00:00,28.41396459190367,32.57579191193607 
 06/22  10:00:00,28.977847410156995,33.07230375141665 
 06/22  11:00:00,29.24000968866202,33.36136821514259 
 06/22  12:00:00,29.036471359273098,33.19229947948429 
 06/22  13:00:00,29.02875409738285,33.11876943927876 
 06/22  14:00:00,29.110098240220368,33.29810046247134 
 06/22  15:00:00,29.513580422523746,33.91450248577339 
 06/22  16:00:00,30.20211713374307,34.76144881926791 
 06/22  17:00:00,30.600025667414298,35.44079472381674 
 06/22  18:00:00,30.02474401198447,35.12833573953213 
 06/22  19:00:00,29.532676120328419,34.76727037206845 
 06/22  20:00:00,28.543999044228497,33.83165282571657 
 06/22  21:00:00,28.02830573550742,33.35163807622343 
 06/22  22:00:00,27.513376077042915,32.83463242718401 
 06/22  23:00:00,26.934242867593875,32.24190180653537 
 06/22  24:00:00,26.616072524483294,31.827787997477907 
 06/23  01:00:00,26.33330234917461,31.40874395709518 
 06/23  02:00:00,26.09329573534395,31.005837303892368 
 06/23  03:00:00,25.74395728956496,30.478929474853158 
 06/23  04:00:00,25.569145324016536,30.124211006107517 
 06/23  05:00:00,25.371732320633357,29.73406928416607 
 06/23  06:00:00,25.050863047762314,29.239082287035268 
 06/23  07:00:00,25.693592105554129,29.759724639568675 
 06/23  08:00:00,26.954718556086364,30.89352645355576 
 06/23  09:00:00,28.368499620801253,32.22140415810116 
 06/23  10:00:00,29.012331981717375,32.87020207840855 
 06/23  11:00:00,29.161756008427209,33.10620593850289 
 06/23  12:00:00,29.084283077353736,33.00424315205851 
 06/23  13:00:00,29.11059983555255,33.08759948721037 
 06/23  14:00:00,29.297984159839456,33.4235835989774 
 06/23  15:00:00,29.78382824762428,34.22386935423697 
 06/23  16:00:00,30.671602880958404,35.44232767965126 
 06/23  17:00:00,31.245728115483119,36.39600010518042 
 06/23  18:00:00,31.24765855705325,36.717249979430338 
 06/23  19:00:00,30.60781315609514,36.42042084184962 
 06/23  20:00:00,29.458572200280508,35.350141872305119 
 06/23  21:00:00,28.616766389284419,34.50630417850291 
 06/23  22:00:00,28.206367488771325,34.08733298893141 
 06/23  23:00:00,27.596977139849217,33.44656094016066 
 06/23  24:00:00,27.226504197494728,32.97527052497681 
 06/24  01:00:00,26.9664008146192,32.59133483030526 
 06/24  02:00:00,26.705658744691769,32.18186475649114 
 06/24  03:00:00,26.340727214943095,31.658892446560836 
 06/24  04:00:00,26.152461804290494,31.26580219643396 
 06/24  05:00:00,25.952312200410355,30.829160424946115 
 06/24  06:00:00,25.670393754487067,30.33346359218978 
 06/24  07:00:00,26.323613914927515,30.86716192911185 
 06/24  08:00:00,27.595113980337538,32.030198147982108 
 06/24  09:00:00,29.020344033483427,33.39033109460973 
 06/24  10:00:00,29.654976442852204,34.073278099296228 
 06/24  11:00:00,29.775128561367887,34.31037012714481 
 06/24  12:00:00,29.581352947447983,34.06773543130068 
 06/24  13:00:00,29.513775152556673,34.02197212443206 
 06/24  14:00:00,29.620806451467329,34.29499557091924 
 06/24  15:00:00,30.24360229435509,35.32173147483192 
 06/24  16:00:00,31.18850575916843,36.59650608875616 
 06/24  17:00:00,31.735505652703293,37.56190193637194 
 06/24  18:00:00,31.65928329802136,37.81570473232705 
 06/24  19:00:00,31.106155583567778,37.73033355748021 
 06/24  20:00:00,29.959431629532636,36.62313726577631 
 06/24  21:00:00,28.986821695073198,35.66608658496171 
 06/24  22:00:00,28.74236119321705,35.427217129818348 
 06/24  23:00:00,28.256703915740123,34.90584092743727 
 06/24  24:00:00,27.91965775920744,34.47795387489013 
 06/25  01:00:00,27.69142951245847,34.09157845249184 
 06/25  02:00:00,27.4579112071525,33.653832615673739 
 06/25  03:00:00,27.08285667762755,33.0592687753081 
 06/25  04:00:00,26.91196383662594,32.68115672819605 
 06/25  05:00:00,26.759233054280175,32.30715928790144 
 06/25  06:00:00,26.52953452851423,31.86385963161362 
 06/25  07:00:00,27.055146458898123,32.270594013190649 
 06/25  08:00:00,28.149678323132066,33.24690986189544 
 06/25  09:00:00,28.680953366207804,33.799815889946177 
 06/25  10:00:00,29.886665138553896,34.87320412168594 
 06/25  11:00:00,30.18227404578987,35.29306115392174 
 06/25  12:00:00,30.458746842417758,35.62101603096761 
 06/25  13:00:00,30.53812690573937,35.77612663209264 
 06/25  14:00:00,30.561620110937608,35.89207767269046 
 06/25  15:00:00,31.140809744835804,36.79307871508456 
 06/25  16:00:00,32.041260943892329,37.91598835493481 
 06/25  17:00:00,32.62564878346394,38.85998022624926 
 06/25  18:00:00,32.630402247354,39.17833300359976 
 06/25  19:00:00,32.09836130743955,39.066633413334567 
 06/25  20:00:00,30.998024162873866,38.003959756765187 
 06/25  21:00:00,30.373730637492135,37.442669882005677 
 06/25  22:00:00,29.69577298797541,36.73265381689396 
 06/25  23:00:00,29.431113241805798,36.40843619901271 
 06/25  24:00:00,29.207143171827846,36.12154685223448 
 06/26  01:00:00,28.849620008335064,35.57353788709958 
 06/26  02:00:00,28.500414046269719,34.98298405247456 
 06/26  03:00:00,28.390521272669227,34.710778662950428 
 06/26  04:00:00,28.18609381995062,34.32527302933965 
 06/26  05:00:00,27.926285799622446,33.829978879853118 
 06/26  06:00:00,27.853831555328303,33.590619363581719 
 06/26  07:00:00,28.333516617617634,33.98590387793374 
 06/26  08:00:00,29.29972819580508,34.80768149116528 
 06/26  09:00:00,29.30275716311315,34.71530046950013 
 06/26  10:00:00,30.225537058953724,35.45795181959983 
 06/26  11:00:00,30.82572615248517,36.160142877666888 
 06/26  12:00:00,30.608184571263345,35.962090644297877 
 06/26  13:00:00,30.50255212305858,35.72276555024232 
 06/26  14:00:00,30.668703327537398,35.897990242397 
 06/26  15:00:00,30.246705317639117,35.2965788515629 
 06/26  16:00:00,31.598024580461077,37.03236252089003 
 06/26  17:00:00,32.048842846146417,37.67431959072536 
 06/26  18:00:00,30.49494810224481,35.804712981887877 
 06/26  19:00:00,30.432154075838296,35.96994819494739 
 06/26  20:00:00,30.085191010698936,35.62809295172215 
 06/26  21:00:00,28.768106676703387,33.906257192515138 
 06/26  22:00:00,28.579076912900776,33.77913796120316 
 06/26  23:00:00,28.513037681383048,33.70234955818997 
 06/26  24:00:00,27.86027996951669,32.6578727558551 
 06/27  01:00:00,27.709334997315943,32.46038898994129 
 06/27  02:00:00,27.632944365433468,32.31540876146147 
 06/27  03:00:00,27.156127375102323,31.472852944609607 
 06/27  04:00:00,27.077646193180955,31.333945396023457 
 06/27  05:00:00,27.053493104017038,31.25274118868527 
 06/27  06:00:00,26.634331804472116,30.487802694281805 
 06/27  07:00:00,26.696890311002958,30.519055174809183 
 06/27  08:00:00,26.992405429716553,30.801810385086886 
 06/27  09:00:00,26.870235715831034,30.38982911891457 
 06/27  10:00:00,27.568923474191175,31.21887450974188 
 06/27  11:00:00,28.192541690850175,31.809604636262315 
 06/27  12:00:00,27.749216383243465,31.128116026502178 
 06/27  13:00:00,28.39332098406186,31.86038089881847 
 06/27  14:00:00,28.79919574043011,32.31496798903321 
 06/27  15:00:00,28.198223015218298,31.52059674566828 
 06/27  16:00:00,28.95014876041388,32.46225147624757 
 06/27  17:00:00,29.60570001865176,33.21315258021938 
 06/27  18:00:00,28.531105835114098,31.91141133741469 
 06/27  19:00:00,28.504606559496314,32.02924684808504 
 06/27  20:00:00,27.75113269626815,31.27420691600059 
 06/27  21:00:00,26.735751807789066,30.066938231253866 
 06/27  22:00:00,26.542657655831513,29.929288899535636 
 06/27  23:00:00,26.451621728736787,29.86850973673878 
 06/27  24:00:00,25.828368681901578,28.99013553588329 
 06/28  01:00:00,25.783995921251447,28.942605900142934 
 06/28  02:00:00,25.76168627442699,28.91127994452808 
 06/28  03:00:00,25.212597345759748,28.099158312315397 
 06/28  04:00:00,25.144349551826278,28.004503493527815 
 06/28  05:00:00,25.129295439844534,27.98227257464021 
 06/28  06:00:00,24.686632374949718,27.30131794963795 
 06/28  07:00:00,25.166891909778785,27.855631922496248 
 06/28  08:00:00,26.13628238071896,28.793620750161105 
 06/28  09:00:00,27.507163472135404,30.147403918042416 
 06/28  10:00:00,28.293202020633463,30.948405625995496 
 06/28  11:00:00,28.522418769092636,31.337912276122596 
 06/28  12:00:00,28.831578842170566,31.855662183144806 
 06/28  13:00:00,28.811713332758936,32.05224408413589 
 06/28  14:00:00,28.78652498473909,32.26387464938086 
 06/28  15:00:00,29.38133002898271,33.10581637888727 
 06/28  16:00:00,30.2203820380642,34.27571054437342 
 06/28  17:00:00,30.760324297308459,35.23510765102367 
 06/28  18:00:00,30.70731788281472,35.509854372295119 
 06/28  19:00:00,30.100823582717007,35.3090860532694 
 06/28  20:00:00,29.02137509383205,34.373433216273557 
 06/28  21:00:00,28.054719151019119,33.48595333041226 
 06/28  22:00:00,27.828558789814019,33.28457109909486 
 06/28  23:00:00,27.3646174852774,32.83610156242682 
 06/28  24:00:00,27.020323446260478,32.430066580178507 
 06/29  01:00:00,26.847754244090429,32.17114832796537 
 06/29  02:00:00,26.68782344988887,31.91107451100798 
 06/29  03:00:00,26.31891310835059,31.383537465713397 
 06/29  04:00:00,26.186795139115593,31.09031162043628 
 06/29  05:00:00,26.057223893148938,30.768125161489168 
 06/29  06:00:00,25.843675836538947,30.368469758888396 
 06/29  07:00:00,26.229708693159166,30.678116270377623 
 06/29  08:00:00,27.19539190634656,31.563902896878898 
 06/29  09:00:00,28.32337589048047,32.66044609488472 
 06/29  10:00:00,29.032886911431836,33.37397152357127 
 06/29  11:00:00,29.294428050888415,33.7076055328251 
 06/29  12:00:00,29.163428364125797,33.64758468971825 
 06/29  13:00:00,29.228358643333047,33.715098335008729 
 06/29  14:00:00,29.546047465834304,34.134180730677517 
 06/29  15:00:00,29.545398752151188,34.44439329957294 
 06/29  16:00:00,30.340827179806579,35.33274157827767 
 06/29  17:00:00,30.815657402318437,36.14591200939623 
 06/29  18:00:00,29.157373706560209,34.267625679292617 
 06/29  19:00:00,29.281195737213836,34.72538127837457 
 06/29  20:00:00,28.61363984079952,34.2575646106466 
 06/29  21:00:00,27.76176710939567,32.94757626891263 
 06/29  22:00:00,27.525495530768688,32.81858516823844 
 06/29  23:00:00,27.395919119525816,32.75459112629036 
 06/29  24:00:00,26.91812488508817,31.848384384595986 
 06/30  01:00:00,26.83474466471394,31.738440125992175 
 06/30  02:00:00,26.789067427423434,31.67216948920174 
 06/30  03:00:00,26.391320053696025,30.848752077142657 
 06/30  04:00:00,26.305015468068015,30.72232085911141 
 06/30  05:00:00,26.233311495531948,30.579572411389383 
 06/30  06:00:00,25.9053304416018,29.874986712576466 
 06/30  07:00:00,25.94379389583619,29.863223742241777 
 06/30  08:00:00,26.356843530279286,30.27545196815121 
 06/30  09:00:00,26.130744495702687,29.702147221962457 
 06/30  10:00:00,27.252424579521518,30.997434130161083 
 06/30  11:00:00,28.080637720498108,31.832639970404256 
 06/30  12:00:00,27.367601260401576,30.761947795824307 
 06/30  13:00:00,28.095203328372969,31.675605321134087 
 06/30  14:00:00,28.75815643661576,32.485652912074439 
 06/30  15:00:00,27.931343214168878,31.41256508178947 
 06/30  16:00:00,29.22600104462279,32.983143766178098 
 06/30  17:00:00,29.79971317465465,33.86421314741383 
 06/30  18:00:00,28.24991178154282,32.047013752109908 
 06/30  19:00:00,28.341247971598908,32.41950659426329 
 06/30  20:00:00,27.702046365122436,31.882385811776929 
 06/30  21:00:00,26.80298274593411,30.708281071232915 
 06/30  22:00:00,26.626856279170185,30.62923054075511 
 06/30  23:00:00,26.60526147223696,30.671244478225494 
 06/30  24:00:00,26.296506240979484,30.089438614219007 
 07/01  01:00:00,26.21502202598608,30.005253828956886 
 07/01  02:00:00,26.130557759197545,29.90686079688905 
 07/01  03:00:00,25.820697280865738,29.32036485556132 
 07/01  04:00:00,25.644528750848349,29.10405025589877 
 07/01  05:00:00,25.529057917409383,28.970566726541379 
 07/01  06:00:00,25.292775040514294,28.485038795201043 
 07/01  07:00:00,25.287100710779418,28.471081169943568 
 07/01  08:00:00,25.461023389029376,28.677364806516456 
 07/01  09:00:00,25.568196345486308,28.584923660607929 
 07/01  10:00:00,26.099799517793799,29.211902973912414 
 07/01  11:00:00,26.62111697715219,29.793570140950004 
 07/01  12:00:00,26.6820184537038,29.672121229548659 
 07/01  13:00:00,27.139882560084435,30.267828013545669 
 07/01  14:00:00,27.757715944473355,30.965081792978155 
 07/01  15:00:00,27.274620553575696,30.31629253223102 
 07/01  16:00:00,28.36389349286174,31.66187852293824 
 07/01  17:00:00,29.019495457847158,32.583620318175238 
 07/01  18:00:00,27.644914414763766,31.003487357726276 
 07/01  19:00:00,27.67464076164957,31.23320204711955 
 07/01  20:00:00,27.085290430092756,30.770242899629339 
 07/01  21:00:00,26.457053291174085,29.90270620172665 
 07/01  22:00:00,26.201385034250739,29.763222533939417 
 07/01  23:00:00,26.057408348824507,29.740598169824218 
 07/01  24:00:00,25.761635044296008,29.164646231694876 
 07/02  01:00:00,25.610418646298588,29.040262342926505 
 07/02  02:00:00,25.504144873353284,28.980656533316489 
 07/02  03:00:00,25.195221497868049,28.385949591924299 
 07/02  04:00:00,25.091089802493454,28.28270371816642 
 07/02  05:00:00,25.023873906660378,28.24130181238455 
 07/02  06:00:00,24.77575739792485,27.72873739320131 
 07/02  07:00:00,24.902397046516304,27.86894949123799 
 07/02  08:00:00,25.513036385866429,28.54316112784117 
 07/02  09:00:00,25.6597840926823,28.730581583350017 
 07/02  10:00:00,26.62559507560391,29.722220692588686 
 07/02  11:00:00,27.462478485197843,30.72437432261424 
 07/02  12:00:00,27.531687203403917,30.905704327561574 
 07/02  13:00:00,27.550967022819927,31.02108100184973 
 07/02  14:00:00,27.93940849088543,31.44388270119459 
 07/02  15:00:00,27.619549637257497,31.037250268722404 
 07/02  16:00:00,27.636136525232638,31.25043356631567 
 07/02  17:00:00,27.649669111267714,31.503511735421893 
 07/02  18:00:00,27.017544223931368,30.66346594269608 
 07/02  19:00:00,26.80041090778637,30.62805639848993 
 07/02  20:00:00,26.363292609674177,30.280173712312448 
 07/02  21:00:00,26.012640424337069,29.677840825460807 
 07/02  22:00:00,25.825957236674335,29.546004222538217 
 07/02  23:00:00,25.67566376040113,29.451261686116589 
 07/02  24:00:00,25.452797274968419,28.96708815238465 
 07/03  01:00:00,25.33136327644081,28.85085450788087 
 07/03  02:00:00,25.241181813443466,28.80280657019423 
 07/03  03:00:00,25.052804076020018,28.35011647574046 
 07/03  04:00:00,24.95870992719382,28.24625622464166 
 07/03  05:00:00,24.873259142590919,28.17645191153395 
 07/03  06:00:00,24.71783616072663,27.788487402837697 
 07/03  07:00:00,24.701768979818654,27.747894304631534 
 07/03  08:00:00,24.91663835782253,27.98965004996278 
 07/03  09:00:00,24.937936518890873,27.80218643357591 
 07/03  10:00:00,25.43827561586366,28.402537676555949 
 07/03  11:00:00,25.95742726798136,28.9457459024713 
 07/03  12:00:00,25.769349976563484,28.52805767939492 
 07/03  13:00:00,25.991163903489924,28.815476149694633 
 07/03  14:00:00,26.256231667551555,29.162302204713034 
 07/03  15:00:00,26.043682936448485,28.793246765567568 
 07/03  16:00:00,26.18373530393972,29.020796639542529 
 07/03  17:00:00,26.290517070286478,29.212393047804956 
 07/03  18:00:00,25.61050051168988,28.324171165562743 
 07/03  19:00:00,25.313301906516256,28.07856356292526 
 07/03  20:00:00,25.077449384076976,27.896841600413265 
 07/03  21:00:00,24.618213126160137,27.23734907254714 
 07/03  22:00:00,24.473957440145616,27.14602718259244 
 07/03  23:00:00,24.386914962006438,27.101783854340224 
 07/03  24:00:00,24.083848468000224,26.568600193263224 
 07/04  01:00:00,23.975123640093348,26.47091246481001 
 07/04  02:00:00,23.901971025825469,26.42139095569554 
 07/04  03:00:00,23.65071010151835,25.94724591650174 
 07/04  04:00:00,23.551330822262068,25.839914962574438 
 07/04  05:00:00,23.50536750857271,25.820429558207939 
 07/04  06:00:00,23.267745535032036,25.368662509429574 
 07/04  07:00:00,23.436131237903667,25.542275311037125 
 07/04  08:00:00,24.50639628007648,26.674707839195557 
 07/04  09:00:00,25.95693971914165,28.15899618415431 
 07/04  10:00:00,26.875263901069844,29.197524972843778 
 07/04  11:00:00,27.065733471382054,29.539672876612074 
 07/04  12:00:00,27.110555839462184,29.73122764274383 
 07/04  13:00:00,27.141347104085989,29.980485818851468 
 07/04  14:00:00,27.242390732465347,30.205928266343194 
 07/04  15:00:00,27.804756942527143,31.161396322161076 
 07/04  16:00:00,28.690708071528783,32.411338903191538 
 07/04  17:00:00,29.1893740192374,33.32134149820809 
 07/04  18:00:00,29.047685631558747,33.532122854853287 
 07/04  19:00:00,28.40787543682673,33.26055969814453 
 07/04  20:00:00,27.441348161263194,32.4508369853724 
 07/04  21:00:00,26.80533629701013,31.924268808499897 
 07/04  22:00:00,26.468296306876959,31.63080934691319 
 07/04  23:00:00,26.0079577191477,31.14829529299211 
 07/04  24:00:00,25.8395727073162,30.874586896000318 
 07/05  01:00:00,25.64309056471736,30.54023172090126 
 07/05  02:00:00,25.45296654229982,30.198690131566367 
 07/05  03:00:00,25.255549982458079,29.840832870921383 
 07/05  04:00:00,25.123048799124399,29.5599362716489 
 07/05  05:00:00,25.005781237149699,29.283540015848386 
 07/05  06:00:00,24.93933379882919,29.072103922671749 
 07/05  07:00:00,25.035863626288824,29.04621193337949 
 07/05  08:00:00,25.666248805719456,29.655055972743566 
 07/05  09:00:00,25.929971439097437,29.835531764201926 
 07/05  10:00:00,26.893872213313885,30.685167184750918 
 07/05  11:00:00,27.726430891674505,31.65828166524218 
 07/05  12:00:00,27.7155790044931,31.73045696515347 
 07/05  13:00:00,27.792264435037159,31.751258080027836 
 07/05  14:00:00,28.24759685725374,32.28531234459863 
 07/05  15:00:00,28.237138882620763,32.455568484894538 
 07/05  16:00:00,28.746752335803749,33.03060157971609 
 07/05  17:00:00,29.07238481523884,33.586392885653797 
 07/05  18:00:00,28.366021002048833,33.0245136747553 
 07/05  19:00:00,27.734537683387058,32.377956214648907 
 07/05  20:00:00,27.161927155478666,31.79767034567109 
 07/05  21:00:00,26.45680218842013,30.876879924041185 
 07/05  22:00:00,26.27132361476605,30.79824290511679 
 07/05  23:00:00,26.197017727473097,30.77467084228385 
 07/05  24:00:00,25.784697954098449,30.01352817532613 
 07/06  01:00:00,25.687540372017005,29.90737886924095 
 07/06  02:00:00,25.629844775675879,29.821025072513714 
 07/06  03:00:00,25.238093300831939,29.06716502326748 
 07/06  04:00:00,25.177792963612114,28.97540735149546 
 07/06  05:00:00,25.15692839034026,28.9350611189248 
 07/06  06:00:00,24.81721716883921,28.233431174655018 
 07/06  07:00:00,25.02741996121014,28.449365402263337 
 07/06  08:00:00,25.842922065130389,29.27782551666908 
 07/06  09:00:00,26.142231237713959,29.575672762530585 
 07/06  10:00:00,27.02327264845907,30.3970815846602 
 07/06  11:00:00,27.66994205538761,31.086901882246264 
 07/06  12:00:00,27.688320922270987,31.20902539009504 
 07/06  13:00:00,27.871383102338,31.489828459426645 
 07/06  14:00:00,28.168048765239229,31.805282465388829 
 07/06  15:00:00,28.786669119114778,32.642494990655517 
 07/06  16:00:00,29.63907970530403,33.66602247999396 
 07/06  17:00:00,30.32739304292812,34.69511195936994 
 07/06  18:00:00,30.25227015692269,34.78692363874865 
 07/06  19:00:00,29.613459786358655,34.41165578610641 
 07/06  20:00:00,28.589593739323264,33.43529291707432 
 07/06  21:00:00,27.956226458700575,32.84753113587847 
 07/06  22:00:00,27.567194801931117,32.45752127715897 
 07/06  23:00:00,27.07944840616556,31.97427560588467 
 07/06  24:00:00,26.855476420994675,31.709890561110116 
 07/07  01:00:00,26.677011106666787,31.47003945136262 
 07/07  02:00:00,26.479087058332227,31.18030391236893 
 07/07  03:00:00,26.323713890036104,30.937484589086539 
 07/07  04:00:00,26.085428530348396,30.54444088833818 
 07/07  05:00:00,25.901898808602554,30.219480563180086 
 07/07  06:00:00,25.73782720203206,29.913294905007818 
 07/07  07:00:00,25.921404879484557,30.023002539856866 
 07/07  08:00:00,26.800097020711335,30.859207013934655 
 07/07  09:00:00,27.048153682952575,31.11526304281721 
 07/07  10:00:00,28.240818604107724,32.21332368626413 
 07/07  11:00:00,28.642182198232029,32.732951247983667 
 07/07  12:00:00,28.855370570840944,32.99622737396236 
 07/07  13:00:00,28.931095426777845,33.13102272936888 
 07/07  14:00:00,29.022583569656875,33.31817107343736 
 07/07  15:00:00,29.6360371770718,34.24046277217158 
 07/07  16:00:00,30.46139215602227,35.345701120718789 
 07/07  17:00:00,30.702152850660995,35.82093471500692 
 07/07  18:00:00,29.01978715133388,33.9924989134847 
 07/07  19:00:00,29.01534120224205,34.2872332234167 
 07/07  20:00:00,28.26348397867539,33.73887365481551 
 07/07  21:00:00,27.458430669534754,32.561384328482407 
 07/07  22:00:00,27.219435895313628,32.40680492987024 
 07/07  23:00:00,27.056331772004158,32.2897987390925 
 07/07  24:00:00,26.500739369470716,31.32186854954117 
 07/08  01:00:00,26.45887554390967,31.24255689613601 
 07/08  02:00:00,26.463043993810446,31.197996481277174 
 07/08  03:00:00,26.04146384689801,30.37565812318944 
 07/08  04:00:00,25.985333532815774,30.26485244545757 
 07/08  05:00:00,25.95802206608835,30.173721144275235 
 07/08  06:00:00,25.581763909677755,29.413520060590334 
 07/08  07:00:00,25.805872871566945,29.62571586513759 
 07/08  08:00:00,26.650020067002239,30.47234195274671 
 07/08  09:00:00,27.677674395900597,31.43848502912866 
 07/08  10:00:00,28.787348770695329,32.62002693595747 
 07/08  11:00:00,29.12091576803434,33.07992792102354 
 07/08  12:00:00,29.289221991277647,33.37569205835605 
 07/08  13:00:00,29.332185271027965,33.49145847787931 
 07/08  14:00:00,29.481422565492819,33.68788507050807 
 07/08  15:00:00,29.726048915634796,34.21039630631852 
 07/08  16:00:00,30.588249423501638,35.24874032573603 
 07/08  17:00:00,31.225381544381933,36.329832865019408 
 07/08  18:00:00,30.13976361072169,35.56591117437927 
 07/08  19:00:00,29.861454197570539,35.393610862883608 
 07/08  20:00:00,29.07139791359439,34.75018690239512 
 07/08  21:00:00,27.99311169067819,33.27230055985676 
 07/08  22:00:00,27.716361452844948,33.18754106233955 
 07/08  23:00:00,27.59416319727277,33.20257901917179 
 07/08  24:00:00,27.118129059652078,32.287041769405217 
 07/09  01:00:00,26.992612396315204,32.1665927179131 
 07/09  02:00:00,26.92771529352183,32.09718414641806 
 07/09  03:00:00,26.553690654098039,31.28646866759305 
 07/09  04:00:00,26.46024436316813,31.15671779108955 
 07/09  05:00:00,26.385555827513615,31.02971552400243 
 07/09  06:00:00,26.004455995383379,30.23059106303276 
 07/09  07:00:00,26.037009437490835,30.237036114596969 
 07/09  08:00:00,26.312155902408717,30.504738374859128 
 07/09  09:00:00,26.248221169229415,30.090948380094756 
 07/09  10:00:00,26.73976372967654,30.61805283910998 
 07/09  11:00:00,27.21609330828825,31.125060708380443 
 07/09  12:00:00,27.10684088036956,30.683459236689648 
 07/09  13:00:00,27.616005072549073,31.290931899383524 
 07/09  14:00:00,28.110532048484666,31.840565753285753 
 07/09  15:00:00,27.69715228220254,31.177518425052396 
 07/09  16:00:00,28.296501176122825,31.949121547340519 
 07/09  17:00:00,28.746860678749664,32.555373204639 
 07/09  18:00:00,27.624274720561798,31.102001515837857 
 07/09  19:00:00,27.621298539155619,31.272777732281378 
 07/09  20:00:00,27.090387557776809,30.765285893020147 
 07/09  21:00:00,26.444168602348105,29.877174090143563 
 07/09  22:00:00,26.235356417195999,29.73884246407609 
 07/09  23:00:00,26.101145355881319,29.652817491592456 
 07/09  24:00:00,25.6775116819747,28.955588377047439 
 07/10  01:00:00,25.581270706856555,28.879350083454395 
 07/10  02:00:00,25.506299357185804,28.81119410172096 
 07/10  03:00:00,25.12432290508673,28.155234780986324 
 07/10  04:00:00,25.01613907313541,28.03147921983792 
 07/10  05:00:00,24.92274396183243,27.922898612469888 
 07/10  06:00:00,24.58542926024836,27.34959173506891 
 07/10  07:00:00,24.71371523593434,27.49756056597215 
 07/10  08:00:00,25.530548059128614,28.362952766201045 
 07/10  09:00:00,25.6640072681274,28.50184833802862 
 07/10  10:00:00,26.8604204676239,29.717669876203968 
 07/10  11:00:00,27.729047330032726,30.666211170805917 
 07/10  12:00:00,27.66683467113446,30.70318589965405 
 07/10  13:00:00,27.699905466809267,30.886025142405264 
 07/10  14:00:00,28.141332322201259,31.372195629462639 
 07/10  15:00:00,28.088572110278855,31.539959453226627 
 07/10  16:00:00,28.7408226105469,32.30900707734657 
 07/10  17:00:00,29.219650109072906,33.1211977996745 
 07/10  18:00:00,28.37626703952575,32.51635436266284 
 07/10  19:00:00,28.102716603479178,32.36744806924936 
 07/10  20:00:00,27.4399592098375,31.83409818274408 
 07/10  21:00:00,26.826157501045097,31.2965725347944 
 07/10  22:00:00,26.607063455583089,31.08935993270832 
 07/10  23:00:00,26.341667481923265,30.8204259220322 
 07/10  24:00:00,26.115862718851685,30.568801274233836 
 07/11  01:00:00,25.906156237278269,30.282259340536258 
 07/11  02:00:00,25.727817647976506,30.012169135295915 
 07/11  03:00:00,25.626191362905045,29.831811810230297 
 07/11  04:00:00,25.466096380167039,29.54652154640106 
 07/11  05:00:00,25.29938273840524,29.25601575758479 
 07/11  06:00:00,24.97744032172072,28.634059146110194 
 07/11  07:00:00,24.95400016123829,28.566066014589074 
 07/11  08:00:00,25.196153150443999,28.789566931885454 
 07/11  09:00:00,25.197802962935634,28.543190608157283 
 07/11  10:00:00,25.7590840999973,29.181089042851466 
 07/11  11:00:00,26.24530190141185,29.619175454324826 
 07/11  12:00:00,25.978086661883276,29.102575008010786 
 07/11  13:00:00,26.51212983710722,29.69163529915403 
 07/11  14:00:00,26.978936454620979,30.195930346824356 
 07/11  15:00:00,26.366250136677185,29.34934364887804 
 07/11  16:00:00,26.85592837561289,29.98141736130284 
 07/11  17:00:00,27.066311369723957,30.20421629549234 
 07/11  18:00:00,26.290188206459506,29.220770242772625 
 07/11  19:00:00,26.169198344861486,29.16374561355363 
 07/11  20:00:00,25.6013997691372,28.588086967456925 
 07/11  21:00:00,24.952806959462519,27.748188007862404 
 07/11  22:00:00,24.821039224580625,27.63335226912306 
 07/11  23:00:00,24.75632977216974,27.577833838646265 
 07/11  24:00:00,24.231908294457698,26.82868546766048 
 07/12  01:00:00,24.195674542994,26.78297750699536 
 07/12  02:00:00,24.199269699525929,26.772430806462478 
 07/12  03:00:00,23.731168604087736,26.07449084687982 
 07/12  04:00:00,23.646882364038505,25.959593881860216 
 07/12  05:00:00,23.609526160569364,25.90447319804011 
 07/12  06:00:00,23.198647424601487,25.29802326337903 
 07/12  07:00:00,23.444270172969508,25.54427904630551 
 07/12  08:00:00,24.510841054386277,26.62634210815814 
 07/12  09:00:00,25.919855888274339,28.01418932934999 
 07/12  10:00:00,26.81383349797889,28.934743830364263 
 07/12  11:00:00,27.176617053318638,29.44029357465331 
 07/12  12:00:00,27.29253319920334,29.692089429762605 
 07/12  13:00:00,27.36906275958837,29.97238637173792 
 07/12  14:00:00,27.494326112982017,30.258391372016484 
 07/12  15:00:00,28.06132807164494,31.099309232471656 
 07/12  16:00:00,28.90533219809541,32.252356107148788 
 07/12  17:00:00,29.41883599369141,33.160113809004759 
 07/12  18:00:00,29.14648149829444,33.249416613803479 
 07/12  19:00:00,28.56499187685596,33.027334952350269 
 07/12  20:00:00,27.611198330856977,32.25883078943706 
 07/12  21:00:00,26.98853301801649,31.779748490544109 
 07/12  22:00:00,26.627050084526887,31.51602412929472 
 07/12  23:00:00,26.15107878843874,31.088292282777933 
 07/12  24:00:00,25.914849738509998,30.82833042209658 
 07/13  01:00:00,25.766804616244774,30.592620432031987 
 07/13  02:00:00,25.617465694800015,30.33399262607233 
 07/13  03:00:00,25.505934685869279,30.112787501528176 
 07/13  04:00:00,25.35414450523659,29.839102503778685 
 07/13  05:00:00,25.15992193165107,29.481201664418977 
 07/13  06:00:00,24.800022083999758,28.748191215562139 
 07/13  07:00:00,24.969925551220695,28.94072011826604 
 07/13  08:00:00,25.71724742029314,29.712669283251559 
 07/13  09:00:00,25.433152340895754,29.040910160363468 
 07/13  10:00:00,26.640375663903563,30.460879223193193 
 07/13  11:00:00,27.487247742665585,31.374493143442135 
 07/13  12:00:00,26.9195495961497,30.444799655160627 
 07/13  13:00:00,27.587622033732658,31.28652432239719 
 07/13  14:00:00,28.22775911543374,32.121058104916048 
 07/13  15:00:00,27.913712092849864,31.531782080083297 
 07/13  16:00:00,28.83476386662914,32.72071377992078 
 07/13  17:00:00,29.3376105284918,33.46279858477236 
 07/13  18:00:00,28.081660655950107,31.94148349954689 
 07/13  19:00:00,28.047962492273748,32.075835029998717 
 07/13  20:00:00,27.37218737482582,31.434817943799638 
 07/13  21:00:00,26.59517545468717,30.401623335475656 
 07/13  22:00:00,26.361516608541416,30.23792001278337 
 07/13  23:00:00,26.242479301036995,30.158701659182876 
 07/13  24:00:00,25.820012740865566,29.443055372932777 
 07/14  01:00:00,25.707666697685338,29.328625660349219 
 07/14  02:00:00,25.633315821488883,29.243471595265246 
 07/14  03:00:00,25.492331721582095,29.005771501306243 
 07/14  04:00:00,25.322924420561674,28.717248148811608 
 07/14  05:00:00,25.161446544466317,28.452930484854809 
 07/14  06:00:00,24.853704335339047,27.898493829228955 
 07/14  07:00:00,25.090545582110726,28.163691587552515 
 07/14  08:00:00,26.110085383111458,29.191845273737706 
 07/14  09:00:00,27.14762595206279,30.304347825837028 
 07/14  10:00:00,28.111794615788317,31.33902359026728 
 07/14  11:00:00,28.44158538921842,31.842433015180704 
 07/14  12:00:00,28.596372261823654,32.11188422371912 
 07/14  13:00:00,28.680107950946107,32.35779802783345 
 07/14  14:00:00,28.901958619139699,32.68355777831112 
 07/14  15:00:00,29.16151388063265,33.25494961699796 
 07/14  16:00:00,30.0395430400933,34.35490247701915 
 07/14  17:00:00,30.75553008056457,35.53538905493345 
 07/14  18:00:00,30.572508126873929,35.73319357279885 
 07/14  19:00:00,29.75645708150843,35.0867033586657 
 07/14  20:00:00,28.758709635354167,34.14031075896338 
 07/14  21:00:00,28.037058086703966,33.44220190540095 
 07/14  22:00:00,27.662839770687879,33.075704444569868 
 07/14  23:00:00,27.157005623112985,32.568470470967628 
 07/14  24:00:00,26.886602295311247,32.24495708910628 
 07/15  01:00:00,26.72833515376837,32.003130471463887 
 07/15  02:00:00,26.566247316533656,31.73012725713205 
 07/15  03:00:00,26.40100661996338,31.436888861022689 
 07/15  04:00:00,26.26620923627823,31.163797005778169 
 07/15  05:00:00,26.067514574555383,30.770623806929856 
 07/15  06:00:00,25.86777167046141,30.40542916603446 
 07/15  07:00:00,26.05975167829714,30.526792432998048 
 07/15  08:00:00,27.028361383823527,31.448122505171935 
 07/15  09:00:00,27.037184017662218,31.478337600625076 
 07/15  10:00:00,28.350352637224355,32.66911665737756 
 07/15  11:00:00,29.180542278834275,33.747785706122019 
 07/15  12:00:00,29.094603712962198,33.814863557164148 
 07/15  13:00:00,29.031249361701528,33.732871360928239 
 07/15  14:00:00,29.306417135823538,34.02380680495101 
 07/15  15:00:00,29.973995128438177,34.97296926407454 
 07/15  16:00:00,30.8900705588308,36.14085699166207 
 07/15  17:00:00,31.275923480864536,36.75065590675477 
 07/15  18:00:00,31.252884352124199,36.93521073679262 
 07/15  19:00:00,30.54795771067272,36.560560613954418 
 07/15  20:00:00,29.593674382172194,35.70649909105713 
 07/15  21:00:00,28.89251190405385,35.06860616207345 
 07/15  22:00:00,28.58920475790006,34.82390028534107 
 07/15  23:00:00,28.13628632975705,34.34522627540545 
 07/15  24:00:00,27.94353928636696,34.049326586088159 
 07/16  01:00:00,27.73611915014284,33.69186849911917 
 07/16  02:00:00,27.552400468247535,33.34017823899105 
 07/16  03:00:00,27.40696667959365,33.03626415282368 
 07/16  04:00:00,27.231706508885439,32.694035105221 
 07/16  05:00:00,27.056615370725497,32.36238181476314 
 07/16  06:00:00,26.86289432057461,32.00364675983316 
 07/16  07:00:00,26.97770296060713,32.02137873568931 
 07/16  08:00:00,27.73543244824399,32.73737652680926 
 07/16  09:00:00,28.06754326107488,33.05933959432113 
 07/16  10:00:00,29.139485468319479,34.04482241784747 
 07/16  11:00:00,29.665692326269928,34.681052350773388 
 07/16  12:00:00,29.58171820492314,34.69957070706497 
 07/16  13:00:00,29.78380801424431,34.88112094740785 
 07/16  14:00:00,30.237458759857547,35.41485763531941 
 07/16  15:00:00,30.57742151894088,36.01767599035654 
 07/16  16:00:00,31.207503350225005,36.69873794364289 
 07/16  17:00:00,31.64040223202314,37.43451056141913 
 07/16  18:00:00,30.64537715178323,36.64044423375057 
 07/16  19:00:00,30.06463130070058,36.104316446742917 
 07/16  20:00:00,29.44008654976539,35.496544707497367 
 07/16  21:00:00,28.85639463225959,34.8643866581792 
 07/16  22:00:00,28.634253034878598,34.64858256988572 
 07/16  23:00:00,28.352985850656375,34.34902265865547 
 07/16  24:00:00,28.15000259551161,34.098208567292868 
 07/17  01:00:00,27.88030656977481,33.70044008315005 
 07/17  02:00:00,27.704223380027238,33.37300005266151 
 07/17  03:00:00,27.345732607654,32.55829337241791 
 07/17  04:00:00,27.24601560509942,32.43343138010137 
 07/17  05:00:00,27.1408338368999,32.2808591257593 
 07/17  06:00:00,26.591838822759795,31.26209627173248 
 07/17  07:00:00,27.053126575477586,31.841958439634348 
 07/17  08:00:00,27.725155678390366,32.45058723119276 
 07/17  09:00:00,27.384913518782527,31.685735043147944 
 07/17  10:00:00,28.707897753548428,33.23050832393376 
 07/17  11:00:00,29.342411653062656,33.942872270542348 
 07/17  12:00:00,28.66715117100604,32.81018138524588 
 07/17  13:00:00,29.426109422216599,33.882589708853327 
 07/17  14:00:00,29.96177964367626,34.521540678660688 
 07/17  15:00:00,29.18532531716361,33.406629182499937 
 07/17  16:00:00,30.107590240986924,34.62339236137938 
 07/17  17:00:00,30.65701930093665,35.484185433840938 
 07/17  18:00:00,29.761757777372357,34.35604976197387 
 07/17  19:00:00,29.492966679047649,34.25297659252361 
 07/17  20:00:00,28.82912576877605,33.58234104725926 
 07/17  21:00:00,28.115547885265259,32.60676267872933 
 07/17  22:00:00,27.837252450534899,32.414894646025988 
 07/17  23:00:00,27.688565047551195,32.31710638014508 
 07/17  24:00:00,27.258861946187417,31.534900018449617 
 07/18  01:00:00,27.148790120654728,31.435188760788479 
 07/18  02:00:00,27.059422641111778,31.34678179897142 
 07/18  03:00:00,26.714222326808878,30.66386200854281 
 07/18  04:00:00,26.60718513510311,30.54551556193362 
 07/18  05:00:00,26.520335070825479,30.45652232490802 
 07/18  06:00:00,26.238891800625326,29.866948830396269 
 07/18  07:00:00,26.34627861228908,29.99252559229462 
 07/18  08:00:00,27.184923389895738,30.86169354942873 
 07/18  09:00:00,28.24323058944226,31.96196648853468 
 07/18  10:00:00,29.394542229271619,33.214966232143677 
 07/18  11:00:00,29.524813177281297,33.48283574892192 
 07/18  12:00:00,29.53327840184929,33.5747441288524 
 07/18  13:00:00,29.559223676478575,33.71151234157887 
 07/18  14:00:00,29.715893799757404,34.00649616086681 
 07/18  15:00:00,30.350185249805369,34.97614622931896 
 07/18  16:00:00,31.211186726346708,36.20663190934184 
 07/18  17:00:00,31.473500127361107,36.75645986499019 
 07/18  18:00:00,31.236838398198104,36.86970780985507 
 07/18  19:00:00,30.502210782631168,36.389520558346109 
 07/18  20:00:00,29.60821411434607,35.58930518535927 
 07/18  21:00:00,29.065771233292954,35.15242922274044 
 07/18  22:00:00,28.695677648998648,34.80405103210055 
 07/18  23:00:00,28.218491086079884,34.291077572312499 
 07/18  24:00:00,28.002874316016866,33.978074379568869 
 07/19  01:00:00,27.82375169599351,33.69751232108645 
 07/19  02:00:00,27.656648219428999,33.42495813145837 
 07/19  03:00:00,27.356003478677299,32.933781592744598 
 07/19  04:00:00,27.21153356253208,32.644522400579429 
 07/19  05:00:00,27.05780599879676,32.315606795961617 
 07/19  06:00:00,26.853555378805333,31.924307675014398 
 07/19  07:00:00,26.89501235830222,31.86226711227113 
 07/19  08:00:00,27.55996847726371,32.54582499286681 
 07/19  09:00:00,27.968525518307147,32.932891731251128 
 07/19  10:00:00,29.103773616426229,34.00309244415297 
 07/19  11:00:00,29.865117104842228,34.95970946921747 
 07/19  12:00:00,29.909193285667386,35.02575801557447 
 07/19  13:00:00,30.073568651523848,35.22148855169466 
 07/19  14:00:00,30.320613594057723,35.57805158416622 
 07/19  15:00:00,30.861674413760285,36.386877936087177 
 07/19  16:00:00,31.673842773113564,37.3994078624952 
 07/19  17:00:00,32.296114554401778,38.40704498376294 
 07/19  18:00:00,32.19479979076351,38.5264534089425 
 07/19  19:00:00,31.413177279137636,38.040165700675398 
 07/19  20:00:00,30.426699107928788,37.10331732653235 
 07/19  21:00:00,29.482257955439,36.14998900892634 
 07/19  22:00:00,29.304809207152127,36.05000945620782 
 07/19  23:00:00,29.015125390671618,35.759527169662558 
 07/19  24:00:00,28.595076099457118,35.227658626785288 
 07/20  01:00:00,28.363507417507365,34.85434384399826 
 07/20  02:00:00,28.252320003834176,34.59474774951954 
 07/20  03:00:00,27.922070802445999,34.04965893171915 
 07/20  04:00:00,27.803601887335934,33.779729036961267 
 07/20  05:00:00,27.700463770139029,33.501132176475298 
 07/20  06:00:00,27.404285246038499,33.017266438562568 
 07/20  07:00:00,27.46823653444412,32.952473453525438 
 07/20  08:00:00,28.164767786125674,33.61002115058037 
 07/20  09:00:00,28.454988426221826,33.84012002444362 
 07/20  10:00:00,29.537427874776136,34.78786217236237 
 07/20  11:00:00,30.385340302824923,35.80075885286902 
 07/20  12:00:00,30.544685005067206,35.96760202054273 
 07/20  13:00:00,30.52727836692968,35.96609817635123 
 07/20  14:00:00,30.66714430893672,36.175975074448079 
 07/20  15:00:00,31.19836488406465,36.95232541372904 
 07/20  16:00:00,32.1333276418059,38.10966415642634 
 07/20  17:00:00,32.653427711766287,38.958810368746849 
 07/20  18:00:00,32.67012237663188,39.23738596094432 
 07/20  19:00:00,31.85229240816502,38.70413607918935 
 07/20  20:00:00,30.833601305971876,37.69224541137253 
 07/20  21:00:00,29.91195184899611,36.733457009086659 
 07/20  22:00:00,29.662684310134716,36.46941459585324 
 07/20  23:00:00,29.21101967358303,35.94635949326347 
 07/20  24:00:00,28.8702235978881,35.48516238640227 
 07/21  01:00:00,28.695710926265588,35.190123316084 
 07/21  02:00:00,28.543964080267715,34.89830945831203 
 07/21  03:00:00,28.169391013363616,34.316542216065389 
 07/21  04:00:00,28.047650008645854,34.0319602622836 
 07/21  05:00:00,27.94959854300631,33.749564886804289 
 07/21  06:00:00,27.645734187034188,33.272021849484108 
 07/21  07:00:00,27.73323953891706,33.229012028167158 
 07/21  08:00:00,28.52187571583287,33.96044937118845 
 07/21  09:00:00,29.867326322817726,35.20563323752343 
 07/21  10:00:00,30.690370551185219,36.094806770609739 
 07/21  11:00:00,31.116978054398204,36.594665741550617 
 07/21  12:00:00,31.168728546122475,36.66111740383267 
 07/21  13:00:00,31.191230628435727,36.77568636947292 
 07/21  14:00:00,31.403473491690577,37.114694729838578 
 07/21  15:00:00,32.00952859917497,38.04650512392466 
 07/21  16:00:00,32.81476178333126,39.10937401042749 
 07/21  17:00:00,33.096750262165489,39.63381139955344 
 07/21  18:00:00,33.015783935511489,39.81522381513167 
 07/21  19:00:00,32.17032187238871,39.19948046436737 
 07/21  20:00:00,31.1618179589825,38.20419024226564 
 07/21  21:00:00,30.478810317982306,37.5167033508658 
 07/21  22:00:00,30.139847413881634,37.142138316662158 
 07/21  23:00:00,29.662384230305478,36.58375841112833 
 07/21  24:00:00,29.350939114051437,36.13983010332221 
 07/22  01:00:00,29.16418389829942,35.821777283809968 
 07/22  02:00:00,29.00545413170655,35.51093077748145 
 07/22  03:00:00,28.66803967445679,34.97929837917221 
 07/22  04:00:00,28.525748504772318,34.65555963462638 
 07/22  05:00:00,28.388970747948564,34.316661997065398 
 07/22  06:00:00,28.062446455694788,33.77297102319818 
 07/22  07:00:00,28.210935374969148,33.818473869358047 
 07/22  08:00:00,29.28417543530008,34.822887388457228 
 07/22  09:00:00,30.630375227850263,36.14417128150414 
 07/22  10:00:00,31.481182702206703,37.067087748771417 
 07/22  11:00:00,31.68969030311724,37.399873536175807 
 07/22  12:00:00,31.732524087548489,37.456363182313719 
 07/22  13:00:00,31.79564316284626,37.597562875256979 
 07/22  14:00:00,32.00465664267882,37.93836823577402 
 07/22  15:00:00,32.7045085144323,38.956790568232779 
 07/22  16:00:00,33.57360860971393,40.141982282148337 
 07/22  17:00:00,33.96122705200176,40.80519444366673 
 07/22  18:00:00,33.895466938556,40.99326800510746 
 07/22  19:00:00,33.1069483355319,40.50620776539851 
 07/22  20:00:00,32.06889920230735,39.50711574796847 
 07/22  21:00:00,31.140499590738736,38.56384989738187 
 07/22  22:00:00,30.908323208491788,38.36186250686859 
 07/22  23:00:00,30.480600063090216,37.87158484822616 
 07/22  24:00:00,30.193752722827566,37.433584556015478 
 07/23  01:00:00,29.989959167287517,37.11258295730816 
 07/23  02:00:00,29.78416964339835,36.78751896575691 
 07/23  03:00:00,29.522951579569424,36.35662905827886 
 07/23  04:00:00,29.344869519373519,36.00708224607424 
 07/23  05:00:00,29.160102196077238,35.628287329397647 
 07/23  06:00:00,28.879424184040319,35.124027313359579 
 07/23  07:00:00,29.08551747378569,35.249266821759949 
 07/23  08:00:00,30.1129060337717,36.17857737411959 
 07/23  09:00:00,31.417237129316964,37.46813636256741 
 07/23  10:00:00,32.229519705485369,38.348932879362049 
 07/23  11:00:00,32.52612867739851,38.71089011381661 
 07/23  12:00:00,32.82077988999022,39.18564847160734 
 07/23  13:00:00,32.81499137639054,39.23060751513151 
 07/23  14:00:00,32.922646539845029,39.377991895230099 
 07/23  15:00:00,33.10872543831252,39.8036371835035 
 07/23  16:00:00,33.930342870471829,40.73247302795864 
 07/23  17:00:00,34.53000008924359,41.68798567427701 
 07/23  18:00:00,34.294235318344558,41.76457482191097 
 07/23  19:00:00,33.50300790805907,41.11087805170168 
 07/23  20:00:00,32.57062574579081,40.1999767248987 
 07/23  21:00:00,31.943102872070527,39.59453269197251 
 07/23  22:00:00,31.564949689286196,39.198160430888169 
 07/23  23:00:00,31.0859982459494,38.62501211826121 
 07/23  24:00:00,30.834112487440046,38.236208908521607 
 07/24  01:00:00,30.60084946524047,37.87442961033442 
 07/24  02:00:00,30.37545045877323,37.516947410526828 
 07/24  03:00:00,30.130864065724859,37.114167805980098 
 07/24  04:00:00,29.944523319693596,36.77107988874481 
 07/24  05:00:00,29.764666512801396,36.42150022728861 
 07/24  06:00:00,29.556409414921313,36.0303442525195 
 07/24  07:00:00,29.666712450967027,36.05004562972945 
 07/24  08:00:00,30.479708906232866,36.7871601481183 
 07/24  09:00:00,31.530223124448196,37.830690547068737 
 07/24  10:00:00,32.50780795960684,38.88813495978253 
 07/24  11:00:00,32.68098914698244,39.09671903838374 
 07/24  12:00:00,32.44152343160904,38.95683577646392 
 07/24  13:00:00,32.48256866605115,38.95521727220864 
 07/24  14:00:00,32.82509676106123,39.37588173767677 
 07/24  15:00:00,33.31673412349801,40.159275024559509 
 07/24  16:00:00,34.0620863752768,40.98227840533366 
 07/24  17:00:00,34.38426841103522,41.5645341774555 
 07/24  18:00:00,33.54864051124556,41.00847967091557 
 07/24  19:00:00,32.84210973074775,40.37004354786688 
 07/24  20:00:00,32.07221736822975,39.612376780519088 
 07/24  21:00:00,31.661198717824843,39.23179380785935 
 07/24  22:00:00,31.095404665517735,38.59483465558114 
 07/24  23:00:00,30.81399967254915,38.213588833284997 
 07/24  24:00:00,30.58732775870567,37.88818184091029 
 07/25  01:00:00,30.31252958316587,37.4425590065465 
 07/25  02:00:00,30.065771764517323,37.0179569912067 
 07/25  03:00:00,29.91529739397315,36.71034363466399 
 07/25  04:00:00,29.674302302946218,36.2787213731771 
 07/25  05:00:00,29.448126595014644,35.88246557701317 
 07/25  06:00:00,29.28470067009645,35.56767187914899 
 07/25  07:00:00,29.33316633540105,35.48730898023533 
 07/25  08:00:00,30.15791310133502,36.2527902889832 
 07/25  09:00:00,30.400361074844385,36.49395207869956 
 07/25  10:00:00,31.619472936069746,37.564229717982637 
 07/25  11:00:00,32.316445517200339,38.48623629807709 
 07/25  12:00:00,32.302835683534087,38.54356033306365 
 07/25  13:00:00,32.326439686647699,38.538750318349418 
 07/25  14:00:00,32.5577346624148,38.81064575605094 
 07/25  15:00:00,32.28178977846503,38.17982238016394 
 07/25  16:00:00,33.39340609417206,39.785332744324417 
 07/25  17:00:00,33.725297226343958,40.40378924501359 
 07/25  18:00:00,32.49154736569398,38.88105096404702 
 07/25  19:00:00,32.31754207099394,38.9504489234444 
 07/25  20:00:00,31.55583374735783,38.19914930705666 
 07/25  21:00:00,30.500835001740215,36.67376339849808 
 07/25  22:00:00,30.275783650792776,36.54930453370901 
 07/25  23:00:00,30.170860846488176,36.49226126955322 
 07/25  24:00:00,29.42523867109141,35.20318051567918 
 07/26  01:00:00,29.360594533356076,35.14567994079735 
 07/26  02:00:00,29.334824264389736,35.09627446347804 
 07/26  03:00:00,28.66968098518169,33.91854548299214 
 07/26  04:00:00,28.61937024267538,33.838564259893498 
 07/26  05:00:00,28.622710316491906,33.805287758341368 
 07/26  06:00:00,28.052307769626795,32.77268216279393 
 07/26  07:00:00,28.320527831663918,33.06364402338886 
 07/26  08:00:00,29.39639865157935,34.1716986864152 
 07/26  09:00:00,30.687247865074857,35.47609656776829 
 07/26  10:00:00,31.50626770222813,36.344647688545467 
 07/26  11:00:00,31.667237045946484,36.604116669218779 
 07/26  12:00:00,31.843733603562677,36.87625245546345 
 07/26  13:00:00,31.8686489726301,37.01234098014211 
 07/26  14:00:00,31.957334903306756,37.171641689362449 
 07/26  15:00:00,32.398288102533147,37.91011440829206 
 07/26  16:00:00,33.15028725922809,38.881859771590139 
 07/26  17:00:00,33.675713971081247,39.85796222653106 
 07/26  18:00:00,33.592223066761487,40.11101008668432 
 07/26  19:00:00,32.62066988417555,39.34476156187175 
 07/26  20:00:00,31.464408032672066,38.22425160471961 
 07/26  21:00:00,30.844725182884689,37.60650031013967 
 07/26  22:00:00,30.50408755650119,37.25050782897243 
 07/26  23:00:00,30.01536932996048,36.72440604831924 
 07/26  24:00:00,29.712166592060087,36.32935634996705 
 07/27  01:00:00,29.50052009951658,35.98347213074868 
 07/27  02:00:00,29.293083227340106,35.5995634772582 
 07/27  03:00:00,29.07509227829051,35.197094942181028 
 07/27  04:00:00,28.877033749016947,34.837528142381419 
 07/27  05:00:00,28.694123487964239,34.500300659464 
 07/27  06:00:00,28.510755628483375,34.16052965865808 
 07/27  07:00:00,28.521662135670554,34.035529953092339 
 07/27  08:00:00,29.221934096295894,34.68758258773843 
 07/27  09:00:00,29.421816287509974,34.80272505410002 
 07/27  10:00:00,30.435777505235995,35.69649788196694 
 07/27  11:00:00,31.225552504907605,36.658852005767638 
 07/27  12:00:00,31.06896336113749,36.62536975704843 
 07/27  13:00:00,31.116825661081426,36.63475996860559 
 07/27  14:00:00,31.574351069958256,37.0646927553254 
 07/27  15:00:00,31.499731754053067,37.16211847418789 
 07/27  16:00:00,32.20413085408435,37.880332910498939 
 07/27  17:00:00,32.736072220025608,38.680093031990249 
 07/27  18:00:00,32.09367159959622,38.26141039201609 
 07/27  19:00:00,31.619712114003094,37.84047159600523 
 07/27  20:00:00,30.717427692461834,36.92313836734151 
 07/27  21:00:00,30.343972436597015,36.55137885942045 
 07/27  22:00:00,29.776501124261175,35.9102200231264 
 07/27  23:00:00,29.495346346080856,35.553045007317269 
 07/27  24:00:00,28.927615648989936,34.5919177544229 
 07/28  01:00:00,28.81903181134038,34.5088401951345 
 07/28  02:00:00,28.723795051065048,34.38965357890506 
 07/28  03:00:00,28.526100454107529,34.02976646168713 
 07/28  04:00:00,28.290826879022228,33.62031637899145 
 07/28  05:00:00,28.091071110002298,33.25445894652663 
 07/28  06:00:00,27.70585490038302,32.4994619010327 
 07/28  07:00:00,27.691660487103844,32.45657485787737 
 07/28  08:00:00,27.917938690894073,32.66835328094956 
 07/28  09:00:00,27.84757521298464,32.25262959197701 
 07/28  10:00:00,28.51651442181023,33.08378219509368 
 07/28  11:00:00,29.229428652168346,33.744509885369257 
 07/28  12:00:00,28.448431079987715,32.55990503142171 
 07/28  13:00:00,29.25897787402219,33.58903643185235 
 07/28  14:00:00,29.72414805975538,34.07426461765611 
 07/28  15:00:00,29.02370574293683,33.080466333262169 
 07/28  16:00:00,29.406310791489284,33.6868254746138 
 07/28  17:00:00,29.470879544120576,33.84478420391116 
 07/28  18:00:00,28.629100106016947,32.68812446135149 
 07/28  19:00:00,28.44692615162352,32.63240833268844 
 07/28  20:00:00,27.964873863085225,32.145315285313049 
 07/28  21:00:00,27.468994258942354,31.403836011249156 
 07/28  22:00:00,27.29272606316262,31.264225131411349 
 07/28  23:00:00,27.134135201794263,31.12838962247903 
 07/28  24:00:00,26.721582392042366,30.426598812457848 
 07/29  01:00:00,26.606221212894697,30.319925688852316 
 07/29  02:00:00,26.51078638150061,30.22373051973725 
 07/29  03:00:00,26.161345657350336,29.588553078776337 
 07/29  04:00:00,26.050621843751494,29.45892084786027 
 07/29  05:00:00,25.94834347826103,29.34450407093713 
 07/29  06:00:00,25.63444549171115,28.785281797378695 
 07/29  07:00:00,25.699242524911648,28.85749130953117 
 07/29  08:00:00,26.348149408502424,29.56393646977427 
 07/29  09:00:00,27.162735998553797,30.384614537089477 
 07/29  10:00:00,28.113071088727517,31.341699808818743 
 07/29  11:00:00,28.671919248321517,32.012607913011638 
 07/29  12:00:00,28.854012815817975,32.30933128029356 
 07/29  13:00:00,29.17157772689761,32.78273666600795 
 07/29  14:00:00,29.380444022370385,33.14143681250747 
 07/29  15:00:00,29.75992438456852,33.75511766193892 
 07/29  16:00:00,30.48314935589867,34.615205651414118 
 07/29  17:00:00,30.880957581821009,35.336215622004988 
 07/29  18:00:00,30.744572494507538,35.46870107440304 
 07/29  19:00:00,29.991656499898835,34.98680877353581 
 07/29  20:00:00,29.10349617048763,34.156832436596157 
 07/29  21:00:00,28.515233974382605,33.61463749627185 
 07/29  22:00:00,28.19784445990364,33.338544971658759 
 07/29  23:00:00,27.74748266477351,32.91207382172094 
 07/29  24:00:00,27.49544243441256,32.618201647322027 
 07/30  01:00:00,27.32244776067063,32.384223771944707 
 07/30  02:00:00,27.147578597945264,32.11539394885313 
 07/30  03:00:00,26.967076371663916,31.8199741956623 
 07/30  04:00:00,26.82221734518749,31.570219319859598 
 07/30  05:00:00,26.67359557695252,31.30430968982792 
 07/30  06:00:00,26.50288934127586,31.013019416222286 
 07/30  07:00:00,26.52797066607085,30.954268744688635 
 07/30  08:00:00,27.20875810681798,31.588662148151874 
 07/30  09:00:00,27.988002794120207,32.386252918622108 
 07/30  10:00:00,28.941866168962294,33.330720138361368 
 07/30  11:00:00,29.4743304850968,33.9666684502548 
 07/30  12:00:00,29.368751499595807,34.01851307676752 
 07/30  13:00:00,29.530114600767747,34.16240861651935 
 07/30  14:00:00,30.002802503107746,34.72236077270229 
 07/30  15:00:00,29.937850264242134,34.88455325372153 
 07/30  16:00:00,30.61914714176847,35.58580171241029 
 07/30  17:00:00,31.104423078250613,36.40098914596127 
 07/30  18:00:00,30.10083741044184,35.57392432470816 
 07/30  19:00:00,29.390892400829914,34.87409901026146 
 07/30  20:00:00,28.81906248858688,34.322979572445408 
 07/30  21:00:00,28.549614353096368,34.087372627729418 
 07/30  22:00:00,28.092964920199237,33.6077319243426 
 07/30  23:00:00,27.82186584084293,33.30943037656392 
 07/30  24:00:00,27.67743267046749,33.123448881631919 
 07/31  01:00:00,27.497814411628349,32.83952322293988 
 07/31  02:00:00,27.246963358037779,32.4542886276961 
 07/31  03:00:00,27.071639016417547,32.160486038041778 
 07/31  04:00:00,26.917581520827527,31.88564315085177 
 07/31  05:00:00,26.701782881841394,31.514322092563114 
 07/31  06:00:00,26.54296063650763,31.22689250386668 
 07/31  07:00:00,26.55070136942565,31.148521114032627 
 07/31  08:00:00,27.17161307974773,31.77368912167035 
 07/31  09:00:00,28.34877341428696,32.872390307764209 
 07/31  10:00:00,29.508260256036207,34.168810194876169 
 07/31  11:00:00,29.832682272285184,34.59738152036749 
 07/31  12:00:00,29.889938567594134,34.71019440878726 
 07/31  13:00:00,29.88387549075524,34.80048625735314 
 07/31  14:00:00,30.164075773669958,35.23415090705779 
 07/31  15:00:00,30.434431787028968,35.85445622916811 
 07/31  16:00:00,31.366169909315908,36.999058549820329 
 07/31  17:00:00,32.10247431634162,38.228270295688229 
 07/31  18:00:00,31.336596739124169,37.81001225604568 
 07/31  19:00:00,30.785597421029313,37.43767091540633 
 07/31  20:00:00,29.82062052954972,36.609403168300818 
 07/31  21:00:00,29.46867698676311,36.34010695731591 
 07/31  22:00:00,28.910585543619005,35.76913654637754 
 07/31  23:00:00,28.678446010484437,35.463438181678558 
 07/31  24:00:00,28.29915416739356,34.604808026677947 
 08/01  01:00:00,28.23983725544297,34.56596760333325 
 08/01  02:00:00,28.18773123289975,34.56719460098459 
 08/01  03:00:00,27.84853068261214,33.65568471156691 
 08/01  04:00:00,27.775533410423959,33.546219565155109 
 08/01  05:00:00,27.747262056258618,33.534358582618299 
 08/01  06:00:00,27.437433823047227,32.663428428536409 
 08/01  07:00:00,27.555221844949544,32.76860724129158 
 08/01  08:00:00,28.393507483353173,33.658264743717477 
 08/01  09:00:00,28.988483922090759,34.28406269160446 
 08/01  10:00:00,30.227392060982394,35.47089768352093 
 08/01  11:00:00,30.666743646197565,35.9886809498046 
 08/01  12:00:00,30.855729240451575,36.241050020458477 
 08/01  13:00:00,30.99277266986935,36.462992684653048 
 08/01  14:00:00,31.21724522752163,36.781169142053958 
 08/01  15:00:00,31.72476524516383,37.571208517241029 
 08/01  16:00:00,32.513491911899908,38.50943088307211 
 08/01  17:00:00,33.11310748478212,39.47902900649757 
 08/01  18:00:00,32.305354065283548,38.96334495888872 
 08/01  19:00:00,31.633202262413506,38.480843855933027 
 08/01  20:00:00,30.797772950408125,37.698339446883618 
 08/01  21:00:00,30.183934984259417,37.12923491496365 
 08/01  22:00:00,29.947757230759757,36.907047722654208 
 08/01  23:00:00,29.559579367760344,36.472420247066839 
 08/01  24:00:00,29.343030854650409,36.15789818117031 
 08/02  01:00:00,29.11873920034445,35.78983578714867 
 08/02  02:00:00,28.911529327010429,35.410464417100019 
 08/02  03:00:00,28.750148299088289,35.08742227846687 
 08/02  04:00:00,28.551273850544029,34.70549096518816 
 08/02  05:00:00,28.36715697645519,34.33971622199955 
 08/02  06:00:00,28.179482332173124,33.96858867695842 
 08/02  07:00:00,28.360686591903858,34.076560825779619 
 08/02  08:00:00,29.434510874220636,35.08974886133556 
 08/02  09:00:00,30.674604038721826,36.38109900973911 
 08/02  10:00:00,31.81751724100961,37.658446877743838 
 08/02  11:00:00,31.99071794995369,37.906187619241347 
 08/02  12:00:00,32.11705142030185,38.11216578893534 
 08/02  13:00:00,32.207355979601597,38.27765728723253 
 08/02  14:00:00,32.36720643654904,38.549463866629277 
 08/02  15:00:00,32.97910387013033,39.415182608416888 
 08/02  16:00:00,33.770350591271718,40.4010341592018 
 08/02  17:00:00,34.380622016748308,41.43934311388707 
 08/02  18:00:00,34.097582696358127,41.56726526664066 
 08/02  19:00:00,33.26850957033904,40.903738080128778 
 08/02  20:00:00,32.33211624866068,40.03113680076581 
 08/02  21:00:00,31.759911262092456,39.503368273562028 
 08/02  22:00:00,31.324122513430276,39.01664949417025 
 08/02  23:00:00,30.767485970687689,38.33186600072624 
 08/02  24:00:00,30.45804897832328,37.85457610614043 
 08/03  01:00:00,30.177728584522727,37.384627984838619 
 08/03  02:00:00,29.929629938584165,36.94987976724053 
 08/03  03:00:00,29.694691772166857,36.52642710611347 
 08/03  04:00:00,29.500037446441526,36.13440518887066 
 08/03  05:00:00,29.327734997187326,35.76146174495939 
 08/03  06:00:00,29.152420679727326,35.38324143483558 
 08/03  07:00:00,29.36770986435257,35.48790379199343 
 08/03  08:00:00,30.500856394362424,36.48392258644408 
 08/03  09:00:00,31.606036190381717,37.594023601486977 
 08/03  10:00:00,32.43364663181504,38.43240584550177 
 08/03  11:00:00,32.58681058037032,38.668996792919909 
 08/03  12:00:00,32.92408038523676,39.12757148627912 
 08/03  13:00:00,32.93168906522157,39.194419475389647 
 08/03  14:00:00,33.01367049294712,39.3185705994318 
 08/03  15:00:00,33.610558743944967,40.19440789968368 
 08/03  16:00:00,34.36711629760616,41.09285081233118 
 08/03  17:00:00,34.975159631781227,42.107888808387688 
 08/03  18:00:00,34.709268244717119,42.23532107089622 
 08/03  19:00:00,33.860478980152709,41.49807426350574 
 08/03  20:00:00,32.902341058747037,40.54695939548123 
 08/03  21:00:00,32.303386304186279,39.95793064595072 
 08/03  22:00:00,31.873226674819489,39.48601196207514 
 08/03  23:00:00,31.335300833757296,38.8333211331766 
 08/03  24:00:00,31.05892503892479,38.4181503995012 
 08/04  01:00:00,30.799708359108757,38.01625586151943 
 08/04  02:00:00,30.542636227788614,37.59622523904283 
 08/04  03:00:00,30.28096814014263,37.150283633483777 
 08/04  04:00:00,30.069140197767085,36.75595920894488 
 08/04  05:00:00,29.863016911615277,36.35609208860875 
 08/04  06:00:00,29.64170434192495,35.932892150250818 
 08/04  07:00:00,29.838030347016529,36.034774523955537 
 08/04  08:00:00,30.912877608014317,37.01321457724172 
 08/04  09:00:00,32.09505956905889,38.17573912216049 
 08/04  10:00:00,32.893133108890918,39.004512958660807 
 08/04  11:00:00,33.075881928955997,39.26074480813385 
 08/04  12:00:00,33.259163511529987,39.54843573391555 
 08/04  13:00:00,33.3021207234236,39.652914407732357 
 08/04  14:00:00,33.31192473203287,39.68421694505694 
 08/04  15:00:00,33.90064402121235,40.544111467375959 
 08/04  16:00:00,34.61304740551291,41.39946635730685 
 08/04  17:00:00,35.24895939467096,42.43719741392732 
 08/04  18:00:00,35.096787713054727,42.52555390604538 
 08/04  19:00:00,34.32484195270071,42.03252430611096 
 08/04  20:00:00,33.32963081837889,41.09136735183679 
 08/04  21:00:00,32.73102169279584,40.53007679424185 
 08/04  22:00:00,32.33042167776676,40.121818996697097 
 08/04  23:00:00,31.806472631203414,39.512395035412158 
 08/04  24:00:00,31.55415235554645,39.1446763965606 
 08/05  01:00:00,31.2822101368478,38.72993051264103 
 08/05  02:00:00,31.005744477923654,38.277175851442738 
 08/05  03:00:00,30.758052891998746,37.86639934578036 
 08/05  04:00:00,30.529359453496207,37.46732670013089 
 08/05  05:00:00,30.310042352823353,37.06434817125349 
 08/05  06:00:00,30.151248516656034,36.74808948880147 
 08/05  07:00:00,30.31320755179249,36.81231989471686 
 08/05  08:00:00,31.427324758244056,37.80350333457885 
 08/05  09:00:00,32.57079291145852,38.98547168560189 
 08/05  10:00:00,33.32736083362283,39.75664972142039 
 08/05  11:00:00,33.39700216233531,39.906316613797788 
 08/05  12:00:00,33.431906595534417,39.966656582540519 
 08/05  13:00:00,33.47297889554036,40.102967875628937 
 08/05  14:00:00,33.582877510698249,40.35260101063986 
 08/05  15:00:00,34.12774900126293,41.2249639449234 
 08/05  16:00:00,34.93614073533428,42.23535735104045 
 08/05  17:00:00,35.59468924542204,43.35371417232434 
 08/05  18:00:00,35.423485308273487,43.47685060836476 
 08/05  19:00:00,34.62899780631013,42.977380330607278 
 08/05  20:00:00,33.60145922620788,42.01140144179672 
 08/05  21:00:00,32.909639295926,41.31878688727704 
 08/05  22:00:00,32.524455608263568,40.95580097808824 
 08/05  23:00:00,32.002488671699598,40.373501701133509 
 08/05  24:00:00,31.683444477633527,39.907666109952547 
 08/06  01:00:00,31.43674395436854,39.500737545405687 
 08/06  02:00:00,31.20738133372732,39.07081812079713 
 08/06  03:00:00,30.90681433656502,38.51318496203612 
 08/06  04:00:00,30.710745406519938,38.13040952679326 
 08/06  05:00:00,30.51378052807779,37.731758759372457 
 08/06  06:00:00,30.222774857172618,37.20370912516744 
 08/06  07:00:00,30.431114530621348,37.31613112656846 
 08/06  08:00:00,31.644693838680888,38.414374844733348 
 08/06  09:00:00,32.82560609561748,39.610392090311787 
 08/06  10:00:00,33.640749552532799,40.425093051569827 
 08/06  11:00:00,33.79025856314638,40.649865792054779 
 08/06  12:00:00,33.712327365534758,40.54763490725232 
 08/06  13:00:00,33.82605199254504,40.74039535700941 
 08/06  14:00:00,33.986063335986369,41.01765418268203 
 08/06  15:00:00,34.523274796443079,41.85074726606901 
 08/06  16:00:00,35.302648077924349,42.81074589369368 
 08/06  17:00:00,35.89150210946748,43.8103101451003 
 08/06  18:00:00,35.80453360159268,44.04164656830134 
 08/06  19:00:00,34.80145768661942,43.28660174988942 
 08/06  20:00:00,33.62694167510384,42.176119827051319 
 08/06  21:00:00,33.06951567385053,41.67756297993965 
 08/06  22:00:00,32.66824572022463,41.254878063193107 
 08/06  23:00:00,32.15810616586986,40.66511115427987 
 08/06  24:00:00,31.913326231430316,40.288420948006848 
 08/07  01:00:00,31.642427675834776,39.813578636874087 
 08/07  02:00:00,31.372795284325365,39.289563819261747 
 08/07  03:00:00,31.11384615279868,38.786568807385169 
 08/07  04:00:00,30.91022154100358,38.37715428933336 
 08/07  05:00:00,30.709511115427686,37.963548988826079 
 08/07  06:00:00,30.471715742078467,37.49572073265654 
 08/07  07:00:00,30.629339509733293,37.540393334095998 
 08/07  08:00:00,31.77891952668135,38.59408465389983 
 08/07  09:00:00,32.96781062053701,39.77803610142442 
 08/07  10:00:00,33.75746599295205,40.5823310111751 
 08/07  11:00:00,33.798399575548078,40.690530841927927 
 08/07  12:00:00,33.691408933418738,40.52484723068068 
 08/07  13:00:00,33.815741807585428,40.72295082028747 
 08/07  14:00:00,34.085408786367327,41.14633065433142 
 08/07  15:00:00,34.57305519383337,42.01119151957779 
 08/07  16:00:00,35.40599827228214,43.05023327283306 
 08/07  17:00:00,35.79769265150005,43.70061729529514 
 08/07  18:00:00,35.36333865145083,43.547568922305817 
 08/07  19:00:00,34.66033353132627,43.04120629629651 
 08/07  20:00:00,33.726420158334409,42.165350980399967 
 08/07  21:00:00,33.13318098119305,41.62265947030685 
 08/07  22:00:00,32.73821721917104,41.170326374814639 
 08/07  23:00:00,32.222626184062509,40.50570419488016 
 08/07  24:00:00,31.90808192069293,39.975640075507289 
 08/08  01:00:00,31.643601967519584,39.51226766013055 
 08/08  02:00:00,31.37230585385621,39.0261007574052 
 08/08  03:00:00,31.051011229514957,38.45959919892 
 08/08  04:00:00,30.818777838118949,38.018019604801498 
 08/08  05:00:00,30.590507156607396,37.56724318159267 
 08/08  06:00:00,30.331303014104515,37.08137563717866 
 08/08  07:00:00,30.46151681118993,37.073259181399119 
 08/08  08:00:00,31.535916512352388,38.041176355082338 
 08/08  09:00:00,32.67847323387641,39.15107150592979 
 08/08  10:00:00,33.57303366245912,40.07438258176976 
 08/08  11:00:00,33.742605289352869,40.3275923194588 
 08/08  12:00:00,33.461601224419677,39.941342630075109 
 08/08  13:00:00,33.537550539010037,40.042928483781079 
 08/08  14:00:00,33.72306676864807,40.331388424675477 
 08/08  15:00:00,34.219029555302707,41.11027775161858 
 08/08  16:00:00,35.00637243085783,42.07335363491302 
 08/08  17:00:00,35.59737423764331,43.08803543612197 
 08/08  18:00:00,35.402322740768287,43.15811860407903 
 08/08  19:00:00,34.50857580111264,42.51725621362536 
 08/08  20:00:00,33.407571509340829,41.464282360336458 
 08/08  21:00:00,32.88245870785406,40.93409045820431 
 08/08  22:00:00,32.47295217416016,40.47489132555417 
 08/08  23:00:00,31.944569236781477,39.81359992040718 
 08/08  24:00:00,31.66177646898442,39.37572914411968 
 08/09  01:00:00,31.34828889458993,38.8835475403191 
 08/09  02:00:00,31.032195323130286,38.36252296985717 
 08/09  03:00:00,30.693687710812953,37.815858804867477 
 08/09  04:00:00,30.450036357660623,37.37239989735977 
 08/09  05:00:00,30.201464839658028,36.915425477788797 
 08/09  06:00:00,29.94752801542195,36.45583546597467 
 08/09  07:00:00,30.065337252186148,36.42594321938092 
 08/09  08:00:00,31.10361246963302,37.36938621800346 
 08/09  09:00:00,32.327496375596698,38.50945563610857 
 08/09  10:00:00,33.17493210679472,39.37292257616293 
 08/09  11:00:00,33.416153640925887,39.70087524507342 
 08/09  12:00:00,33.61118230984989,39.95950713886219 
 08/09  13:00:00,33.763420971324809,40.200130911334309 
 08/09  14:00:00,33.97704780559043,40.49500854624985 
 08/09  15:00:00,34.51103965328509,41.30871986444072 
 08/09  16:00:00,35.24313899044007,42.19883425582317 
 08/09  17:00:00,35.60622935106208,42.88000780555187 
 08/09  18:00:00,34.801106024445427,42.44462831029829 
 08/09  19:00:00,33.96624611804869,41.668145646021269 
 08/09  20:00:00,33.14093091997785,40.81897947339913 
 08/09  21:00:00,32.607605958813639,40.26896170125265 
 08/09  22:00:00,32.19287297039788,39.797919030790158 
 08/09  23:00:00,31.689643147381319,39.20492908011619 
 08/09  24:00:00,31.39590817103941,38.82360125342431 
 08/10  01:00:00,31.132777632315368,38.41949523584595 
 08/10  02:00:00,30.8938446254961,38.00392670830812 
 08/10  03:00:00,30.557960254158357,37.45728189671905 
 08/10  04:00:00,30.37385963514474,37.12938879693179 
 08/10  05:00:00,30.195994601750674,36.806721667080207 
 08/10  06:00:00,29.924738794660145,36.372704580756877 
 08/10  07:00:00,29.977352478255118,36.29588054092654 
 08/10  08:00:00,30.864957405723144,37.09578962352957 
 08/10  09:00:00,32.09974045376482,38.232944156737627 
 08/10  10:00:00,32.95933864188782,39.11953909171825 
 08/10  11:00:00,33.3557974273978,39.63401757656615 
 08/10  12:00:00,33.591370053158218,39.95692515933952 
 08/10  13:00:00,33.7490623532046,40.229147687475769 
 08/10  14:00:00,33.8810295349981,40.421171163350148 
 08/10  15:00:00,34.46940520538909,41.256611924306429 
 08/10  16:00:00,35.2010792540328,42.136425714716867 
 08/10  17:00:00,35.3603951440428,42.510646372480199 
 08/10  18:00:00,34.52436164809813,41.967530663208219 
 08/10  19:00:00,33.69272210018055,41.22960425132931 
 08/10  20:00:00,32.87680144766054,40.37814430930114 
 08/10  21:00:00,32.40630807192554,39.90832320766874 
 08/10  22:00:00,31.980124754077509,39.426913701879687 
 08/10  23:00:00,31.49330951857368,38.87119393405642 
 08/10  24:00:00,31.272325862626479,38.57926686213648 
 08/11  01:00:00,30.99651257293022,38.16727639949839 
 08/11  02:00:00,30.746156527391677,37.768119774989617 
 08/11  03:00:00,30.156512831489925,36.589571472869199 
 08/11  04:00:00,30.109440168269449,36.57475378120798 
 08/11  05:00:00,30.060883717732449,36.53239950540106 
 08/11  06:00:00,29.45801253411738,35.312331047560117 
 08/11  07:00:00,29.588635500271534,35.462285275875107 
 08/11  08:00:00,30.413444628792808,36.33084013072154 
 08/11  09:00:00,29.93652490247479,35.328734269455598 
 08/11  10:00:00,31.389896881166658,37.00562459435538 
 08/11  11:00:00,32.231972970556629,37.92622902996041 
 08/11  12:00:00,31.20462236753811,36.3492645980176 
 08/11  13:00:00,32.10159994518056,37.5606953450026 
 08/11  14:00:00,32.62556741016758,38.126783081695268 
 08/11  15:00:00,31.500610143708017,36.57858212694485 
 08/11  16:00:00,32.923284111666919,38.315571458034828 
 08/11  17:00:00,33.40521734837243,38.99375581121393 
 08/11  18:00:00,31.392358812126927,36.56489550862331 
 08/11  19:00:00,31.614789864900226,37.1158667867448 
 08/11  20:00:00,30.954112466546606,36.5363697389664 
 08/11  21:00:00,29.82268882115908,34.977396269416868 
 08/11  22:00:00,29.702406702977798,34.972466986230738 
 08/11  23:00:00,29.68970172532723,35.02761984959315 
 08/11  24:00:00,28.95201744778998,33.8312211632397 
 08/12  01:00:00,28.88400951913024,33.787112884603 
 08/12  02:00:00,28.86097089670189,33.785825354707217 
 08/12  03:00:00,28.187593557953237,32.66640313124859 
 08/12  04:00:00,28.139577707823724,32.62305870503615 
 08/12  05:00:00,28.140338941957056,32.62160735748963 
 08/12  06:00:00,27.565956349594303,31.64688915311285 
 08/12  07:00:00,27.71837942350076,31.819046005955408 
 08/12  08:00:00,28.776613737858317,32.91994888317181 
 08/12  09:00:00,30.004642439541393,34.14674148154037 
 08/12  10:00:00,30.89883970879186,35.058541796199147 
 08/12  11:00:00,31.326807355572258,35.64876887566783 
 08/12  12:00:00,31.46314787280735,35.93631804506362 
 08/12  13:00:00,31.599971276227085,36.231338919047008 
 08/12  14:00:00,31.8437991855275,36.61290722861999 
 08/12  15:00:00,32.198640451236048,37.24258636244322 
 08/12  16:00:00,32.97605650546588,38.15563553019595 
 08/12  17:00:00,33.481067379183389,39.12817277812592 
 08/12  18:00:00,33.04130110703354,38.952716937865677 
 08/12  19:00:00,32.15329485321252,38.32481416425111 
 08/12  20:00:00,31.068704460631076,37.3226007482407 
 08/12  21:00:00,30.586826693230106,36.883939518359259 
 08/12  22:00:00,30.229472625944206,36.52976489639133 
 08/12  23:00:00,29.756800733478106,36.037562677532978 
 08/12  24:00:00,29.508078075063083,35.746515874272088 
 08/13  01:00:00,29.33871073073051,35.47915419013334 
 08/13  02:00:00,29.06192653505041,35.074216541686727 
 08/13  03:00:00,28.892667139841934,34.793667133534828 
 08/13  04:00:00,28.669696144515386,34.42562487125819 
 08/13  05:00:00,28.45159421600586,34.07184938571428 
 08/13  06:00:00,28.284796448580978,33.77994382925232 
 08/13  07:00:00,28.268830973079014,33.652384682381249 
 08/13  08:00:00,29.145300113738228,34.4720862686906 
 08/13  09:00:00,29.35358832725408,34.725471382092838 
 08/13  10:00:00,30.305844827645545,35.482934747224039 
 08/13  11:00:00,30.953653822472324,36.30788504774301 
 08/13  12:00:00,30.302769410702824,35.27262196549483 
 08/13  13:00:00,30.74322376517647,35.88607372456778 
 08/13  14:00:00,31.093941614894474,36.33363567445747 
 08/13  15:00:00,30.28718305957127,35.148290736018548 
 08/13  16:00:00,30.973561504235236,36.25776418038549 
 08/13  17:00:00,30.91669607252409,36.291831866389639 
 08/13  18:00:00,29.893020317491428,34.83603805950691 
 08/13  19:00:00,29.63714622215199,34.81720295683125 
 08/13  20:00:00,29.075851744922333,34.28142129990735 
 08/13  21:00:00,28.499713085225154,33.363464320343457 
 08/13  22:00:00,28.287434923984248,33.17665638262892 
 08/13  23:00:00,28.05946272345592,32.94627342362237 
 08/13  24:00:00,27.426421029402606,31.944960671441295 
 08/14  01:00:00,27.34630148476787,31.8314782939944 
 08/14  02:00:00,27.2944843501137,31.74403640252758 
 08/14  03:00:00,26.797801758644949,30.90101815006443 
 08/14  04:00:00,26.755723967126298,30.82523069547994 
 08/14  05:00:00,26.746086776902599,30.77962590388786 
 08/14  06:00:00,26.323800671745415,30.015986656673904 
 08/14  07:00:00,26.428125802546167,30.121067587202956 
 08/14  08:00:00,27.244292432142907,30.983802856442844 
 08/14  09:00:00,28.354666154633809,32.068400246547728 
 08/14  10:00:00,29.640704213799756,33.357003719732748 
 08/14  11:00:00,30.059477422866747,33.93590569500536 
 08/14  12:00:00,30.24236810071178,34.25792516657801 
 08/14  13:00:00,30.5380213015546,34.756014769255269 
 08/14  14:00:00,30.810111076027299,35.23044697148558 
 08/14  15:00:00,31.19741380560594,35.80878312730859 
 08/14  16:00:00,31.981616998266298,36.772995748572927 
 08/14  17:00:00,32.5337319309619,37.771325968646227 
 08/14  18:00:00,31.94603053357357,37.461927758735999 
 08/14  19:00:00,31.09308199498471,36.84433948266957 
 08/14  20:00:00,30.041674153772616,35.87787991594477 
 08/14  21:00:00,29.54913790893784,35.405586023605959 
 08/14  22:00:00,29.2012037673397,35.04961505952996 
 08/14  23:00:00,28.711758906828167,34.52607833866057 
 08/14  24:00:00,28.44725878591002,34.187327019187737 
 08/15  01:00:00,28.20010032083902,33.82381787246334 
 08/15  02:00:00,27.955506314070847,33.43232879024828 
 08/15  03:00:00,27.691743610598004,33.0078373394701 
 08/15  04:00:00,27.47932188820775,32.63613809384529 
 08/15  05:00:00,27.28495665461965,32.27799884053459 
 08/15  06:00:00,27.06401228574193,31.886481531244 
 08/15  07:00:00,27.168565571096737,31.886451476212906 
 08/15  08:00:00,28.217978140954764,32.88705774027831 
 08/15  09:00:00,29.53408399354845,34.16216441841863 
 08/15  10:00:00,30.65196540588631,35.41274290171204 
 08/15  11:00:00,30.756517683834838,35.607799370308587 
 08/15  12:00:00,30.804565429850219,35.68151366656869 
 08/15  13:00:00,31.0557991087285,36.01593023398475 
 08/15  14:00:00,31.40120690550131,36.49575646123151 
 08/15  15:00:00,31.712243589325924,37.070883986079717 
 08/15  16:00:00,32.469959029160737,37.91330825949406 
 08/15  17:00:00,32.79422561048566,38.5822231789724 
 08/15  18:00:00,31.88313086196402,38.038737020567619 
 08/15  19:00:00,31.169845148209036,37.36247594191971 
 08/15  20:00:00,30.19975775396316,36.41567744165536 
 08/15  21:00:00,29.396891572039516,35.22588162783984 
 08/15  22:00:00,29.11990422189802,35.11762516991257 
 08/15  23:00:00,28.936609793919005,35.05485031454513 
 08/15  24:00:00,28.403814305140786,34.03343006603852 
 08/16  01:00:00,28.31538766709502,33.96550828092099 
 08/16  02:00:00,28.2873112778328,33.940105290364019 
 08/16  03:00:00,27.89933600406754,33.071738676172817 
 08/16  04:00:00,27.81420892241991,32.9418378134629 
 08/16  05:00:00,27.75897619601937,32.84220948347133 
 08/16  06:00:00,27.442027668846408,32.10407793308747 
 08/16  07:00:00,27.44203272430617,32.06878672809946 
 08/16  08:00:00,27.94456336871704,32.6210357027118 
 08/16  09:00:00,27.885878635301695,32.18105932220287 
 08/16  10:00:00,28.783551697341765,33.226015791110999 
 08/16  11:00:00,29.424052409370807,33.84646336842739 
 08/16  12:00:00,28.82451674893198,32.87614315377144 
 08/16  13:00:00,29.266290802363338,33.47665946393727 
 08/16  14:00:00,29.599957480913767,33.84199623980548 
 08/16  15:00:00,28.965035728357777,32.90876307738621 
 08/16  16:00:00,29.136320994632677,33.20487347851413 
 08/16  17:00:00,29.314488945126145,33.4713738379604 
 08/16  18:00:00,28.29487524069659,32.14315518086752 
 08/16  19:00:00,28.14269081488618,32.083749709327168 
 08/16  20:00:00,27.634469064350385,31.586305041877755 
 08/16  21:00:00,27.051759140572153,30.750091164352093 
 08/16  22:00:00,26.941485938980713,30.694190494704679 
 08/16  23:00:00,26.88214330991263,30.683253613251546 
 08/16  24:00:00,26.44116434910519,29.92415358418293 
 08/17  01:00:00,26.360158358757518,29.85987709822084 
 08/17  02:00:00,26.320967158293379,29.839790405609393 
 08/17  03:00:00,25.94945536933607,29.175212971690855 
 08/17  04:00:00,25.84238612398501,29.053582668723377 
 08/17  05:00:00,25.772864597076759,29.024514689175299 
 08/17  06:00:00,25.42681213099859,28.3975683077379 
 08/17  07:00:00,25.45883419388165,28.44568915816337 
 08/17  08:00:00,26.17180803473521,29.21087767736602 
 08/17  09:00:00,27.569416976335746,30.586235206758507 
 08/17  10:00:00,28.73154821089926,31.78978614562799 
 08/17  11:00:00,29.06303119414376,32.27286257877618 
 08/17  12:00:00,29.297185272174,32.67169303343007 
 08/17  13:00:00,29.56368718429698,33.16904200253423 
 08/17  14:00:00,29.796900819583504,33.6283158986752 
 08/17  15:00:00,29.583391889679345,33.683909758567029 
 08/17  16:00:00,30.46846203200181,34.60778962297823 
 08/17  17:00:00,31.049454793094328,35.637481169747697 
 08/17  18:00:00,30.276848545882868,35.223353314628557 
 08/17  19:00:00,29.50164956314007,34.69955964879843 
 08/17  20:00:00,28.739700129282359,34.00190082327373 
 08/17  21:00:00,28.38747884266029,33.71281507845454 
 08/17  22:00:00,27.887130145485555,33.26370331533407 
 08/17  23:00:00,27.595516690928095,32.98096987319329 
 08/17  24:00:00,27.378340502861354,32.72407833070091 
 08/18  01:00:00,27.202568150782115,32.46380688669528 
 08/18  02:00:00,27.04241818707806,32.18016222200729 
 08/18  03:00:00,26.895905771472159,31.91332084813255 
 08/18  04:00:00,26.702532595742917,31.566978755373837 
 08/18  05:00:00,26.561428462986745,31.302604519431623 
 08/18  06:00:00,26.438820301942497,31.05969399775139 
 08/18  07:00:00,26.44075184738949,30.969196276872439 
 08/18  08:00:00,27.045707159883507,31.536824917026054 
 08/18  09:00:00,27.704928685540119,32.1986701193321 
 08/18  10:00:00,28.83051494301489,33.31259272022617 
 08/18  11:00:00,29.723372538415548,34.41929576540468 
 08/18  12:00:00,29.886147427546946,34.64474713629386 
 08/18  13:00:00,30.264127019162488,35.17149496939326 
 08/18  14:00:00,30.5438112303216,35.53825675063772 
 08/18  15:00:00,31.041531198331929,36.23161728204944 
 08/18  16:00:00,31.728271075193726,37.04774082280116 
 08/18  17:00:00,31.95701911477052,37.55545763725029 
 08/18  18:00:00,31.240856284834533,37.20424480497203 
 08/18  19:00:00,30.477338150191028,36.5125655758258 
 08/18  20:00:00,29.787399882717929,35.89751794999855 
 08/18  21:00:00,29.350224583498034,35.501195729490678 
 08/18  22:00:00,28.869272022520378,35.034378393033467 
 08/18  23:00:00,28.618048041733336,34.73452485698135 
 08/18  24:00:00,28.470667851476518,34.510188050891297 
 08/19  01:00:00,28.2896346126937,34.2141283971897 
 08/19  02:00:00,28.142996936198963,33.971101124814698 
 08/19  03:00:00,27.982557331018563,33.67487563475472 
 08/19  04:00:00,27.826389582702306,33.38597351316713 
 08/19  05:00:00,27.62309402808419,32.9978733359237 
 08/19  06:00:00,27.354712569938788,32.305937589405079 
 08/19  07:00:00,27.35092221459392,32.31540164792381 
 08/19  08:00:00,27.836608625071,32.87341129537421 
 08/19  09:00:00,28.079817052689529,33.124841146842879 
 08/19  10:00:00,29.06929546506039,33.98861827355073 
 08/19  11:00:00,29.99587456980514,35.098556536180627 
 08/19  12:00:00,29.891718857956666,35.10776023906458 
 08/19  13:00:00,30.089767487874757,35.26032153617268 
 08/19  14:00:00,30.647626656872597,35.857786799344427 
 08/19  15:00:00,30.00673143721202,34.92483813350112 
 08/19  16:00:00,30.705887275166775,35.82504209166029 
 08/19  17:00:00,31.223225205150866,36.690297379519808 
 08/19  18:00:00,29.911087943385746,35.03941212721058 
 08/19  19:00:00,29.615405803399349,34.89428585870955 
 08/19  20:00:00,29.198880512386013,34.50175012121519 
 08/19  21:00:00,28.566773754735434,33.50177232897438 
 08/19  22:00:00,28.3614016163445,33.37791254151903 
 08/19  23:00:00,28.263929814391707,33.34126080168404 
 08/19  24:00:00,27.908506628974366,32.59581372153552 
 08/20  01:00:00,27.80152056021707,32.493622729220358 
 08/20  02:00:00,27.73296988204263,32.44958327029463 
 08/20  03:00:00,27.39789912136959,31.74429382780548 
 08/20  04:00:00,27.319175959802558,31.656591805503678 
 08/20  05:00:00,27.27470358584668,31.642533389358868 
 08/20  06:00:00,26.985860009385044,31.03103087950493 
 08/20  07:00:00,27.00601840942631,31.04262484450488 
 08/20  08:00:00,27.634336140444295,31.72659893728615 
 08/20  09:00:00,27.70388702000659,31.824401530260326 
 08/20  10:00:00,28.89913476817985,32.9860780040783 
 08/20  11:00:00,29.7076147034456,33.95683992149525 
 08/20  12:00:00,29.828244258612267,34.17728018420476 
 08/20  13:00:00,30.326709458718079,34.81269605776579 
 08/20  14:00:00,30.705363674956375,35.279372382681319 
 08/20  15:00:00,30.41957277322451,35.1177857901855 
 08/20  16:00:00,31.036504360224649,35.61993108259897 
 08/20  17:00:00,31.400201911228913,36.27952755272999 
 08/20  18:00:00,30.505069286822257,35.61712944625987 
 08/20  19:00:00,29.71461820971532,34.77259106952773 
 08/20  20:00:00,29.190963512378859,34.245961758074319 
 08/20  21:00:00,28.538356452525446,33.27216429252772 
 08/20  22:00:00,28.347109631177426,33.23365534368219 
 08/20  23:00:00,28.222995452429744,33.23033343020392 
 08/20  24:00:00,27.84143613762336,32.46835879531386 
 08/21  01:00:00,27.69153490525153,32.33933779168636 
 08/21  02:00:00,27.598548317941149,32.27843706158429 
 08/21  03:00:00,27.29989616658507,31.63377469173087 
 08/21  04:00:00,27.169454086663209,31.47437007574942 
 08/21  05:00:00,27.043816208821754,31.322354391368337 
 08/21  06:00:00,26.75350105064274,30.729922929512307 
 08/21  07:00:00,26.70731266350972,30.663417160942548 
 08/21  08:00:00,27.14137711968843,31.146102436720896 
 08/21  09:00:00,27.11572439929903,30.869651227605727 
 08/21  10:00:00,28.036833657737085,31.919216286736398 
 08/21  11:00:00,28.76084740755357,32.68764473655668 
 08/21  12:00:00,28.367838215768548,32.0575439436419 
 08/21  13:00:00,29.069487420895415,32.97354818023403 
 08/21  14:00:00,29.627950469200067,33.667177933749659 
 08/21  15:00:00,29.06862994216383,32.859127571668278 
 08/21  16:00:00,29.254017462117419,33.12592890308277 
 08/21  17:00:00,29.420644700020046,33.430481436806179 
 08/21  18:00:00,28.53858041020967,32.27479018676423 
 08/21  19:00:00,28.222731211606246,32.111130120085579 
 08/21  20:00:00,27.702065538426028,31.63201750994687 
 08/21  21:00:00,27.30584573112411,31.018537894874478 
 08/21  22:00:00,27.124338375584068,30.90457621185032 
 08/21  23:00:00,26.96858994482412,30.812768448088819 
 08/21  24:00:00,26.700071164365043,30.288603564236973 
 08/22  01:00:00,26.54451200805011,30.14125539962867 
 08/22  02:00:00,26.40232917439788,30.018186799640934 
 08/22  03:00:00,26.15039735382429,29.520187621132448 
 08/22  04:00:00,26.00593370306749,29.37077704504296 
 08/22  05:00:00,25.88129158193764,29.273121592858339 
 08/22  06:00:00,25.663779575700898,28.818249389882256 
 08/22  07:00:00,25.60391450679959,28.773087927485123 
 08/22  08:00:00,25.784768540418914,29.020975673720025 
 08/22  09:00:00,25.90073200480565,28.98074226465659 
 08/22  10:00:00,26.65966566021776,29.87479339449725 
 08/22  11:00:00,27.44748915853357,30.72408262149201 
 08/22  12:00:00,27.417313513758324,30.553505377648326 
 08/22  13:00:00,28.06326727486995,31.431600422283866 
 08/22  14:00:00,28.674124725913189,32.199993096249837 
 08/22  15:00:00,28.79284479509574,32.26725935578648 
 08/22  16:00:00,29.57032366372774,33.25943617915121 
 08/22  17:00:00,30.008458450912007,34.03130096004259 
 08/22  18:00:00,28.69243164290518,32.46719651073846 
 08/22  19:00:00,28.283129260118807,32.190172913713848 
 08/22  20:00:00,27.748456350988535,31.72059893223407 
 08/22  21:00:00,27.03529936249996,30.755692510128666 
 08/22  22:00:00,26.747479497186178,30.592960538298124 
 08/22  23:00:00,26.622236883963685,30.57502682090129 
 08/22  24:00:00,26.390606413532685,30.078586868816666 
 08/23  01:00:00,26.218825287003197,29.909788379743327 
 08/23  02:00:00,26.03148395198451,29.732388008411254 
 08/23  03:00:00,25.717743804901376,29.145682172383937 
 08/23  04:00:00,25.526223193496329,28.931146467033803 
 08/23  05:00:00,25.334124969657308,28.71965266658942 
 08/23  06:00:00,24.854914679831439,27.968504267600456 
 08/23  07:00:00,24.813869967728225,27.913538773815337 
 08/23  08:00:00,25.118850767161875,28.23451570854362 
 08/23  09:00:00,25.004971239918004,27.87344006879227 
 08/23  10:00:00,26.029398151565599,29.048274067320795 
 08/23  11:00:00,26.93156701003972,29.986349854827738 
 08/23  12:00:00,26.277320217881014,29.066232867524879 
 08/23  13:00:00,27.126295398332795,30.062910305227797 
 08/23  14:00:00,27.701358436157027,30.72368950928117 
 08/23  15:00:00,26.924918510363349,29.718616352081086 
 08/23  16:00:00,28.24819391649882,31.307236660161693 
 08/23  17:00:00,28.81244003738212,32.10963052785351 
 08/23  18:00:00,27.087077932201959,30.13508408888993 
 08/23  19:00:00,26.966757323331789,30.21434771053791 
 08/23  20:00:00,26.490711067158388,29.791444364374983 
 08/23  21:00:00,25.649087825491795,28.78208636592007 
 08/23  22:00:00,25.454513311145,28.697200092706475 
 08/23  23:00:00,25.368726697156107,28.66574039640572 
 08/23  24:00:00,24.723212354196059,27.733728352210137 
 08/24  01:00:00,24.699629006937867,27.720100713932938 
 08/24  02:00:00,24.724463005673806,27.733066017683198 
 08/24  03:00:00,24.245498261189533,26.98570641012098 
 08/24  04:00:00,24.23615566466344,26.950077847423505 
 08/24  05:00:00,24.298513779529097,26.990284047654965 
 08/24  06:00:00,23.897474309097797,26.348944084894627 
 08/24  07:00:00,23.97958990031858,26.414930093624404 
 08/24  08:00:00,24.850270357199098,27.294015394442697 
 08/24  09:00:00,24.414891274202746,26.67777754270449 
 08/24  10:00:00,26.06565806340509,28.4306258282055 
 08/24  11:00:00,27.09559882818003,29.52881974022158 
 08/24  12:00:00,26.09513047520518,28.30856028564972 
 08/24  13:00:00,27.021857666433009,29.563592964921438 
 08/24  14:00:00,27.50067871232006,30.087383500609783 
 08/24  15:00:00,27.197436999495318,29.631433723994893 
 08/24  16:00:00,28.487401945788866,31.17686303946416 
 08/24  17:00:00,28.84141074706424,31.823542751407126 
 08/24  18:00:00,27.372225530020878,30.218997064785556 
 08/24  19:00:00,27.15509911777962,30.144287516779639 
 08/24  20:00:00,26.603358462580489,29.64094375854054 
 08/24  21:00:00,25.52011943536624,28.40975597988873 
 08/24  22:00:00,25.365901155466195,28.36981469701937 
 08/24  23:00:00,25.383041128117953,28.422079658810025 
 08/24  24:00:00,24.608365490699357,27.399626628406048 
 08/25  01:00:00,24.606950279123408,27.417170682015806 
 08/25  02:00:00,24.69486916509985,27.48824842813858 
 08/25  03:00:00,23.995356609824648,26.539553678677188 
 08/25  04:00:00,24.017107635280863,26.550322497107496 
 08/25  05:00:00,24.137047266413228,26.640402649657504 
 08/25  06:00:00,23.54060149500887,25.80448485984869 
 08/25  07:00:00,23.698581332475809,25.956847846980307 
 08/25  08:00:00,24.761126913751885,27.022977834115968 
 08/25  09:00:00,24.786529401020318,27.02240894349186 
 08/25  10:00:00,26.183439556380525,28.431498741049937 
 08/25  11:00:00,27.250187267473849,29.544849951957724 
 08/25  12:00:00,27.08676423071358,29.4351650147602 
 08/25  13:00:00,27.138367379579639,29.66082521287776 
 08/25  14:00:00,27.741940090159614,30.371257190021959 
 08/25  15:00:00,26.95299846973036,29.547508196227218 
 08/25  16:00:00,28.128795126965249,30.952529525907669 
 08/25  17:00:00,28.668151327101567,31.81164877778935 
 08/25  18:00:00,27.02009011097418,30.0141935690585 
 08/25  19:00:00,26.868652303124983,30.02851591793243 
 08/25  20:00:00,26.420507474376565,29.661615364908334 
 08/25  21:00:00,25.607933797536917,28.670106872809908 
 08/25  22:00:00,25.39096533220419,28.570692235849817 
 08/25  23:00:00,25.30037435932654,28.530347540907586 
 08/25  24:00:00,24.892299544501353,27.878258122044465 
 08/26  01:00:00,24.781687802479348,27.768886293051329 
 08/26  02:00:00,24.73037888170548,27.726614741882004 
 08/26  03:00:00,24.46721457330323,27.237496740046699 
 08/26  04:00:00,24.37124046477094,27.125082730033698 
 08/26  05:00:00,24.3080448193231,27.05628560401001 
 08/26  06:00:00,24.096679184512888,26.63164871899956 
 08/26  07:00:00,24.07688939383087,26.59869416143911 
 08/26  08:00:00,24.40456851496935,26.970392089295829 
 08/26  09:00:00,24.965708244892427,27.555978891413447 
 08/26  10:00:00,25.77486742102499,28.398009705507847 
 08/26  11:00:00,26.70473671467487,29.447250331033346 
 08/26  12:00:00,26.53352773528195,29.19770037670643 
 08/26  13:00:00,27.042950639755597,29.88159739383129 
 08/26  14:00:00,27.692634278228565,30.67551135015728 
 08/26  15:00:00,27.833787774321086,30.887329704389985 
 08/26  16:00:00,28.77283952842823,32.045602790371479 
 08/26  17:00:00,29.35928023012642,32.97049246167841 
 08/26  18:00:00,27.966290368224788,31.398006830048119 
 08/26  19:00:00,27.574552297658909,31.138334515510594 
 08/26  20:00:00,27.061663410339138,30.784828396669285 
 08/26  21:00:00,26.33378827833302,29.723649220625693 
 08/26  22:00:00,26.05087203952862,29.56427806590149 
 08/26  23:00:00,25.911801455467388,29.59463705825447 
 08/26  24:00:00,25.629552140842287,29.01522512637263 
 08/27  01:00:00,25.500540566645776,28.91938733839381 
 08/27  02:00:00,25.397488736228455,28.901287908767306 
 08/27  03:00:00,25.179554313496199,28.401607272075574 
 08/27  04:00:00,25.090296293078809,28.30033172873922 
 08/27  05:00:00,25.018480020225466,28.264783019990078 
 08/27  06:00:00,24.81687430685033,27.824878665313837 
 08/27  07:00:00,24.800087160615694,27.786870283436565 
 08/27  08:00:00,25.334087621683609,28.394129585844327 
 08/27  09:00:00,26.05224182426622,29.11534010664873 
 08/27  10:00:00,27.171538093222737,30.3318353853465 
 08/27  11:00:00,27.889929886043129,31.21212105249844 
 08/27  12:00:00,28.248842741320617,31.69910615078561 
 08/27  13:00:00,28.73906780618502,32.41393326801883 
 08/27  14:00:00,29.138326127567127,33.0252417773151 
 08/27  15:00:00,29.596087164472946,33.65423172444241 
 08/27  16:00:00,30.404627414274676,34.681691052159909 
 08/27  17:00:00,31.039646057232529,35.73238352272819 
 08/27  18:00:00,30.853933277249703,35.92985232843341 
 08/27  19:00:00,29.59698265826685,34.938175841355647 
 08/27  20:00:00,28.816577358517657,34.335356377939458 
 08/27  21:00:00,28.26601897836403,33.84004616212415 
 08/27  22:00:00,27.934303778413857,33.56046322891882 
 08/27  23:00:00,27.465426818961235,33.0733645368264 
 08/27  24:00:00,27.20204686913761,32.68167872620448 
 08/28  01:00:00,27.019458371855867,32.393161128056949 
 08/28  02:00:00,26.863379156174568,32.15014411667939 
 08/28  03:00:00,26.562943120511073,31.646941619481127 
 08/28  04:00:00,26.423867596832847,31.375281434118845 
 08/28  05:00:00,26.32800459835322,31.144896076229398 
 08/28  06:00:00,26.15623173729356,30.821874428318745 
 08/28  07:00:00,26.198934303242344,30.777999697188453 
 08/28  08:00:00,27.140447810704573,31.67444121670433 
 08/28  09:00:00,28.592375551498436,33.18033845744793 
 08/28  10:00:00,29.599985238459398,34.225050330979069 
 08/28  11:00:00,30.053749938480484,34.82460730579326 
 08/28  12:00:00,30.23158981594856,35.05380854792652 
 08/28  13:00:00,30.444807243618329,35.352841233387497 
 08/28  14:00:00,30.578015896620188,35.583866161702839 
 08/28  15:00:00,31.019679249485337,36.19877157894666 
 08/28  16:00:00,31.816847069560425,37.141953450169939 
 08/28  17:00:00,32.13410232565459,37.75735566082375 
 08/28  18:00:00,31.392654953881178,37.436288751293 
 08/28  19:00:00,30.51631659386591,36.580207196963758 
 08/28  20:00:00,29.84543584661058,35.95089819491116 
 08/28  21:00:00,29.442109742516118,35.55706385931663 
 08/28  22:00:00,28.90883838120852,34.968296407932047 
 08/28  23:00:00,28.682691642953129,34.66651761757174 
 08/28  24:00:00,28.525394124383806,34.43532984649432 
 08/29  01:00:00,28.346289026348786,34.14853221872859 
 08/29  02:00:00,28.123495824478739,33.749125699240668 
 08/29  03:00:00,28.03293527611519,33.55153316046058 
 08/29  04:00:00,27.889884785591766,33.253121806447577 
 08/29  05:00:00,27.771262140994453,33.01139313196114 
 08/29  06:00:00,27.051916890595515,31.76285688428146 
 08/29  07:00:00,27.199967268225398,31.91577447589974 
 08/29  08:00:00,28.139264959743249,32.884932729389408 
 08/29  09:00:00,27.551160707686607,31.830237146662357 
 08/29  10:00:00,29.231659575567446,33.749604206714149 
 08/29  11:00:00,30.20089681255201,34.861127530515428 
 08/29  12:00:00,29.19234336733637,33.43699191752303 
 08/29  13:00:00,30.165877494285114,34.60616130400745 
 08/29  14:00:00,30.77941346260695,35.264098893086018 
 08/29  15:00:00,29.841086598462654,34.04642424635932 
 08/29  16:00:00,31.04950845834734,35.36428467136315 
 08/29  17:00:00,31.30766634048266,35.75680374029564 
 08/29  18:00:00,29.68661299677792,33.815961793459717 
 08/29  19:00:00,29.373693971187856,33.62506250641081 
 08/29  20:00:00,28.846251099821804,33.06779851042726 
 08/29  21:00:00,27.944447863661357,31.957755033784694 
 08/29  22:00:00,27.706134631167474,31.736317866512633 
 08/29  23:00:00,27.53316248788599,31.537460441832516 
 08/29  24:00:00,26.99124916868513,30.75758460281638 
 08/30  01:00:00,26.915347883802267,30.62931885793898 
 08/30  02:00:00,26.91081972084597,30.578301235436837 
 08/30  03:00:00,26.480469215766609,29.921213708910189 
 08/30  04:00:00,26.446565136671194,29.860709874225099 
 08/30  05:00:00,26.42932563613268,29.81559959152489 
 08/30  06:00:00,25.997689075792175,29.14352365898116 
 08/30  07:00:00,26.020741730541979,29.163748203832556 
 08/30  08:00:00,26.61676020320101,29.80491602984059 
 08/30  09:00:00,27.369930753600145,30.536507714724669 
 08/30  10:00:00,28.49110131627426,31.66275138140957 
 08/30  11:00:00,29.462451836825225,32.74237048808037 
 08/30  12:00:00,29.540735628427,32.925653120801857 
 08/30  13:00:00,30.054014956184767,33.55691230316481 
 08/30  14:00:00,30.355899455688126,34.0123032439772 
 08/30  15:00:00,30.915887212334398,34.82404614720828 
 08/30  16:00:00,31.5650140292752,35.646682400490558 
 08/30  17:00:00,31.64759461089114,35.92649665524072 
 08/30  18:00:00,30.739082763852374,35.281689632972248 
 08/30  19:00:00,29.789213806616205,34.37268193961334 
 08/30  20:00:00,29.099956039428265,33.72670749507037 
 08/30  21:00:00,28.682471144125484,33.37633204896476 
 08/30  22:00:00,28.121896579794034,32.880808838414058 
 08/30  23:00:00,27.873713039451898,32.648239352940098 
 08/30  24:00:00,27.359549052838788,31.794239038490557 
 08/31  01:00:00,27.24664985881013,31.761798812429665 
 08/31  02:00:00,27.15401857210023,31.702884609346638 
 08/31  03:00:00,26.73157279323327,30.89392790220038 
 08/31  04:00:00,26.631349315933688,30.78109082728007 
 08/31  05:00:00,26.557507091463785,30.687722793688154 
 08/31  06:00:00,26.201786388377287,29.996809914863129 
 08/31  07:00:00,26.133460585591313,29.89494402078802 
 08/31  08:00:00,26.318224107748919,30.081779615396458 
 08/31  09:00:00,26.288951733334767,29.78990872599796 
 08/31  10:00:00,27.02654846081765,30.655281167766757 
 08/31  11:00:00,27.790463533680844,31.408944195572017 
 08/31  12:00:00,27.3316665911981,30.648556478255899 
 08/31  13:00:00,27.93966285301746,31.418649417183425 
 08/31  14:00:00,28.414855753670055,31.919300133495633 
 08/31  15:00:00,27.568115563261665,30.80625874130422 
 08/31  16:00:00,28.033687857294326,31.429741310007278 
 08/31  17:00:00,28.096074998584866,31.542515779517264 
 08/31  18:00:00,26.66458098285503,29.841709264778279 
 08/31  19:00:00,26.47205432848469,29.703355703676654 
 08/31  20:00:00,25.98359908555659,29.219802684432247 
 08/31  21:00:00,25.278244072019374,28.32459016571447 
 08/31  22:00:00,25.33198499800153,28.37503441977086 
 08/31  23:00:00,25.393523008952504,28.4190723331941 
 08/31  24:00:00,24.708810347487199,27.48596785274495 
 09/01  01:00:00,24.746240237659664,27.512818462603769 
 09/01  02:00:00,24.804128681110819,27.54865882766885 
 09/01  03:00:00,24.57753947802738,27.222795597293997 
 09/01  04:00:00,24.403657296965024,26.946709979875189 
 09/01  05:00:00,24.292050748816935,26.72377059909801 
 09/01  06:00:00,24.15518560936727,26.48365490612941 
 09/01  07:00:00,24.076028345632868,26.318943950769709 
 09/01  08:00:00,24.867981320811276,27.115503086001753 
 09/01  09:00:00,26.196801482282575,28.404274697976228 
 09/01  10:00:00,27.550705217181034,29.72988994018077 
 09/01  11:00:00,27.981602786703975,30.324084249900968 
 09/01  12:00:00,28.278390080645058,30.72673284729697 
 09/01  13:00:00,28.751103208982724,31.3828798261463 
 09/01  14:00:00,29.017381736561246,31.894073735384109 
 09/01  15:00:00,29.615832593691324,32.85185707080241 
 09/01  16:00:00,30.384251892718056,33.92217350187568 
 09/01  17:00:00,30.44759914802215,34.13794854120084 
 09/01  18:00:00,29.99890250389978,34.081544832876648 
 09/01  19:00:00,28.705993335808544,32.875161996702498 
 09/01  20:00:00,27.85830181764473,32.0645937801005 
 09/01  21:00:00,27.216141439032673,31.502818372448773 
 09/01  22:00:00,26.871087517811597,31.18344499949712 
 09/01  23:00:00,26.360703807378017,30.690305442918935 
 09/01  24:00:00,26.046324701192974,30.3105722889776 
 09/02  01:00:00,25.78672010694431,29.968521507004348 
 09/02  02:00:00,25.506328624521907,29.59127094259244 
 09/02  03:00:00,25.151975770754988,29.132653163127626 
 09/02  04:00:00,24.93556525993895,28.78083126127732 
 09/02  05:00:00,24.72848785642711,28.414676989997827 
 09/02  06:00:00,24.44470358490394,27.977582482693543 
 09/02  07:00:00,24.437271657429869,27.82781124000997 
 09/02  08:00:00,25.496680395122337,28.808814034626388 
 09/02  09:00:00,26.821717515670604,30.07674781092403 
 09/02  10:00:00,28.16087367054397,31.44498283677038 
 09/02  11:00:00,28.717977290651498,32.14530245644252 
 09/02  12:00:00,28.812849802411657,32.299093668631488 
 09/02  13:00:00,29.279723652950403,32.84866777547289 
 09/02  14:00:00,29.58009035924333,33.27400498182547 
 09/02  15:00:00,30.22885878312364,34.112687955623638 
 09/02  16:00:00,30.90463786789449,35.00252014583891 
 09/02  17:00:00,30.90839916922441,35.19338609084709 
 09/02  18:00:00,30.411481852608558,35.03537706810657 
 09/02  19:00:00,29.09686284698903,33.753467773880647 
 09/02  20:00:00,28.264794537939659,32.93097483941612 
 09/02  21:00:00,27.68512140115523,32.39445812478151 
 09/02  22:00:00,27.315763945794307,32.0347987248407 
 09/02  23:00:00,26.824391454746217,31.538987649250744 
 09/02  24:00:00,26.483911748309518,31.12026100733177 
 09/03  01:00:00,26.20714983130524,30.742431619558326 
 09/03  02:00:00,25.90722117724092,30.322896343967537 
 09/03  03:00:00,25.531221826619274,29.820939695957884 
 09/03  04:00:00,25.28554327051144,29.41738789887428 
 09/03  05:00:00,25.03432278040272,28.983926287125816 
 09/03  06:00:00,24.72996934172061,28.506341436181743 
 09/03  07:00:00,24.686428478091267,28.302726527538228 
 09/03  08:00:00,25.69969410874398,29.218468525987548 
 09/03  09:00:00,26.963769115567108,30.39841815829823 
 09/03  10:00:00,28.30696102512772,31.703796102520465 
 09/03  11:00:00,28.808332340821907,32.29005760878663 
 09/03  12:00:00,29.034729657274469,32.53618704608883 
 09/03  13:00:00,29.576097559995917,33.19287418675462 
 09/03  14:00:00,29.79721973872651,33.572635378583587 
 09/03  15:00:00,30.46678005176351,34.434647738107837 
 09/03  16:00:00,31.127962637070835,35.3283091814528 
 09/03  17:00:00,31.121444243015064,35.51048199754777 
 09/03  18:00:00,30.62054154698837,35.353456009379318 
 09/03  19:00:00,29.24206747238045,33.977884339841867 
 09/03  20:00:00,28.360077305197917,33.11505500298337 
 09/03  21:00:00,27.716497845474249,32.51057840413617 
 09/03  22:00:00,27.32040996852649,32.12187815949394 
 09/03  23:00:00,26.784511177711928,31.576764459605699 
 09/03  24:00:00,26.457180540995475,31.157413250996389 
 09/04  01:00:00,26.164491740034177,30.733796613483756 
 09/04  02:00:00,25.863531821968978,30.27759071661394 
 09/04  03:00:00,25.497690022988146,29.748329637181 
 09/04  04:00:00,25.265831357176766,29.351929306078597 
 09/04  05:00:00,25.035774031651536,28.945570882271725 
 09/04  06:00:00,24.70195426862744,28.4482101000693 
 09/04  07:00:00,24.73619856471261,28.30288207847819 
 09/04  08:00:00,25.80614945035707,29.25175937647455 
 09/04  09:00:00,27.092808110371384,30.43245290581753 
 09/04  10:00:00,28.458642003980815,31.78087001279846 
 09/04  11:00:00,28.921407590461869,32.316186749694768 
 09/04  12:00:00,29.17929545097791,32.601639951381859 
 09/04  13:00:00,29.486384119205327,32.98797954654774 
 09/04  14:00:00,29.813696225429497,33.50132821164843 
 09/04  15:00:00,30.527503329950457,34.43601182826839 
 09/04  16:00:00,31.07212623988654,35.129855828784489 
 09/04  17:00:00,31.152144056578494,35.526464742131789 
 09/04  18:00:00,30.731918681639657,35.52281361913541 
 09/04  19:00:00,29.359721272382246,34.20243279154885 
 09/04  20:00:00,28.51428154314938,33.395125318084669 
 09/04  21:00:00,27.91973525411094,32.863895069227549 
 09/04  22:00:00,27.490882913500916,32.44205274156198 
 09/04  23:00:00,26.977655639545128,31.913937270725037 
 09/04  24:00:00,26.71029609039121,31.539407046149408 
 09/05  01:00:00,26.414331548252098,31.11495929157853 
 09/05  02:00:00,26.12971252293392,30.686873282745429 
 09/05  03:00:00,25.925278034984037,30.320576220891895 
 09/05  04:00:00,25.626339190227385,29.841808039245814 
 09/05  05:00:00,25.33564156584997,29.37393185845678 
 09/05  06:00:00,25.116523710181526,28.971143091270208 
 09/05  07:00:00,25.021506843573225,28.70452496408251 
 09/05  08:00:00,25.91697616352274,29.515278630608134 
 09/05  09:00:00,26.638510088521408,30.115659358273108 
 09/05  10:00:00,27.847909944340093,31.24157735488111 
 09/05  11:00:00,28.684972400277993,32.17109814939438 
 09/05  12:00:00,28.825864207136428,32.31097469762281 
 09/05  13:00:00,29.322933979092896,32.86862203467257 
 09/05  14:00:00,29.753841082967108,33.41213352009445 
 09/05  15:00:00,29.746011395546377,33.57868651452693 
 09/05  16:00:00,30.284387333285808,34.11070243422798 
 09/05  17:00:00,30.609525434596045,34.75515589641952 
 09/05  18:00:00,28.126617999141446,31.978861287415769 
 09/05  19:00:00,28.07089903730055,32.235198923278058 
 09/05  20:00:00,27.592348610006757,31.87359478430487 
 09/05  21:00:00,26.29766356526369,30.39627539740365 
 09/05  22:00:00,26.302403088015614,30.49659806704553 
 09/05  23:00:00,26.406569449384095,30.580337665757093 
 09/05  24:00:00,25.44255373275285,29.27237845912624 
 09/06  01:00:00,25.537345589450834,29.322538903755196 
 09/06  02:00:00,25.685503762638356,29.39600685337881 
 09/06  03:00:00,24.74827509858268,28.11035366126087 
 09/06  04:00:00,24.862172386441839,28.1618859300675 
 09/06  05:00:00,25.025278829222814,28.235157793883074 
 09/06  06:00:00,24.228531283904585,27.123963350862345 
 09/06  07:00:00,24.375348716684763,27.202388438488329 
 09/06  08:00:00,25.361652544645435,28.17622021397403 
 09/06  09:00:00,25.6585008276371,28.359100124753586 
 09/06  10:00:00,26.897481820643188,29.604432962326034 
 09/06  11:00:00,27.89258502676582,30.678809291264487 
 09/06  12:00:00,27.751701123564716,30.470221096111695 
 09/06  13:00:00,28.07989260135495,30.887860929285286 
 09/06  14:00:00,28.65404611941051,31.608870695965324 
 09/06  15:00:00,28.36478978725229,31.45706750686762 
 09/06  16:00:00,28.88320997788381,32.017939100623269 
 09/06  17:00:00,29.180894585741144,32.56070054850943 
 09/06  18:00:00,27.941420411470248,31.42372273462368 
 09/06  19:00:00,26.876432200674278,30.459872551748853 
 09/06  20:00:00,26.422095445907205,30.08507475476 
 09/06  21:00:00,25.155725142887314,28.702163918275898 
 09/06  22:00:00,25.152249694164764,28.82101156321476 
 09/06  23:00:00,25.26403063102879,28.95185496869673 
 09/06  24:00:00,24.24140368724129,27.614433903169848 
 09/07  01:00:00,24.360850876367427,27.709569207645339 
 09/07  02:00:00,24.55910891117101,27.821444138225787 
 09/07  03:00:00,23.842903486615634,26.790606637751297 
 09/07  04:00:00,23.862166666138135,26.73177262331584 
 09/07  05:00:00,23.91963472233255,26.695807322531104 
 09/07  06:00:00,23.224558425659589,25.72676747545013 
 09/07  07:00:00,23.394516723348838,25.81384694232584 
 09/07  08:00:00,24.375995910736898,26.792107826482558 
 09/07  09:00:00,25.579971883816044,27.899523046412314 
 09/07  10:00:00,26.765922864636985,29.077931922248895 
 09/07  11:00:00,27.523807849279863,29.89632322185143 
 09/07  12:00:00,27.672618710465309,30.082633467391266 
 09/07  13:00:00,28.265651970645466,30.795187425483264 
 09/07  14:00:00,28.628873241990669,31.384196059786534 
 09/07  15:00:00,29.006711022785866,32.16283667955864 
 09/07  16:00:00,29.70750938064497,33.02658339113195 
 09/07  17:00:00,29.84871554944055,33.37076599102232 
 09/07  18:00:00,29.40301719792336,33.336947438007587 
 09/07  19:00:00,28.147737197554606,32.15327525214579 
 09/07  20:00:00,27.35817098402266,31.397123485194649 
 09/07  21:00:00,26.77140706755906,30.86905390073293 
 09/07  22:00:00,26.441320668006925,30.59222085091374 
 09/07  23:00:00,25.98491806772767,30.198861514373229 
 09/07  24:00:00,25.70311459638321,29.906098696747745 
 09/08  01:00:00,25.53943953754225,29.668684634820928 
 09/08  02:00:00,25.368020667736226,29.392777271940706 
 09/08  03:00:00,25.031491127019785,28.91960247538482 
 09/08  04:00:00,24.8692345875856,28.637474436398777 
 09/08  05:00:00,24.68226343400371,28.312817428976197 
 09/08  06:00:00,24.383443024788606,27.885689603526815 
 09/08  07:00:00,24.32318461724243,27.703685788565584 
 09/08  08:00:00,25.0871281145449,28.427041835938217 
 09/08  09:00:00,26.36651244147796,29.6315176241143 
 09/08  10:00:00,27.780826420603156,31.080997416715257 
 09/08  11:00:00,28.333403006051669,31.813096847263709 
 09/08  12:00:00,28.620579517638139,32.13646053952623 
 09/08  13:00:00,29.125203952505119,32.774414708379307 
 09/08  14:00:00,29.34188783805474,33.15678767116962 
 09/08  15:00:00,30.028283024481334,34.06493619163947 
 09/08  16:00:00,30.714836570866838,34.99763551783242 
 09/08  17:00:00,30.702466123330319,35.2214228412725 
 09/08  18:00:00,30.16441793638051,35.06365730602492 
 09/08  19:00:00,28.898540012512489,33.86254146276153 
 09/08  20:00:00,28.13328770259508,33.118105295163768 
 09/08  21:00:00,27.574387517113999,32.58842010154986 
 09/08  22:00:00,27.26339185385039,32.29478864141916 
 09/08  23:00:00,26.80393408582659,31.828381803329024 
 09/08  24:00:00,26.583544929854765,31.538676514067867 
 09/09  01:00:00,26.32396231546073,31.161933435262534 
 09/09  02:00:00,26.077113738788208,30.772192209802538 
 09/09  03:00:00,25.872238459342783,30.415927651369349 
 09/09  04:00:00,25.656726064855257,30.046579974852905 
 09/09  05:00:00,25.454426152220486,29.693958664897829 
 09/09  06:00:00,25.286671751673255,29.376364026434218 
 09/09  07:00:00,25.196337769723124,29.133224941441826 
 09/09  08:00:00,25.842763227127816,29.74439373693285 
 09/09  09:00:00,26.465940188114858,30.307485252813338 
 09/09  10:00:00,27.836751147111096,31.58974200651501 
 09/09  11:00:00,28.94666544918315,32.92062317001005 
 09/09  12:00:00,29.07706266930884,33.19713994608372 
 09/09  13:00:00,29.342352265426418,33.494393255057278 
 09/09  14:00:00,29.749752336461098,33.89185909549533 
 09/09  15:00:00,30.303939984317425,34.70717464058646 
 09/09  16:00:00,30.986061309711567,35.552245430279388 
 09/09  17:00:00,31.004057818826877,35.81146863515228 
 09/09  18:00:00,29.73762427254433,34.695945754093859 
 09/09  19:00:00,28.617430730850985,33.60297085913195 
 09/09  20:00:00,28.132126818943968,33.191439356437189 
 09/09  21:00:00,27.74685533010108,32.851478253545419 
 09/09  22:00:00,27.275944145080943,32.43209276315129 
 09/09  23:00:00,27.0540347478356,32.16697013173099 
 09/09  24:00:00,26.864217876690103,31.901122244798175 
 09/10  01:00:00,26.656070047724126,31.59480475568817 
 09/10  02:00:00,26.41018824454494,31.213683968441523 
 09/10  03:00:00,26.307653799049765,30.981891329069677 
 09/10  04:00:00,26.111632950028456,30.64748399869989 
 09/10  05:00:00,25.876539246506235,30.232025620719435 
 09/10  06:00:00,25.785496057493054,29.98916253506624 
 09/10  07:00:00,25.69436945710336,29.761475157023435 
 09/10  08:00:00,26.230889225491354,30.291809336490517 
 09/10  09:00:00,27.278684308548237,31.248897174279173 
 09/10  10:00:00,28.41908752682775,32.39230561046638 
 09/10  11:00:00,29.159661749957576,33.281200776559128 
 09/10  12:00:00,29.28099671975718,33.510565414355848 
 09/10  13:00:00,29.752390102354718,34.04426929801879 
 09/10  14:00:00,30.070329249580415,34.45698771815285 
 09/10  15:00:00,28.872327319101573,32.98104838823889 
 09/10  16:00:00,29.569607223514415,34.071645196443537 
 09/10  17:00:00,29.36506419428642,34.03001201300424 
 09/10  18:00:00,28.023119786206438,32.347261761125448 
 09/10  19:00:00,27.653762522356,32.24237626599431 
 09/10  20:00:00,27.204270165315998,31.792961383868126 
 09/10  21:00:00,26.219138432815226,30.559788519984033 
 09/10  22:00:00,26.116034182189155,30.499435708216088 
 09/10  23:00:00,26.113829590993598,30.45492496912016 
 09/10  24:00:00,25.48518882904148,29.459424089245656 
 09/11  01:00:00,25.44782295232314,29.35432611941635 
 09/11  02:00:00,25.482239895367365,29.295034562776743 
 09/11  03:00:00,25.0011382189002,28.48282149349812 
 09/11  04:00:00,24.962869079999846,28.350870142097774 
 09/11  05:00:00,24.950989856750476,28.23495921360278 
 09/11  06:00:00,24.56129327930515,27.57590685544946 
 09/11  07:00:00,24.52137054549665,27.450861669827277 
 09/11  08:00:00,24.71531549120324,27.577773409929873 
 09/11  09:00:00,24.654599031253747,27.313609960521 
 09/11  10:00:00,25.257748052858945,27.98243719590336 
 09/11  11:00:00,25.79227341266351,28.489019941876728 
 09/11  12:00:00,25.528393609986169,28.031547428910849 
 09/11  13:00:00,26.288842330043459,28.898012193590647 
 09/11  14:00:00,26.61473737346275,29.22409228559591 
 09/11  15:00:00,26.083405107536927,28.53091093206476 
 09/11  16:00:00,26.482755981812916,29.054495021995714 
 09/11  17:00:00,26.539335457660035,29.15518913234982 
 09/11  18:00:00,25.539167082791196,27.982422957048024 
 09/11  19:00:00,25.34078336984315,27.833918559859144 
 09/11  20:00:00,25.05673399324618,27.600119318954105 
 09/11  21:00:00,24.56335342897514,26.950657081272426 
 09/11  22:00:00,24.434631930108723,26.854564756709583 
 09/11  23:00:00,24.361358142416799,26.817924193906003 
 09/11  24:00:00,24.005993015268673,26.275965672541369 
 09/12  01:00:00,23.90455640389018,26.172789026193415 
 09/12  02:00:00,23.852493357932848,26.134373739223663 
 09/12  03:00:00,23.571947189502994,25.66657150492331 
 09/12  04:00:00,23.479618107082815,25.57059251727472 
 09/12  05:00:00,23.413541130086704,25.479878434269286 
 09/12  06:00:00,23.169982000920308,25.06843218940427 
 09/12  07:00:00,23.13408455785767,25.033487385135169 
 09/12  08:00:00,23.383158991101597,25.28853590204853 
 09/12  09:00:00,23.619670743249185,25.486828691035187 
 09/12  10:00:00,24.698105357722576,26.644820154732746 
 09/12  11:00:00,25.77106538209174,27.796902727916995 
 09/12  12:00:00,25.90684050351136,27.991603499119745 
 09/12  13:00:00,26.464821781469469,28.6901836988064 
 09/12  14:00:00,27.098139407896693,29.531009445179657 
 09/12  15:00:00,26.911266165179766,29.611159241620446 
 09/12  16:00:00,27.63765673602706,30.507135371682524 
 09/12  17:00:00,28.031887776940854,31.18427540134221 
 09/12  18:00:00,26.408907735566364,29.47811389296014 
 09/12  19:00:00,26.043057300424424,29.30215948179723 
 09/12  20:00:00,25.674925359226174,29.120107498210396 
 09/12  21:00:00,25.09726464814416,28.332239065082257 
 09/12  22:00:00,24.86553125434531,28.2496201108492 
 09/12  23:00:00,24.750884784239458,28.275458765292929 
 09/12  24:00:00,24.505078021684875,27.731386109341356 
 09/13  01:00:00,24.37728914111356,27.609527615119327 
 09/13  02:00:00,24.249261305251396,27.49455515117459 
 09/13  03:00:00,23.913987486493708,26.863838060480885 
 09/13  04:00:00,23.815855813594657,26.74277075639839 
 09/13  05:00:00,23.77047783586664,26.694511657293668 
 09/13  06:00:00,23.551911146239318,26.22693628557267 
 09/13  07:00:00,23.499048509039427,26.144832500313059 
 09/13  08:00:00,23.669736690416739,26.326770071016879 
 09/13  09:00:00,23.775487261138406,26.258332864531459 
 09/13  10:00:00,24.32120419447985,26.860200788440197 
 09/13  11:00:00,24.878400348222173,27.44099742266871 
 09/13  12:00:00,24.945270863016483,27.349367566444923 
 09/13  13:00:00,25.54206595933937,28.08786576295829 
 09/13  14:00:00,26.274302887073959,28.981442190711137 
 09/13  15:00:00,26.063242720688323,28.699632379121885 
 09/13  16:00:00,26.413899691996293,29.14950372489617 
 09/13  17:00:00,26.68986356718267,29.549910816101496 
 09/13  18:00:00,25.82442592507266,28.509871645815506 
 09/13  19:00:00,25.27829330229818,27.962861441014124 
 09/13  20:00:00,24.978500867738469,27.723672753697096 
 09/13  21:00:00,24.723191514112764,27.34177355367769 
 09/13  22:00:00,24.584129308784829,27.252798055127096 
 09/13  23:00:00,24.456302784016608,27.192406253203925 
 09/13  24:00:00,24.21080031237196,26.76417969978175 
 09/14  01:00:00,24.10850377689008,26.674627016829775 
 09/14  02:00:00,24.024985565358798,26.644509298001247 
 09/14  03:00:00,23.856029626324028,26.30666885861821 
 09/14  04:00:00,23.75938882393863,26.197747309238097 
 09/14  05:00:00,23.65780321982111,26.1146329493608 
 09/14  06:00:00,23.471901614484368,25.757830686781369 
 09/14  07:00:00,23.37140029379833,25.631521315164134 
 09/14  08:00:00,23.472041295374454,25.755545627037337 
 09/14  09:00:00,23.52972671842571,25.69460440385881 
 09/14  10:00:00,24.25430230936854,26.517604588046419 
 09/14  11:00:00,24.943103674430995,27.260879113038628 
 09/14  12:00:00,24.899955405352697,27.08512970886116 
 09/14  13:00:00,25.6958571749909,28.015163163646997 
 09/14  14:00:00,26.440918082584834,28.907015168717864 
 09/14  15:00:00,26.494890547557558,28.970435122134825 
 09/14  16:00:00,27.466840236569419,30.095556676309088 
 09/14  17:00:00,27.57839776545383,30.441771614144665 
 09/14  18:00:00,26.322230573105789,29.03740388906079 
 09/14  19:00:00,25.892084418427375,28.69996929531598 
 09/14  20:00:00,25.50326665559132,28.3834289722794 
 09/14  21:00:00,24.80002304039054,27.507998284823719 
 09/14  22:00:00,24.617260991661945,27.43180507718157 
 09/14  23:00:00,24.56264948960738,27.463197318442224 
 09/14  24:00:00,24.201754709693163,26.858471012927649 
 09/15  01:00:00,24.104552667085966,26.780291768915597 
 09/15  02:00:00,24.041709365424859,26.75718779991908 
 09/15  03:00:00,23.775698303702279,26.25325796583035 
 09/15  04:00:00,23.66202651128164,26.135875621931964 
 09/15  05:00:00,23.573690282154858,26.058711788249089 
 09/15  06:00:00,23.273795900479024,25.526480028229668 
 09/15  07:00:00,23.23382829464536,25.47502067768923 
 09/15  08:00:00,23.677372717731339,25.976790784561737 
 09/15  09:00:00,24.405176444243368,26.691753862986237 
 09/15  10:00:00,25.78922829822583,28.13224967818801 
 09/15  11:00:00,26.928361918754953,29.447840141346377 
 09/15  12:00:00,27.140225021414623,29.72147819127278 
 09/15  13:00:00,27.688654314716243,30.426633874999248 
 09/15  14:00:00,27.99394980433381,30.96663519822035 
 09/15  15:00:00,28.654467256338898,31.87363657026831 
 09/15  16:00:00,29.404116394640864,32.89437505003247 
 09/15  17:00:00,29.320168348065768,33.05977575726392 
 09/15  18:00:00,28.675635576821894,32.714210720505267 
 09/15  19:00:00,27.46151954247,31.645734298030143 
 09/15  20:00:00,26.67093485879284,30.938756925086989 
 09/15  21:00:00,26.08033928417176,30.395619751574715 
 09/15  22:00:00,25.740233543035367,30.0456071936202 
 09/15  23:00:00,25.288935210823106,29.565389377832678 
 09/15  24:00:00,25.017033475438489,29.186963587996794 
 09/16  01:00:00,24.726758181708477,28.777072866977819 
 09/16  02:00:00,24.43124191636419,28.35382699330306 
 09/16  03:00:00,24.04652711356419,27.836570720553494 
 09/16  04:00:00,23.830331357175667,27.475855698058113 
 09/16  05:00:00,23.633317481762345,27.113012168551486 
 09/16  06:00:00,23.29024726772336,26.61957083420928 
 09/16  07:00:00,23.26261032916264,26.418749559866556 
 09/16  08:00:00,24.136188962886786,27.186850114004839 
 09/16  09:00:00,25.40903621156328,28.32032264148848 
 09/16  10:00:00,26.8855673439558,29.746035211320494 
 09/16  11:00:00,27.47691040803967,30.454208948428556 
 09/16  12:00:00,27.66595999331281,30.646701629732726 
 09/16  13:00:00,28.230666700955326,31.292242807182619 
 09/16  14:00:00,28.573098745421665,31.809183721102689 
 09/16  15:00:00,29.27523933960315,32.68771429247898 
 09/16  16:00:00,29.839555191861679,33.392481225133369 
 09/16  17:00:00,29.812476270563147,33.62146866173372 
 09/16  18:00:00,29.13598795288736,33.210804294074687 
 09/16  19:00:00,27.88541092214926,32.01448350983781 
 09/16  20:00:00,27.113247211108715,31.286630461209783 
 09/16  21:00:00,26.569870674431536,30.794636181306215 
 09/16  22:00:00,26.187679669053624,30.43265006362266 
 09/16  23:00:00,25.685819361617847,29.941293433002138 
 09/16  24:00:00,25.33326035221613,29.52217001304568 
 09/17  01:00:00,25.094077155841207,29.16880139363014 
 09/17  02:00:00,24.862779626398156,28.788735789284404 
 09/17  03:00:00,24.522384838092188,28.299548790968218 
 09/17  04:00:00,24.345404415025038,27.971043372561515 
 09/17  05:00:00,24.172269506965056,27.631191327671439 
 09/17  06:00:00,23.936964814042665,27.236670954137425 
 09/17  07:00:00,23.88119701468578,27.02290723347251 
 09/17  08:00:00,24.746582786724355,27.803324787825717 
 09/17  09:00:00,25.99003640699919,28.93806591080735 
 09/17  10:00:00,27.45963218033309,30.416831209201204 
 09/17  11:00:00,28.01488524681434,31.089377842891979 
 09/17  12:00:00,28.239341313153923,31.335564368061175 
 09/17  13:00:00,28.82940870416259,32.040406679978548 
 09/17  14:00:00,29.083775896708436,32.49138246925666 
 09/17  15:00:00,29.836167706954578,33.55033465978127 
 09/17  16:00:00,30.62672240624533,34.66360585724437 
 09/17  17:00:00,30.485088437950389,34.68990170073334 
 09/17  18:00:00,29.73615314665237,34.27311560017749 
 09/17  19:00:00,28.541996006811436,33.201756240357067 
 09/17  20:00:00,27.81787108073754,32.56412470488439 
 09/17  21:00:00,27.364636016262538,32.18469636085448 
 09/17  22:00:00,26.757745777326634,31.638847893058576 
 09/17  23:00:00,26.45426091949807,31.293090204377294 
 09/17  24:00:00,26.084679183764114,30.838153706784437 
 09/18  01:00:00,25.845523452754699,30.497398372264045 
 09/18  02:00:00,25.61705863206464,30.1356757427334 
 09/18  03:00:00,25.26573778216324,29.642910787540019 
 09/18  04:00:00,25.074381506591594,29.298931460806516 
 09/18  05:00:00,24.89314707497929,28.943550304620815 
 09/18  06:00:00,24.534791101095885,28.421599525655546 
 09/18  07:00:00,24.513077143216529,28.243956474707109 
 09/18  08:00:00,25.33031210068888,28.980621916031379 
 09/18  09:00:00,26.69338816956165,30.246889482716815 
 09/18  10:00:00,28.213526136949484,31.8094464529321 
 09/18  11:00:00,29.112539736933607,32.84678424025324 
 09/18  12:00:00,29.70683154500808,33.43836872705771 
 09/18  13:00:00,30.376491510834069,34.22292037799937 
 09/18  14:00:00,30.806736589928279,34.84127424183855 
 09/18  15:00:00,31.542792967255595,35.86756229268487 
 09/18  16:00:00,32.230384843178047,36.89364846259684 
 09/18  17:00:00,32.11652715431888,36.997647312088478 
 09/18  18:00:00,31.089784710921685,36.2070903453807 
 09/18  19:00:00,29.866607547594844,35.03547697431201 
 09/18  20:00:00,29.088461757993956,34.30153114889925 
 09/18  21:00:00,28.49516053715672,33.70625913922248 
 09/18  22:00:00,28.188082293766099,33.39079059149314 
 09/18  23:00:00,27.731605420866076,32.906048193961407 
 09/18  24:00:00,27.432280228116036,32.51069799721586 
 09/19  01:00:00,27.18782362089963,32.154211644896538 
 09/19  02:00:00,26.9459311677576,31.77836991223878 
 09/19  03:00:00,26.626578270021026,31.311286393357226 
 09/19  04:00:00,26.411893341126473,30.946155726468694 
 09/19  05:00:00,26.192671687336479,30.56035379095414 
 09/19  06:00:00,25.875790200619855,30.080602507036344 
 09/19  07:00:00,25.804785293616097,29.86183194988989 
 09/19  08:00:00,26.56809610317608,30.571389643504224 
 09/19  09:00:00,27.85221710542931,31.7624702411693 
 09/19  10:00:00,29.275784312402167,33.25349780093199 
 09/19  11:00:00,30.07020679939388,34.186541070896129 
 09/19  12:00:00,30.45203252148199,34.535418041794688 
 09/19  13:00:00,31.03785244019536,35.223415294822498 
 09/19  14:00:00,31.533737439400008,35.8867419611732 
 09/19  15:00:00,32.243067233655889,36.861595734534407 
 09/19  16:00:00,32.73843666685895,37.56434583707091 
 09/19  17:00:00,32.603899586987889,37.583254816155378 
 09/19  18:00:00,31.60168670035909,36.783081894247228 
 09/19  19:00:00,30.395565174192819,35.55156907282405 
 09/19  20:00:00,29.609179148375206,34.752791602508498 
 09/19  21:00:00,28.9577225541506,34.107732946410539 
 09/19  22:00:00,28.63257336027575,33.79798737533923 
 09/19  23:00:00,28.14417456216229,33.312973307278699 
 09/19  24:00:00,27.79383028549675,32.90673300979199 
 09/20  01:00:00,27.566981234839255,32.5759885898466 
 09/20  02:00:00,27.310833069713554,32.1700840554617 
 09/20  03:00:00,26.90630136787997,31.6135734487268 
 09/20  04:00:00,26.73817181199717,31.31396240624562 
 09/20  05:00:00,26.56203646786836,30.995676716572129 
 09/20  06:00:00,26.287033124052067,30.581073001324925 
 09/20  07:00:00,26.20199335240526,30.357470368856263 
 09/20  08:00:00,26.689807917477056,30.777313177268796 
 09/20  09:00:00,27.34872813157372,31.39757974712858 
 09/20  10:00:00,28.79465906665897,32.79626514900768 
 09/20  11:00:00,30.00876068029136,34.18422088809709 
 09/20  12:00:00,30.021654954939174,34.23485198880604 
 09/20  13:00:00,30.764880720193977,34.99657636604191 
 09/20  14:00:00,31.168337645752638,35.4992606329721 
 09/20  15:00:00,31.742472171560686,36.39186945904558 
 09/20  16:00:00,32.252234845355577,36.98196520177197 
 09/20  17:00:00,32.058865996083039,36.901720141255719 
 09/20  18:00:00,30.913600596732818,35.856038981782777 
 09/20  19:00:00,29.773607751281224,34.65356264624454 
 09/20  20:00:00,29.09787475624848,34.01159016699786 
 09/20  21:00:00,28.635990872608614,33.57242625775923 
 09/20  22:00:00,28.091210439840098,33.04962308799536 
 09/20  23:00:00,27.865166970773307,32.77026225175591 
 09/20  24:00:00,27.703268103171987,32.530487182444158 
 09/21  01:00:00,27.42202901778178,32.155783051755708 
 09/21  02:00:00,27.101163967205538,31.722563353283435 
 09/21  03:00:00,26.83147172664252,31.340030394977896 
 09/21  04:00:00,26.610349054695477,30.97388796906649 
 09/21  05:00:00,26.396252057129567,30.601656914478114 
 09/21  06:00:00,26.123778021123635,30.17307240482637 
 09/21  07:00:00,26.05467724694981,29.9840958415709 
 09/21  08:00:00,26.487748592599219,30.388631569080549 
 09/21  09:00:00,27.178865060198534,31.082241686998338 
 09/21  10:00:00,28.67424485186616,32.52908942169497 
 09/21  11:00:00,29.675585719892014,33.68071463388588 
 09/21  12:00:00,29.816838720999024,33.888064218395118 
 09/21  13:00:00,30.56217415841396,34.64569075633115 
 09/21  14:00:00,31.190701817098537,35.454199758247089 
 09/21  15:00:00,31.101662145607379,35.636125665585819 
 09/21  16:00:00,31.75024227558047,36.36065155401821 
 09/21  17:00:00,31.802237375320535,36.57401782886108 
 09/21  18:00:00,30.48197622388376,35.364863213769748 
 09/21  19:00:00,29.309523305412378,34.14028479626315 
 09/21  20:00:00,28.839857276077276,33.727801591331047 
 09/21  21:00:00,28.53793910994211,33.45321909480553 
 09/21  22:00:00,27.974767913140775,32.90184994018436 
 09/21  23:00:00,27.663234012007263,32.53651334401814 
 09/21  24:00:00,27.448403357062767,32.23555453225256 
 09/22  01:00:00,27.160759543830105,31.83437099057592 
 09/22  02:00:00,26.918594893781987,31.469286499408314 
 09/22  03:00:00,26.764360903158868,31.175766837998599 
 09/22  04:00:00,26.574430833948008,30.861148181966713 
 09/22  05:00:00,26.335173832807909,30.463521949323387 
 09/22  06:00:00,25.49926612646435,29.286364473250545 
 09/22  07:00:00,25.646991845517865,29.387937385074588 
 09/22  08:00:00,26.451358006404538,30.18611618924926 
 09/22  09:00:00,26.47262091179298,29.916337432091504 
 09/22  10:00:00,28.342921311379514,31.896043995890844 
 09/22  11:00:00,29.574927597035086,33.2226653262545 
 09/22  12:00:00,28.85717115978362,32.211917995011869 
 09/22  13:00:00,30.01349997978432,33.41000672381325 
 09/22  14:00:00,30.486343916712497,34.02881497830513 
 09/22  15:00:00,29.98366001140279,33.31425777219918 
 09/22  16:00:00,31.32466701758341,34.87071558254798 
 09/22  17:00:00,31.129326997137697,34.859162090792427 
 09/22  18:00:00,29.1117533935774,32.43649583182462 
 09/22  19:00:00,28.82685310537128,32.29664392531595 
 09/22  20:00:00,28.243241444660197,31.742597365695898 
 09/22  21:00:00,26.71965354106738,30.03719814188699 
 09/22  22:00:00,26.709069250973238,30.06574529732764 
 09/22  23:00:00,26.80935561302169,30.140583431862856 
 09/22  24:00:00,25.590582790201088,28.662088806431915 
 09/23  01:00:00,25.69670222058969,28.73983645279802 
 09/23  02:00:00,25.860057346924135,28.841503293275254 
 09/23  03:00:00,24.75318744456313,27.495407426940554 
 09/23  04:00:00,24.873432446724086,27.54883110402783 
 09/23  05:00:00,25.044596341117729,27.654589292150793 
 09/23  06:00:00,23.94908198466529,26.352340277032729 
 09/23  07:00:00,24.204485790125248,26.516808291917206 
 09/23  08:00:00,25.265964091129506,27.545662955056878 
 09/23  09:00:00,25.88793465265594,28.10319949155259 
 09/23  10:00:00,27.586207867606406,29.75784916330538 
 09/23  11:00:00,28.57785740652641,30.755294894268468 
 09/23  12:00:00,29.137507087451274,31.301002788817216 
 09/23  13:00:00,29.801281713427604,32.05267951883086 
 09/23  14:00:00,30.224453026444875,32.74723203374878 
 09/23  15:00:00,30.81422852272951,33.708215841463267 
 09/23  16:00:00,31.47092860652527,34.762641217857979 
 09/23  17:00:00,31.227520829299495,34.866034260711888 
 09/23  18:00:00,29.89122293099382,33.76288363495897 
 09/23  19:00:00,28.670447008703474,32.54409856559316 
 09/23  20:00:00,28.17530605777406,32.14965316365347 
 09/23  21:00:00,27.787496629103996,31.843171082127289 
 09/23  22:00:00,27.247211847440668,31.419023520848456 
 09/23  23:00:00,26.953049280240355,31.185035423028606 
 09/23  24:00:00,26.79532544187239,31.030050210168974 
 09/24  01:00:00,26.585387819405456,30.762702642330724 
 09/24  02:00:00,26.370209441570798,30.465407231573694 
 09/24  03:00:00,26.2411915317582,30.26451311686122 
 09/24  04:00:00,26.058095523214936,29.97423754292721 
 09/24  05:00:00,25.87154621015867,29.680008541034146 
 09/24  06:00:00,25.296332948110217,28.777721602348774 
 09/24  07:00:00,25.29482574722805,28.777558976523197 
 09/24  08:00:00,25.78615421046417,29.30498345336531 
 09/24  09:00:00,25.55754931227571,28.767556195647417 
 09/24  10:00:00,26.646276272933826,30.00455859466516 
 09/24  11:00:00,27.481348425728997,30.838603608035066 
 09/24  12:00:00,26.824135313176585,29.882486272712826 
 09/24  13:00:00,27.47448032534831,30.690305801555785 
 09/24  14:00:00,27.880151026224909,31.094296941003983 
 09/24  15:00:00,27.293275675058838,30.314727635193799 
 09/24  16:00:00,27.4666182700972,30.58292598010723 
 09/24  17:00:00,27.57972436659099,30.74785875444212 
 09/24  18:00:00,26.456068751977904,29.395549604475009 
 09/24  19:00:00,26.21393413756281,29.204522093854075 
 09/24  20:00:00,25.934889057776794,28.950465278347278 
 09/24  21:00:00,25.379697092811463,28.198781703916624 
 09/24  22:00:00,25.205577890617265,28.032181522257436 
 09/24  23:00:00,25.046455976234549,27.868473020612453 
 09/24  24:00:00,24.469047713691283,27.07685980012578 
 09/25  01:00:00,24.393017944661435,26.976204875623624 
 09/25  02:00:00,24.34021054943237,26.897754718215415 
 09/25  03:00:00,23.834979396300115,26.188710476472108 
 09/25  04:00:00,23.7547176180568,26.065387214203829 
 09/25  05:00:00,23.68401881028212,25.951067981825444 
 09/25  06:00:00,23.17354062725373,25.265292483575224 
 09/25  07:00:00,23.126659307532618,25.15729612663761 
 09/25  08:00:00,23.584031160523865,25.600271521746689 
 09/25  09:00:00,24.533522904301998,26.515400967049066 
 09/25  10:00:00,25.857618431335355,27.844359706585498 
 09/25  11:00:00,26.842796700666413,28.851438714822785 
 09/25  12:00:00,27.402404605757327,29.393560188879314 
 09/25  13:00:00,28.093022926158996,30.15517968420346 
 09/25  14:00:00,28.33007464502647,30.567195834229446 
 09/25  15:00:00,29.12983609321434,31.680132339329679 
 09/25  16:00:00,29.520893123686244,32.2881933748542 
 09/25  17:00:00,29.238638128316965,32.235663303879238 
 09/25  18:00:00,28.11034365275797,31.165888922793739 
 09/25  19:00:00,26.873815511643106,29.96917281850599 
 09/25  20:00:00,26.046467136066278,29.23268605298678 
 09/25  21:00:00,25.525603203275887,28.776654856046436 
 09/25  22:00:00,25.025954643536445,28.298033379157933 
 09/25  23:00:00,24.425035305894736,27.71319594466997 
 09/25  24:00:00,24.09092304647841,27.29598847450874 
 09/26  01:00:00,23.783141555033475,26.876558814842466 
 09/26  02:00:00,23.502785586738868,26.463523985939305 
 09/26  03:00:00,23.210510887147686,26.024957896925245 
 09/26  04:00:00,22.969428082846414,25.632274167903426 
 09/26  05:00:00,22.708423836293777,25.211506328445617 
 09/26  06:00:00,22.421429198241485,24.771750254928727 
 09/26  07:00:00,22.320057238035508,24.514703919201147 
 09/26  08:00:00,23.101613964660467,25.20865987006522 
 09/26  09:00:00,24.409180673079555,26.40263578247913 
 09/26  10:00:00,25.913253761554296,27.858655713363889 
 09/26  11:00:00,26.784432704555866,28.688927089727387 
 09/26  12:00:00,27.21485693207709,29.08357187224864 
 09/26  13:00:00,27.82009442762501,29.722063018266554 
 09/26  14:00:00,28.134371797363209,30.19979682375126 
 09/26  15:00:00,28.925397349339688,31.24654656655022 
 09/26  16:00:00,29.281989242763353,31.834052240008384 
 09/26  17:00:00,29.00607211633645,31.782046868071345 
 09/26  18:00:00,27.895662490462969,30.755281117775618 
 09/26  19:00:00,26.62362667428169,29.58677753195211 
 09/26  20:00:00,25.804810495256488,28.882752234530299 
 09/26  21:00:00,25.199168123554473,28.3703153063161 
 09/26  22:00:00,24.81963093231006,28.013087308272348 
 09/26  23:00:00,24.247219241220713,27.462115640227453 
 09/26  24:00:00,23.911771167914837,27.057628768491847 
 09/27  01:00:00,23.593640885451074,26.62607567328257 
 09/27  02:00:00,23.256045577726704,26.155112115536789 
 09/27  03:00:00,22.922856838536135,25.67884919816613 
 09/27  04:00:00,22.627691879946583,25.236315740592656 
 09/27  05:00:00,22.351387341882007,24.807215669394556 
 09/27  06:00:00,22.01872063537398,24.326567646962688 
 09/27  07:00:00,21.986675401575356,24.12870608717188 
 09/27  08:00:00,22.842054292005345,24.87718048338144 
 09/27  09:00:00,24.261069151082425,26.18100887198152 
 09/27  10:00:00,26.030624216792654,27.82656059872307 
 09/27  11:00:00,26.74779302069537,28.53477430430456 
 09/27  12:00:00,27.164556906782705,28.94637607478018 
 09/27  13:00:00,27.81179380420672,29.67016027282342 
 09/27  14:00:00,28.084218627679385,30.112739939611424 
 09/27  15:00:00,28.935245656524999,31.293340669045784 
 09/27  16:00:00,29.308793595749706,31.959900911202813 
 09/27  17:00:00,29.02109331627719,31.95015971449404 
 09/27  18:00:00,27.962195874256517,31.00986839820094 
 09/27  19:00:00,26.784452782212747,29.919301731258785 
 09/27  20:00:00,26.1115699039156,29.370627525761134 
 09/27  21:00:00,25.726072753417328,29.07930395684534 
 09/27  22:00:00,25.108048319017045,28.557159663845999 
 09/27  23:00:00,24.79171090276767,28.216991922754489 
 09/27  24:00:00,24.580408665163345,27.935911228177745 
 09/28  01:00:00,24.32980546174872,27.610379410873518 
 09/28  02:00:00,24.035228911637373,27.221282693731255 
 09/28  03:00:00,23.85625825171081,26.930985344708508 
 09/28  04:00:00,23.681371833578035,26.637050891947504 
 09/28  05:00:00,23.445159319882657,26.255071338757987 
 09/28  06:00:00,23.317570290606939,25.986923558091818 
 09/28  07:00:00,23.16438534515047,25.72722409239804 
 09/28  08:00:00,23.66164654790157,26.142994748017878 
 09/28  09:00:00,23.907419446489649,26.257146929489676 
 09/28  10:00:00,25.30811321496619,27.631999660488249 
 09/28  11:00:00,26.62594385103971,29.016458617033956 
 09/28  12:00:00,24.863404819357677,26.980169927484295 
 09/28  13:00:00,26.547834509558649,28.782517627916687 
 09/28  14:00:00,27.129895970929149,29.50359149813308 
 09/28  15:00:00,25.553897543892448,27.714910079948468 
 09/28  16:00:00,27.17236372823156,29.56854574229452 
 09/28  17:00:00,27.056159959202057,29.519433482539357 
 09/28  18:00:00,25.38756577433613,27.756713050681556 
 09/28  19:00:00,25.0541250415639,27.515141452181426 
 09/28  20:00:00,24.602950909643356,27.087072458182559 
 09/28  21:00:00,23.59708588761134,25.992302679243929 
 09/28  22:00:00,23.442955562185789,25.86348691977739 
 09/28  23:00:00,23.402624320165466,25.772014547887605 
 09/28  24:00:00,22.752492667443364,24.940477408829105 
 09/29  01:00:00,22.695253334774784,24.81953877568505 
 09/29  02:00:00,22.675782734205045,24.700370514692464 
 09/29  03:00:00,22.141754586263038,23.99507373462368 
 09/29  04:00:00,22.107064641700938,23.87579540716485 
 09/29  05:00:00,22.139293016736486,23.810960653844789 
 09/29  06:00:00,21.713130698106256,23.240781256735987 
 09/29  07:00:00,21.71647917308649,23.171710427474947 
 09/29  08:00:00,21.945391660962565,23.273687155807058 
 09/29  09:00:00,21.865944076810736,23.055422622626819 
 09/29  10:00:00,22.72696877476,23.936565534689448 
 09/29  11:00:00,23.59832117629034,24.682896546870248 
 09/29  12:00:00,23.03876669462644,24.080100659866063 
 09/29  13:00:00,24.111279008056635,25.222322867300105 
 09/29  14:00:00,24.81765472810201,25.981627164040849 
 09/29  15:00:00,23.9960018805465,25.09801258350719 
 09/29  16:00:00,24.69112628455538,25.990170388926527 
 09/29  17:00:00,24.75348132256908,26.09935961569044 
 09/29  18:00:00,23.60155805950331,24.919080451996334 
 09/29  19:00:00,23.350029347921649,24.732018482129676 
 09/29  20:00:00,22.90552952213431,24.38230438735296 
 09/29  21:00:00,22.409290175539213,23.83662567560632 
 09/29  22:00:00,22.340845591844709,23.794277362054069 
 09/29  23:00:00,22.297150762174817,23.76210890693039 
 09/29  24:00:00,21.842447923754933,23.20341439403412 
 09/30  01:00:00,21.802528561038679,23.156879381802836 
 09/30  02:00:00,21.808957223343659,23.15846214687518 
 09/30  03:00:00,21.41831594955316,22.644804016688775 
 09/30  04:00:00,21.401602807116203,22.610502233534669 
 09/30  05:00:00,21.446591555739795,22.601744467436 
 09/30  06:00:00,21.19548968323558,22.226966210009054 
 09/30  07:00:00,21.14076103938232,22.143439052595168 
 09/30  08:00:00,21.407134968529687,22.384590812438078 
 09/30  09:00:00,21.825162206314816,22.77317807397464 
 09/30  10:00:00,23.228915478290888,24.245416894664289 
 09/30  11:00:00,24.541920303513757,25.56271324070496 
 09/30  12:00:00,24.926976928274966,26.049283833238954 
 09/30  13:00:00,25.836832312068496,27.079755592553835 
 09/30  14:00:00,26.631894384924128,28.05915695851027 
 09/30  15:00:00,27.013318669665343,28.759652790330308 
 09/30  16:00:00,27.58878299594599,29.61485463066585 
 09/30  17:00:00,27.403341957445748,29.717093220422233 
 09/30  18:00:00,26.27436804367462,28.763195806064027 
 09/30  19:00:00,25.174257003771478,27.693903462064179 
 09/30  20:00:00,24.53513035818643,27.11987349150082 
 09/30  21:00:00,24.085667847313787,26.73758597065143 
 09/30  22:00:00,23.55950944922907,26.30617577995026 
 09/30  23:00:00,23.296189306350347,26.05675524993823 
 09/30  24:00:00,23.059467354059725,25.772101266969356 
 10/01  01:00:00,22.90060649437581,25.544200130488038 
 10/01  02:00:00,22.737686618455567,25.297593582347525 
 10/01  03:00:00,22.50373967912717,24.980674187466485 
 10/01  04:00:00,22.369722094246474,24.737584090590454 
 10/01  05:00:00,22.28446543773652,24.52586961782413 
 10/01  06:00:00,22.15735544301955,24.28571275403623 
 10/01  07:00:00,22.04809076392343,24.066228050612769 
 10/01  08:00:00,22.529402455741246,24.516389591516814 
 10/01  09:00:00,23.179642828265246,25.132095664519875 
 10/01  10:00:00,24.731070344358078,26.672719338155134 
 10/01  11:00:00,25.858614177797553,27.880995308877659 
 10/01  12:00:00,26.469642433833479,28.54187846883159 
 10/01  13:00:00,27.34935744182394,29.48160625754383 
 10/01  14:00:00,27.888606966633014,30.205263175137547 
 10/01  15:00:00,28.421456410058015,31.05016626293838 
 10/01  16:00:00,29.042041493224379,31.935921282617139 
 10/01  17:00:00,28.835873415064865,31.981917413820466 
 10/01  18:00:00,27.43203009582807,30.71248001378749 
 10/01  19:00:00,26.2728449759711,29.582136664396566 
 10/01  20:00:00,25.871819926205807,29.264023459502658 
 10/01  21:00:00,25.57417531126192,29.044873982729834 
 10/01  22:00:00,25.087581205283848,28.617530137683507 
 10/01  23:00:00,24.795320827499816,28.31968639881992 
 10/01  24:00:00,24.608232510911969,28.0761945650266 
 10/02  01:00:00,24.417473920955673,27.806978941963768 
 10/02  02:00:00,24.217461357023216,27.523145557772986 
 10/02  03:00:00,24.017680756344526,27.22694337304696 
 10/02  04:00:00,23.86149859130467,26.970344329504145 
 10/02  05:00:00,23.72426934365475,26.726436583158788 
 10/02  06:00:00,23.59546157338331,26.48737871214234 
 10/02  07:00:00,23.479883810947915,26.260377243952946 
 10/02  08:00:00,23.767148080200493,26.487678611344628 
 10/02  09:00:00,23.99588002965351,26.63717428815528 
 10/02  10:00:00,25.220826561092538,27.863484323393945 
 10/02  11:00:00,26.326041990453704,29.00074485302076 
 10/02  12:00:00,26.88868110333742,29.581982557856465 
 10/02  13:00:00,27.586526794784,30.35892993901891 
 10/02  14:00:00,27.815568715207918,30.657465715219169 
 10/02  15:00:00,28.571006239579263,31.617587047809097 
 10/02  16:00:00,28.909366842489797,32.011104075395817 
 10/02  17:00:00,28.50243522660317,31.77756269644682 
 10/02  18:00:00,27.50095776113912,30.823998599975956 
 10/02  19:00:00,26.30504880730919,29.663338943705758 
 10/02  20:00:00,25.551804754603375,28.94503859196017 
 10/02  21:00:00,24.97664648348868,28.384924841463954 
 10/02  22:00:00,24.58716416850873,27.958430224695286 
 10/02  23:00:00,24.063137973735985,27.387232718576258 
 10/02  24:00:00,23.761552967123057,26.96724501927698 
 10/03  01:00:00,23.435078969404736,26.510849864469578 
 10/03  02:00:00,23.13728127802802,26.08080383330961 
 10/03  03:00:00,22.840143468121476,25.63520329517683 
 10/03  04:00:00,22.549113196968788,25.189806088208237 
 10/03  05:00:00,22.27259767836822,24.75196391408522 
 10/03  06:00:00,21.99410055308266,24.31778542141637 
 10/03  07:00:00,21.865327076092126,24.015880005756889 
 10/03  08:00:00,22.619069717588585,24.65857590922187 
 10/03  09:00:00,23.902760782208849,25.810845047317664 
 10/03  10:00:00,25.384405436111704,27.211820096581876 
 10/03  11:00:00,26.218264336293616,27.981966997908495 
 10/03  12:00:00,26.568101625616927,28.271514381604179 
 10/03  13:00:00,27.19614463675567,28.921077718364289 
 10/03  14:00:00,27.520973864487599,29.38168081713077 
 10/03  15:00:00,28.328326527854757,30.40949860995933 
 10/03  16:00:00,28.573428808794099,30.81936183996683 
 10/03  17:00:00,28.14460299518469,30.520884034054043 
 10/03  18:00:00,27.094227253490585,29.58307010006467 
 10/03  19:00:00,25.9708606452485,28.556030382330066 
 10/03  20:00:00,25.33745411096784,28.01443463412921 
 10/03  21:00:00,24.920763073964815,27.656067182164454 
 10/03  22:00:00,24.352239284416656,27.1565608413078 
 10/03  23:00:00,24.057130515323075,26.820316452565139 
 10/03  24:00:00,23.768532767214887,26.462815610641237 
 10/04  01:00:00,23.43694413903627,26.05297910057168 
 10/04  02:00:00,23.09009368928964,25.613858744408696 
 10/04  03:00:00,22.7517999325911,25.17263427939354 
 10/04  04:00:00,22.434164980285524,24.748517415996113 
 10/04  05:00:00,22.152891760034735,24.349221115855288 
 10/04  06:00:00,21.859215965920585,23.938401761150894 
 10/04  07:00:00,21.731025601509314,23.677065261362089 
 10/04  08:00:00,22.30652716043496,24.152340591087606 
 10/04  09:00:00,23.569786200342489,25.31815462414504 
 10/04  10:00:00,25.146972822695724,26.861094877662376 
 10/04  11:00:00,26.11464384781221,27.79455757076119 
 10/04  12:00:00,26.504046473600896,28.153606435184839 
 10/04  13:00:00,27.20076656692563,28.907622593970538 
 10/04  14:00:00,27.749668389181929,29.611115713789805 
 10/04  15:00:00,28.524535180276467,30.70690929289045 
 10/04  16:00:00,28.92956859696293,31.402406970575706 
 10/04  17:00:00,28.507228623749918,31.21810343264584 
 10/04  18:00:00,27.44557529924592,30.295623257604889 
 10/04  19:00:00,26.271133942134484,29.196802239738138 
 10/04  20:00:00,25.49891933748315,28.544953331492786 
 10/04  21:00:00,24.92233012346064,28.058145849600839 
 10/04  22:00:00,24.509627631905116,27.6817124375099 
 10/04  23:00:00,23.975058651030716,27.184691284071709 
 10/04  24:00:00,23.65489845684977,26.799131347675876 
 10/05  01:00:00,23.347672475778276,26.3938553995948 
 10/05  02:00:00,23.062802919698077,25.99426240271514 
 10/05  03:00:00,22.786066720777428,25.582489673919107 
 10/05  04:00:00,22.5188305762084,25.17607653639945 
 10/05  05:00:00,22.270077303795437,24.784569518660605 
 10/05  06:00:00,22.020598128364065,24.38559057027713 
 10/05  07:00:00,21.956481934368285,24.16824194252783 
 10/05  08:00:00,22.66075761736472,24.772703361971279 
 10/05  09:00:00,24.06853758558835,26.07192461360799 
 10/05  10:00:00,25.663874181907216,27.650591106124926 
 10/05  11:00:00,26.59158863018741,28.524070790937285 
 10/05  12:00:00,27.157897108759707,29.074730552243606 
 10/05  13:00:00,27.908762347857477,29.913263739237267 
 10/05  14:00:00,28.33343087096568,30.556503063815446 
 10/05  15:00:00,29.080255255877899,31.608295873675379 
 10/05  16:00:00,29.700142014604546,32.58546237586298 
 10/05  17:00:00,29.131784756741867,32.26398809126991 
 10/05  18:00:00,27.9340680156908,31.276904592439647 
 10/05  19:00:00,26.71353011569314,30.04790114616207 
 10/05  20:00:00,26.218838602799786,29.658311439891393 
 10/05  21:00:00,25.802675967587637,29.300170802612919 
 10/05  22:00:00,25.16919735708689,28.74986202713408 
 10/05  23:00:00,24.847121765432939,28.42540872872135 
 10/05  24:00:00,24.53131793105476,28.0564390702179 
 10/06  01:00:00,24.19761893607147,27.645777373621799 
 10/06  02:00:00,23.87802737605667,27.22513815962727 
 10/06  03:00:00,23.561145323338879,26.790250659235974 
 10/06  04:00:00,23.329122053192685,26.42452805602606 
 10/06  05:00:00,23.14797358325154,26.091357847362475 
 10/06  06:00:00,22.961382336456475,25.74991373930704 
 10/06  07:00:00,22.917315336620708,25.548359709861307 
 10/06  08:00:00,23.61173779410574,26.16386689052755 
 10/06  09:00:00,24.826626081982405,27.28331196013591 
 10/06  10:00:00,26.34405398693524,28.80423127965635 
 10/06  11:00:00,27.28052045094885,29.78586851297344 
 10/06  12:00:00,27.397327999236347,29.920999387356475 
 10/06  13:00:00,28.123665399134667,30.628310547171627 
 10/06  14:00:00,28.720072191149556,31.36278986802573 
 10/06  15:00:00,28.71883785284288,31.60137214335114 
 10/06  16:00:00,29.079636016278998,32.051803066190277 
 10/06  17:00:00,28.96258455377086,32.04236563743735 
 10/06  18:00:00,27.648159246764533,30.777792681620974 
 10/06  19:00:00,26.814723351207939,29.934122384226474 
 10/06  20:00:00,26.290474097013637,29.45901432967963 
 10/06  21:00:00,25.109633663159319,28.163020823108675 
 10/06  22:00:00,25.07337841675475,28.232446831101094 
 10/06  23:00:00,25.163384958713384,28.33296700346343 
 10/06  24:00:00,24.257658618816167,27.18022143606654 
 10/07  01:00:00,24.326502771097148,27.242022608119617 
 10/07  02:00:00,24.488499185904155,27.34881569918454 
 10/07  03:00:00,23.688767823345534,26.29005865851473 
 10/07  04:00:00,23.75103797362502,26.31464213117541 
 10/07  05:00:00,23.897009858912129,26.389391275792819 
 10/07  06:00:00,23.20421496175957,25.461094914659236 
 10/07  07:00:00,23.298922450367809,25.515386927336374 
 10/07  08:00:00,24.03084009042606,26.25621849950504 
 10/07  09:00:00,24.34187414790525,26.507231075517099 
 10/07  10:00:00,25.91567350023979,28.07569716871329 
 10/07  11:00:00,27.30864883907087,29.451720568820816 
 10/07  12:00:00,27.381964585405656,29.56090705962902 
 10/07  13:00:00,28.008800415748014,30.282076781965388 
 10/07  14:00:00,28.609592185345844,31.109959914742807 
 10/07  15:00:00,28.409910639382784,31.208735740563509 
 10/07  16:00:00,28.98272670879208,31.962954009095009 
 10/07  17:00:00,28.90115537848352,32.124630678589387 
 10/07  18:00:00,27.621385180710925,30.970122736850308 
 10/07  19:00:00,26.83045273100703,30.178092226535438 
 10/07  20:00:00,26.317067009909189,29.75288663702342 
 10/07  21:00:00,26.05307147330393,29.57572501735722 
 10/07  22:00:00,25.563003106682474,29.14336273383821 
 10/07  23:00:00,25.280632130992456,28.86616207382147 
 10/07  24:00:00,25.174563878044834,28.7343633143173 
 10/08  01:00:00,24.9713716808124,28.459806612522507 
 10/08  02:00:00,24.781531567730867,28.208360292469324 
 10/08  03:00:00,24.28689260414109,27.44258657925132 
 10/08  04:00:00,24.219685234146366,27.370920512867806 
 10/08  05:00:00,24.196653241489618,27.319025181994893 
 10/08  06:00:00,23.823285224410797,26.668566033900054 
 10/08  07:00:00,23.78868299729759,26.594386840903924 
 10/08  08:00:00,23.974282758159427,26.76744450095672 
 10/08  09:00:00,23.914121763807164,26.47803786038405 
 10/08  10:00:00,24.924909928540516,27.613367915427636 
 10/08  11:00:00,25.93764617811636,28.636230588661435 
 10/08  12:00:00,25.24798092580325,27.677821912532378 
 10/08  13:00:00,26.05554946322509,28.552951279732793 
 10/08  14:00:00,26.718083428220436,29.355101332510139 
 10/08  15:00:00,25.86802919081013,28.309824077342623 
 10/08  16:00:00,25.876101690928036,28.38398835347257 
 10/08  17:00:00,25.902689178206665,28.45545860680899 
 10/08  18:00:00,24.71160572355031,27.078387628583316 
 10/08  19:00:00,24.547955298927019,26.966326719160294 
 10/08  20:00:00,24.26874541057953,26.722791738432809 
 10/08  21:00:00,23.55758454079396,25.839091222548324 
 10/08  22:00:00,23.47534879340791,25.77257864591676 
 10/08  23:00:00,23.449423698023293,25.732231210158738 
 10/08  24:00:00,22.812090143124789,24.888975063724929 
 10/09  01:00:00,22.782164536751958,24.818718061723435 
 10/09  02:00:00,22.789960032848744,24.770213302560788 
 10/09  03:00:00,22.12279885821026,23.91738841408457 
 10/09  04:00:00,22.098751437761654,23.837383585027113 
 10/09  05:00:00,22.1154970103369,23.78911168007785 
 10/09  06:00:00,21.472270826075709,23.0026542207266 
 10/09  07:00:00,21.570515162818834,23.02234189716913 
 10/09  08:00:00,22.308119119347056,23.728782341654566 
 10/09  09:00:00,23.80901389518953,25.166781407746777 
 10/09  10:00:00,25.46187036744848,26.76839096717663 
 10/09  11:00:00,26.57265304159587,27.872537873823505 
 10/09  12:00:00,27.208735715978773,28.54430455658413 
 10/09  13:00:00,28.04570806227281,29.447178025128925 
 10/09  14:00:00,28.510675615236779,30.15941663897796 
 10/09  15:00:00,29.2397889001171,31.229645804847327 
 10/09  16:00:00,29.53437103854384,31.862047097754926 
 10/09  17:00:00,28.937624573428559,31.565991029817654 
 10/09  18:00:00,27.562062997757388,30.350827350986525 
 10/09  19:00:00,26.33482804568115,29.15366812862827 
 10/09  20:00:00,25.865655681362058,28.794104205414123 
 10/09  21:00:00,25.44104772490068,28.443830730192809 
 10/09  22:00:00,24.905642889230529,28.00669282409774 
 10/09  23:00:00,24.63669044745126,27.744250830796078 
 10/09  24:00:00,24.384064907193264,27.461783022335305 
 10/10  01:00:00,24.155482225282165,27.17418926743924 
 10/10  02:00:00,23.842670101643347,26.788013754682099 
 10/10  03:00:00,23.607147707623044,26.462517364672089 
 10/10  04:00:00,23.37582118355406,26.127579996128099 
 10/10  05:00:00,23.164647926140469,25.809436038445854 
 10/10  06:00:00,22.984856672163997,25.515373562753348 
 10/10  07:00:00,22.905707166497483,25.321933425110488 
 10/10  08:00:00,23.32957117132117,25.695153095027487 
 10/10  09:00:00,24.466477878959258,26.80954781648008 
 10/10  10:00:00,26.02810593974156,28.394064397596997 
 10/10  11:00:00,27.23671004798277,29.668423910206763 
 10/10  12:00:00,28.011167326456986,30.47346637113986 
 10/10  13:00:00,28.60179570303122,31.170431474948417 
 10/10  14:00:00,29.192654102463736,31.94330833108682 
 10/10  15:00:00,29.015109738481088,32.0782843799517 
 10/10  16:00:00,29.41522952816286,32.65659674882903 
 10/10  17:00:00,29.22440738138571,32.642249203940007 
 10/10  18:00:00,27.86123503281513,31.385029574419279 
 10/10  19:00:00,27.021839782898128,30.527963435479547 
 10/10  20:00:00,26.437517349633035,30.009597890416118 
 10/10  21:00:00,26.03030856017384,29.643135438492373 
 10/10  22:00:00,25.553596348594306,29.20388421290518 
 10/10  23:00:00,25.30022633791894,28.91937290056788 
 10/10  24:00:00,25.143915774457218,28.679177769504287 
 10/11  01:00:00,24.946651392469055,28.38758626275155 
 10/11  02:00:00,24.765803059878637,28.12477342254532 
 10/11  03:00:00,24.575726006368183,27.82510323951657 
 10/11  04:00:00,24.383832419042699,27.51985468931439 
 10/11  05:00:00,24.125794107231515,27.12413077024005 
 10/11  06:00:00,23.648745699341189,26.43094904001029 
 10/11  07:00:00,23.610893924678768,26.32793057448303 
 10/11  08:00:00,24.033544217366054,26.714390662590778 
 10/11  09:00:00,24.615022979612328,27.253168700971707 
 10/11  10:00:00,26.220371894313766,28.827897583273683 
 10/11  11:00:00,27.31030216621754,29.892952877401 
 10/11  12:00:00,27.683734147532979,30.24494862418588 
 10/11  13:00:00,28.34337533687342,30.925370194827399 
 10/11  14:00:00,28.619718562215295,31.278587485159027 
 10/11  15:00:00,29.069428973732227,31.863595668236998 
 10/11  16:00:00,29.24843093154577,32.12889422727149 
 10/11  17:00:00,28.70665702256947,31.68506155174545 
 10/11  18:00:00,27.16753136932602,30.09731517734486 
 10/11  19:00:00,26.092157063096317,29.049459317872189 
 10/11  20:00:00,25.451854894653076,28.42092115781536 
 10/11  21:00:00,24.96691838657074,27.93008165359614 
 10/11  22:00:00,24.4046934361184,27.351014333706077 
 10/11  23:00:00,24.141622972106469,26.981420899884478 
 10/11  24:00:00,23.835732622189736,26.55290048507498 
 10/12  01:00:00,23.51425582971041,26.108302535801778 
 10/12  02:00:00,23.215398011233657,25.68192672997983 
 10/12  03:00:00,22.914738861938355,25.244436660265835 
 10/12  04:00:00,22.611783953833375,24.80665294361129 
 10/12  05:00:00,22.32645990027715,24.38715595821134 
 10/12  06:00:00,22.041813256821265,23.9632483234828 
 10/12  07:00:00,21.914998675895224,23.69673870795585 
 10/12  08:00:00,22.504148830324,24.180895340962608 
 10/12  09:00:00,24.008698975931304,25.556393187764678 
 10/12  10:00:00,25.779721960512885,27.158824757516564 
 10/12  11:00:00,26.605577017002525,27.93351342127451 
 10/12  12:00:00,27.14354541716437,28.451516146444648 
 10/12  13:00:00,27.811610953882935,29.107763716541027 
 10/12  14:00:00,28.03101640881021,29.491320193792327 
 10/12  15:00:00,28.832899774116556,30.504042367984096 
 10/12  16:00:00,29.029238422465196,30.913328975605987 
 10/12  17:00:00,28.398496661306365,30.431673852525763 
 10/12  18:00:00,26.91903866122976,29.06324059085897 
 10/12  19:00:00,25.946890072426866,28.168330363947086 
 10/12  20:00:00,25.351582632988653,27.64937653138481 
 10/12  21:00:00,24.957897120447755,27.304846447864095 
 10/12  22:00:00,24.41366597200571,26.823446657555054 
 10/12  23:00:00,24.117290672340688,26.505529166657426 
 10/12  24:00:00,23.844178450675949,26.19222891635034 
 10/13  01:00:00,23.555525539474155,25.84542796121314 
 10/13  02:00:00,23.2518893949429,25.469308007324018 
 10/13  03:00:00,22.94504222477404,25.087204317167058 
 10/13  04:00:00,22.656786349976565,24.705377390305388 
 10/13  05:00:00,22.361062777890227,24.306558624973606 
 10/13  06:00:00,22.05186707416233,23.89586586508898 
 10/13  07:00:00,21.927269652863616,23.666973277843835 
 10/13  08:00:00,22.271986978488095,23.92835248748979 
 10/13  09:00:00,23.365313985840979,24.979155803919399 
 10/13  10:00:00,24.955576858079767,26.5217417017537 
 10/13  11:00:00,26.15851769548593,27.669570764096318 
 10/13  12:00:00,26.783689501092995,28.268159820768078 
 10/13  13:00:00,27.626721027442586,29.12673775220196 
 10/13  14:00:00,28.058212621439666,29.77479125143397 
 10/13  15:00:00,28.853359037120837,30.875276472352679 
 10/13  16:00:00,29.091232568254683,31.438507315786916 
 10/13  17:00:00,28.481929930182394,31.04795693872565 
 10/13  18:00:00,27.00465791454765,29.62689302140469 
 10/13  19:00:00,25.985215265189824,28.699993142628946 
 10/13  20:00:00,25.293342260629868,28.1000729855973 
 10/13  21:00:00,24.579676772233318,27.513828040852027 
 10/13  22:00:00,24.317455427626578,27.246756838100425 
 10/13  23:00:00,23.873581966232807,26.816216149508123 
 10/13  24:00:00,23.600942832561257,26.483956639285425 
 10/14  01:00:00,23.33884861449417,26.13326280931506 
 10/14  02:00:00,23.08411553349874,25.77437193147352 
 10/14  03:00:00,22.8428023169361,25.414492190205715 
 10/14  04:00:00,22.595473385138904,25.038992382831446 
 10/14  05:00:00,22.35710853486222,24.67059459817149 
 10/14  06:00:00,22.119322761081479,24.299982556601284 
 10/14  07:00:00,22.020770997564449,24.067248449360809 
 10/14  08:00:00,22.547884203025555,24.509845184639795 
 10/14  09:00:00,23.973857530715479,25.858580826195028 
 10/14  10:00:00,25.631212310925048,27.48048314396992 
 10/14  11:00:00,26.729036313735848,28.49877142812435 
 10/14  12:00:00,27.34451542010596,29.113839253438849 
 10/14  13:00:00,28.06491652539932,29.878619542186244 
 10/14  14:00:00,28.30150764578317,30.30326601639279 
 10/14  15:00:00,29.006459067310069,31.265717358002925 
 10/14  16:00:00,29.201895174477238,31.717761684319315 
 10/14  17:00:00,28.58521864903974,31.323326183170374 
 10/14  18:00:00,27.105755408340415,29.78776602334848 
 10/14  19:00:00,26.194010345260936,28.943384723804447 
 10/14  20:00:00,25.61184416855765,28.427370181640368 
 10/14  21:00:00,25.221218520787166,28.098266626053169 
 10/14  22:00:00,24.71166466563056,27.647136705016217 
 10/14  23:00:00,24.450674451808358,27.349315693290884 
 10/14  24:00:00,24.135940266282114,26.979372327570219 
 10/15  01:00:00,23.9281167370408,26.70279209385368 
 10/15  02:00:00,23.748583470000534,26.443820733916075 
 10/15  03:00:00,23.425567289314125,26.02842535809401 
 10/15  04:00:00,23.198198101470039,25.698242630906625 
 10/15  05:00:00,22.91900612476835,25.300946407557999 
 10/15  06:00:00,22.616135804682395,24.88912979330899 
 10/15  07:00:00,22.34954346163331,24.50052488559599 
 10/15  08:00:00,22.34266159205906,24.378028081289089 
 10/15  09:00:00,21.784925566288388,23.67096696808054 
 10/15  10:00:00,23.18520950307406,25.03686540419578 
 10/15  11:00:00,24.006753651095573,25.74204478050629 
 10/15  12:00:00,23.004717119213447,24.621472723858603 
 10/15  13:00:00,23.91567588020358,25.509174798075834 
 10/15  14:00:00,24.369066823460348,25.898201879519499 
 10/15  15:00:00,22.859557277256927,24.32197186736246 
 10/15  16:00:00,23.689457320065207,25.160483662357288 
 10/15  17:00:00,23.733905293358615,25.16068747843602 
 10/15  18:00:00,21.788983280956704,23.173320064667249 
 10/15  19:00:00,21.64252908706172,23.047264575749325 
 10/15  20:00:00,21.324376624805234,22.617022568475187 
 10/15  21:00:00,20.10703025553451,21.379334519542846 
 10/15  22:00:00,20.093302993260069,21.276504735427588 
 10/15  23:00:00,20.134480735498195,21.176464062519409 
 10/15  24:00:00,19.03881584064161,19.987695857268247 
 10/16  01:00:00,19.148409488155108,19.937570357536818 
 10/16  02:00:00,19.27107793492559,19.894705044527134 
 10/16  03:00:00,18.17966482917104,18.706910731613314 
 10/16  04:00:00,18.344519386253915,18.702418343842316 
 10/16  05:00:00,18.526116954526974,18.6605589002123 
 10/16  06:00:00,17.535535436025414,17.59885585782903 
 10/16  07:00:00,17.7855256357797,17.720703702488455 
 10/16  08:00:00,18.56419345619271,18.244172133925824 
 10/16  09:00:00,20.076070550149028,19.64136610495941 
 10/16  10:00:00,21.87574159103245,21.228379587444544 
 10/16  11:00:00,23.018654764046546,22.2240137842005 
 10/16  12:00:00,23.68149608584975,22.84193331824758 
 10/16  13:00:00,24.454913014811419,23.55528175204384 
 10/16  14:00:00,24.769008090212414,24.13973050372283 
 10/16  15:00:00,25.475885568618748,25.100360158961114 
 10/16  16:00:00,25.603272464374844,25.562630111087768 
 10/16  17:00:00,24.877038761917484,25.15144689625047 
 10/16  18:00:00,23.306167226001479,23.796895931641715 
 10/16  19:00:00,22.277398932339293,22.955670181084359 
 10/16  20:00:00,21.608889225343725,22.471226074006027 
 10/16  21:00:00,21.144986022446675,22.11203955092219 
 10/16  22:00:00,20.58060122889885,21.66298893532838 
 10/16  23:00:00,20.32460297710238,21.394654745238918 
 10/16  24:00:00,20.041083303500508,21.07472013050666 
 10/17  01:00:00,19.74569213585399,20.713100605451186 
 10/17  02:00:00,19.443320366605407,20.32196704587769 
 10/17  03:00:00,19.15820087831176,19.937916403960025 
 10/17  04:00:00,18.909935210259897,19.587444549837476 
 10/17  05:00:00,18.655698943313817,19.225191776636778 
 10/17  06:00:00,18.415950275047835,18.8739020451397 
 10/17  07:00:00,18.32623496178899,18.672538636174744 
 10/17  08:00:00,18.861106274166173,19.137852595316717 
 10/17  09:00:00,20.293936269022657,20.487194075336335 
 10/17  10:00:00,21.98566403317699,22.04393057038728 
 10/17  11:00:00,23.148769576404335,23.07934611017775 
 10/17  12:00:00,23.819676116357124,23.679511673633124 
 10/17  13:00:00,24.70226524299982,24.490123822483939 
 10/17  14:00:00,25.199274652419157,25.173297331110878 
 10/17  15:00:00,25.590756929380903,25.81628369879121 
 10/17  16:00:00,25.94716125291039,26.480625774582195 
 10/17  17:00:00,25.26058150146824,26.021472631802405 
 10/17  18:00:00,23.766690523029618,24.693086500693274 
 10/17  19:00:00,22.701194739593637,23.811557546380585 
 10/17  20:00:00,22.016804455030774,23.28300414516851 
 10/17  21:00:00,21.299201227913338,22.783358592850037 
 10/17  22:00:00,21.01471382960643,22.50144075950744 
 10/17  23:00:00,20.53273975302879,22.0523876337177 
 10/17  24:00:00,20.221293764911814,21.687910010103964 
 10/18  01:00:00,19.928578856022605,21.313559464409445 
 10/18  02:00:00,19.65253914126179,20.936187637559855 
 10/18  03:00:00,19.357300670868335,20.526457561390285 
 10/18  04:00:00,19.17107582965455,20.215032711937725 
 10/18  05:00:00,19.002194633418008,19.917074482755767 
 10/18  06:00:00,18.818585610239056,19.62227217260227 
 10/18  07:00:00,18.75854111972189,19.423169570528488 
 10/18  08:00:00,19.25350346921136,19.827064728055768 
 10/18  09:00:00,20.73968322698928,21.210753090952414 
 10/18  10:00:00,22.47176936270502,22.797941517722845 
 10/18  11:00:00,23.65051340170406,23.84779401459725 
 10/18  12:00:00,24.294897315304625,24.42551478764517 
 10/18  13:00:00,25.145706230455553,25.197715518952504 
 10/18  14:00:00,25.54975663963892,25.78216134705049 
 10/18  15:00:00,26.2837749537047,26.799777223862198 
 10/18  16:00:00,26.50782438683076,27.30516555533609 
 10/18  17:00:00,25.872486053785985,26.99993430153941 
 10/18  18:00:00,24.323877489042475,25.534111107459517 
 10/18  19:00:00,23.309111991850096,24.67455145078962 
 10/18  20:00:00,22.65917610042402,24.157918673442727 
 10/18  21:00:00,21.96568790953611,23.65180981014189 
 10/18  22:00:00,21.684348655676489,23.369755912810676 
 10/18  23:00:00,21.174637658445165,22.90998230205995 
 10/18  24:00:00,20.823599065414876,22.529584032459878 
 10/19  01:00:00,20.525219112040906,22.171569187949765 
 10/19  02:00:00,20.269266420359928,21.825343262401899 
 10/19  03:00:00,20.031341975821879,21.480583778969796 
 10/19  04:00:00,19.83179849850947,21.16394322158972 
 10/19  05:00:00,19.63015077155083,20.83892521295849 
 10/19  06:00:00,19.415575704061128,20.500669235403295 
 10/19  07:00:00,19.350484387680376,20.30599421820034 
 10/19  08:00:00,19.732642221640174,20.58925631197267 
 10/19  09:00:00,20.49938075816196,21.24646146897763 
 10/19  10:00:00,22.312054893266987,22.962898833101833 
 10/19  11:00:00,23.674257987494046,24.21727445739224 
 10/19  12:00:00,23.72624127652553,24.20328871455279 
 10/19  13:00:00,24.74668340687104,25.231841540640258 
 10/19  14:00:00,25.31680853350003,25.9425165899833 
 10/19  15:00:00,25.82466691596418,26.622171301109174 
 10/19  16:00:00,26.275044051630645,27.31762810360896 
 10/19  17:00:00,25.637774834336669,26.85140066834852 
 10/19  18:00:00,24.241193120433985,25.542514985244496 
 10/19  19:00:00,23.352912478442865,24.774378627184598 
 10/19  20:00:00,22.772934443157327,24.305822373692334 
 10/19  21:00:00,22.36655942122711,23.97513020581491 
 10/19  22:00:00,21.8752975021791,23.581006490887888 
 10/19  23:00:00,21.59163754505171,23.294684371954369 
 10/19  24:00:00,21.43010884722464,23.06268482853171 
 10/20  01:00:00,21.22323198702492,22.77689388026129 
 10/20  02:00:00,21.028642144445209,22.515538780124058 
 10/20  03:00:00,20.776500329539475,22.17671729137868 
 10/20  04:00:00,20.563997153492737,21.874782993794868 
 10/20  05:00:00,20.330292402434404,21.549861557689697 
 10/20  06:00:00,20.080955667158365,21.212483681034454 
 10/20  07:00:00,20.010956366044565,21.042708763295037 
 10/20  08:00:00,20.54319372141486,21.501197972477696 
 10/20  09:00:00,21.985557226966056,22.863622654728496 
 10/20  10:00:00,23.64223516951318,24.44361942695751 
 10/20  11:00:00,24.772593255781105,25.49632681114205 
 10/20  12:00:00,25.405307341333196,26.12038587426115 
 10/20  13:00:00,26.245444710915714,26.978802014663537 
 10/20  14:00:00,26.69763916196687,27.65277172684351 
 10/20  15:00:00,27.07423311499297,28.359618365187168 
 10/20  16:00:00,27.204937656760003,28.754913191181488 
 10/20  17:00:00,26.65575572896479,28.503963710798368 
 10/20  18:00:00,25.157952338320955,26.98574829938854 
 10/20  19:00:00,24.219046009309225,26.18068847616233 
 10/20  20:00:00,23.6294191356017,25.69275306685526 
 10/20  21:00:00,23.22760991385165,25.376673639487675 
 10/20  22:00:00,22.714637481759483,24.96550300329058 
 10/20  23:00:00,22.431316085806125,24.682380190347673 
 10/20  24:00:00,22.23869108201954,24.428191748008066 
 10/21  01:00:00,22.021781665880775,24.129872469369894 
 10/21  02:00:00,21.67665047603733,23.69560958062676 
 10/21  03:00:00,21.39505812692085,23.320467291340778 
 10/21  04:00:00,21.14676955639137,22.96724263865493 
 10/21  05:00:00,20.936817394684316,22.64574552196906 
 10/21  06:00:00,20.688852754885035,22.284753375887726 
 10/21  07:00:00,20.59088647469755,22.064388118891065 
 10/21  08:00:00,21.074269642723324,22.45692025702408 
 10/21  09:00:00,22.391687960335866,23.683057479098204 
 10/21  10:00:00,24.016045704618109,25.275035910558807 
 10/21  11:00:00,25.130987409991385,26.301147696147344 
 10/21  12:00:00,25.714475237278735,26.852286823485917 
 10/21  13:00:00,26.5250480469924,27.656641429479927 
 10/21  14:00:00,26.984273262448896,28.315149879760609 
 10/21  15:00:00,26.864486733417217,28.457878698980129 
 10/21  16:00:00,27.13692435190835,28.91431628575802 
 10/21  17:00:00,26.740929574336,28.731423794807108 
 10/21  18:00:00,25.309087828432099,27.29683553431768 
 10/21  19:00:00,24.128161026342164,26.227575814529798 
 10/21  20:00:00,23.675320456188837,25.844971106588117 
 10/21  21:00:00,23.260548400863617,25.470533648482538 
 10/21  22:00:00,22.68195525659487,24.953300202268303 
 10/21  23:00:00,22.38158480304702,24.61021773517625 
 10/21  24:00:00,22.062935179475958,24.215510362621609 
 10/22  01:00:00,21.75924668097256,23.823860436587425 
 10/22  02:00:00,21.496546013761326,23.456353007163125 
 10/22  03:00:00,21.23715453734046,23.079515524584978 
 10/22  04:00:00,21.002809719055617,22.721390045651647 
 10/22  05:00:00,20.781827401323399,22.370225306698577 
 10/22  06:00:00,20.564042486422474,22.023012211375055 
 10/22  07:00:00,20.47823175511425,21.7998564140552 
 10/22  08:00:00,21.03525661465087,22.26067907217633 
 10/22  09:00:00,22.45734604744804,23.56762623156683 
 10/22  10:00:00,24.037334054547494,25.06074020032785 
 10/22  11:00:00,25.095081941983726,26.00582892956163 
 10/22  12:00:00,25.66209627587438,26.531441161536326 
 10/22  13:00:00,26.40999301137702,27.23335433452361 
 10/22  14:00:00,26.68555177128541,27.700756853737305 
 10/22  15:00:00,27.536316582213965,28.768614982864365 
 10/22  16:00:00,27.636922263488477,29.131310027037907 
 10/22  17:00:00,26.911028010924278,28.577671549355057 
 10/22  18:00:00,25.450941002746359,27.18722977778416 
 10/22  19:00:00,24.48705494091535,26.326820353958398 
 10/22  20:00:00,23.86291531100887,25.787661881436315 
 10/22  21:00:00,23.39991303646281,25.379405031944655 
 10/22  22:00:00,22.834718325614426,24.889505874271288 
 10/22  23:00:00,22.537045668548246,24.553093151344 
 10/22  24:00:00,22.227803679366425,24.185146041327078 
 10/23  01:00:00,21.96674492128725,23.84320929514264 
 10/23  02:00:00,21.722913636648955,23.500769659184223 
 10/23  03:00:00,21.47327281881946,23.147156573944885 
 10/23  04:00:00,21.235577586387295,22.801109635308018 
 10/23  05:00:00,21.003872573277407,22.457963558992739 
 10/23  06:00:00,20.770925099032817,22.11506846081393 
 10/23  07:00:00,20.661076807620277,21.886954203501678 
 10/23  08:00:00,21.13359555164137,22.273383285147088 
 10/23  09:00:00,22.474067127932235,23.510557055956686 
 10/23  10:00:00,24.06579184980641,25.02339866564485 
 10/23  11:00:00,25.149380515764848,26.003897048798949 
 10/23  12:00:00,25.739502268523734,26.550442129029585 
 10/23  13:00:00,26.512709607590844,27.29126500468513 
 10/23  14:00:00,26.926383024529075,27.887534995159219 
 10/23  15:00:00,27.658941778315197,28.871520430532713 
 10/23  16:00:00,27.762323045740886,29.259835273996054 
 10/23  17:00:00,27.063840456259717,28.777267045618936 
 10/23  18:00:00,25.58058516595603,27.378088503010959 
 10/23  19:00:00,24.627418623077298,26.545126390194377 
 10/23  20:00:00,23.968038472990469,25.991249896268 
 10/23  21:00:00,23.2762150088705,25.43774717609995 
 10/23  22:00:00,23.049096840633518,25.20042218775809 
 10/23  23:00:00,22.654173948653907,24.818143255165937 
 10/23  24:00:00,22.41652774584029,24.522753273506159 
 10/24  01:00:00,22.15611788494983,24.182955569995558 
 10/24  02:00:00,21.885109942779704,23.821382918559914 
 10/24  03:00:00,21.623187433434479,23.458970519540097 
 10/24  04:00:00,21.385940847237877,23.116305194415348 
 10/24  05:00:00,21.158614649140835,22.77902986960087 
 10/24  06:00:00,20.92409331090834,22.4322899183418 
 10/24  07:00:00,20.790214975187124,22.18467018085278 
 10/24  08:00:00,21.140448494346566,22.446847212111178 
 10/24  09:00:00,22.4941889882616,23.723366758651957 
 10/24  10:00:00,23.93801359607047,25.10718522283992 
 10/24  11:00:00,24.846181379176057,25.928537560873168 
 10/24  12:00:00,25.21353634572041,26.28303025309603 
 10/24  13:00:00,25.93984793425644,26.973133960698968 
 10/24  14:00:00,26.22290940579339,27.386493670899755 
 10/24  15:00:00,26.93981101519199,28.280273804309247 
 10/24  16:00:00,26.90513337854905,28.36759185729779 
 10/24  17:00:00,26.013616116466744,27.60599537114195 
 10/24  18:00:00,24.447043112867573,26.109904683874985 
 10/24  19:00:00,23.36785722801175,25.131928715815268 
 10/24  20:00:00,22.6597621879707,24.487401520409713 
 10/24  21:00:00,21.891454522839664,23.822231102851494 
 10/24  22:00:00,21.546474135657197,23.4164328277525 
 10/24  23:00:00,21.02467739487821,22.850701633536745 
 10/24  24:00:00,20.68204533264523,22.396733661877734 
 10/25  01:00:00,20.34583584178317,21.926632991376697 
 10/25  02:00:00,20.043684820278878,21.47847431852859 
 10/25  03:00:00,19.75149040228107,21.029367286210346 
 10/25  04:00:00,19.455929386555164,20.573844840908554 
 10/25  05:00:00,19.165032609394179,20.12060797572506 
 10/25  06:00:00,18.88215969132216,19.674569566782773 
 10/25  07:00:00,18.68778538190964,19.321798965497317 
 10/25  08:00:00,18.923762675946674,19.411484185809007 
 10/25  09:00:00,20.254017697797449,20.648361682063329 
 10/25  10:00:00,21.864924794923949,22.09678854561787 
 10/25  11:00:00,22.79605641719229,22.86680275318622 
 10/25  12:00:00,23.33395767631966,23.30453105714269 
 10/25  13:00:00,24.094729077667908,23.927565703448587 
 10/25  14:00:00,24.41886489047114,24.36622291677529 
 10/25  15:00:00,25.349523953196525,25.359542971582909 
 10/25  16:00:00,25.368648630496098,25.530902021167536 
 10/25  17:00:00,24.51184143361499,24.843042491562224 
 10/25  18:00:00,22.951732786084525,23.462482053888985 
 10/25  19:00:00,21.959368938803107,22.630202725944064 
 10/25  20:00:00,21.318683036573206,22.10485800646995 
 10/25  21:00:00,20.86145319223164,21.68847379686686 
 10/25  22:00:00,20.3259228449191,21.191267147089819 
 10/25  23:00:00,20.045870050603737,20.864933424487249 
 10/25  24:00:00,19.756064488059317,20.51035241251906 
 10/26  01:00:00,19.449424120030373,20.117012980133287 
 10/26  02:00:00,19.136583196609104,19.70196571700302 
 10/26  03:00:00,18.83704964231179,19.292143651219136 
 10/26  04:00:00,18.564316738483258,18.90662325244612 
 10/26  05:00:00,18.315846628679247,18.551250786376053 
 10/26  06:00:00,18.075358005286448,18.175922631818137 
 10/26  07:00:00,17.9258889259623,17.884867957908975 
 10/26  08:00:00,18.197730396807708,18.016192753323993 
 10/26  09:00:00,19.558210554031523,19.309947195730229 
 10/26  10:00:00,21.23143069472095,20.870958430536349 
 10/26  11:00:00,22.385495024795249,21.867286359172235 
 10/26  12:00:00,23.072528056669666,22.476256780920303 
 10/26  13:00:00,23.859203996675427,23.170709935816125 
 10/26  14:00:00,24.0352402773837,23.585194537131373 
 10/26  15:00:00,24.85057456790476,24.581441024215626 
 10/26  16:00:00,24.89310772008178,24.866304200868098 
 10/26  17:00:00,24.030359284144916,24.25120848228373 
 10/26  18:00:00,22.505347376320889,22.941190031415208 
 10/26  19:00:00,21.52392191732407,22.166848716424825 
 10/26  20:00:00,20.919235012598816,21.698727343726707 
 10/26  21:00:00,20.482973523751264,21.328674739002567 
 10/26  22:00:00,19.9632193713734,20.87547119389467 
 10/26  23:00:00,19.694721778774836,20.57093320866774 
 10/26  24:00:00,19.416285979548083,20.23373837608505 
 10/27  01:00:00,19.161828727379004,19.90253551989491 
 10/27  02:00:00,18.907166959959523,19.553488234662539 
 10/27  03:00:00,18.677297905744184,19.225309303298464 
 10/27  04:00:00,18.412377602439145,18.843390597643869 
 10/27  05:00:00,18.10265098368632,18.406556060586948 
 10/27  06:00:00,17.81931500194453,17.994194103381447 
 10/27  07:00:00,17.7132111577134,17.769420629622919 
 10/27  08:00:00,18.065070387697824,18.0314783953269 
 10/27  09:00:00,19.41475817626887,19.300144111307725 
 10/27  10:00:00,21.12224466897591,20.902907727463867 
 10/27  11:00:00,22.321095313911024,21.94816953840508 
 10/27  12:00:00,23.012887257386333,22.546842655002089 
 10/27  13:00:00,23.911290322523607,23.33698111214168 
 10/27  14:00:00,24.331191277191548,23.905831998582543 
 10/27  15:00:00,25.06181984703047,24.864048213202005 
 10/27  16:00:00,25.145801778821565,25.149000282817267 
 10/27  17:00:00,24.31688641287448,24.61273579735856 
 10/27  18:00:00,22.78711974831127,23.273719906418266 
 10/27  19:00:00,21.834540363693944,22.495994249735199 
 10/27  20:00:00,21.21259273145027,22.03594630741386 
 10/27  21:00:00,20.786234076855928,21.695493280616735 
 10/27  22:00:00,20.232242093215349,21.228818435519984 
 10/27  23:00:00,19.95272190117685,20.919594782755547 
 10/27  24:00:00,19.658208105494198,20.572531584617587 
 10/28  01:00:00,19.363032801231158,20.208470961060998 
 10/28  02:00:00,19.104855378382746,19.863900390236645 
 10/28  03:00:00,18.843967211027278,19.504391132811756 
 10/28  04:00:00,18.59686936959585,19.151115247530563 
 10/28  05:00:00,18.38107087839424,18.82541043319415 
 10/28  06:00:00,18.153179227241869,18.4846492487464 
 10/28  07:00:00,18.048689655518765,18.266870470059314 
 10/28  08:00:00,18.30556178582426,18.425977463398107 
 10/28  09:00:00,19.808171968537136,19.873156665717099 
 10/28  10:00:00,21.48370620198952,21.416573613040904 
 10/28  11:00:00,22.721098909064965,22.544538416574637 
 10/28  12:00:00,22.752130510104196,22.489304570468286 
 10/28  13:00:00,23.833686052733588,23.58692523657086 
 10/28  14:00:00,24.373214663762786,24.230496234251818 
 10/28  15:00:00,24.267237252990364,24.26091276488705 
 10/28  16:00:00,24.60655413578894,24.875838009194646 
 10/28  17:00:00,24.252759725198197,24.75454304553384 
 10/28  18:00:00,22.73766594358102,23.366808256003098 
 10/28  19:00:00,21.593903846455598,22.446189716607337 
 10/28  20:00:00,21.182613672869157,22.124982786490795 
 10/28  21:00:00,20.792743643548009,21.800612626057558 
 10/28  22:00:00,20.268280817048006,21.356535923944617 
 10/28  23:00:00,19.98836732983058,21.050595374448485 
 10/28  24:00:00,19.65925418703233,20.672294958498797 
 10/29  01:00:00,19.451982650832613,20.395232057749433 
 10/29  02:00:00,19.27221886948691,20.12768994564173 
 10/29  03:00:00,19.111430804655986,19.870973641637379 
 10/29  04:00:00,18.93833833997429,19.60273897462064 
 10/29  05:00:00,18.8109696431689,19.37509811161076 
 10/29  06:00:00,18.14878414057864,18.60728618007006 
 10/29  07:00:00,18.28076078511088,18.629736847722719 
 10/29  08:00:00,18.62641821150035,18.913876281133655 
 10/29  09:00:00,19.241710254517089,19.50288211583596 
 10/29  10:00:00,21.366980352288797,21.556213965290558 
 10/29  11:00:00,22.719737942125435,22.62772790473331 
 10/29  12:00:00,22.508813056461805,22.458114148897548 
 10/29  13:00:00,23.89435942883927,23.725593587392376 
 10/29  14:00:00,24.259252960188925,24.072755035212898 
 10/29  15:00:00,22.355917021817825,22.33158471938987 
 10/29  16:00:00,23.22958302994182,23.4229929032194 
 10/29  17:00:00,23.206611242020064,23.341616252316518 
 10/29  18:00:00,21.468507252896495,21.713714886120135 
 10/29  19:00:00,21.176935974448669,21.555180083509926 
 10/29  20:00:00,20.86836749239601,21.22172638723471 
 10/29  21:00:00,19.94935526365586,20.406368509648375 
 10/29  22:00:00,19.751377468850096,20.20525128725088 
 10/29  23:00:00,19.620457069824107,20.028614266702595 
 10/29  24:00:00,18.666895451610274,19.044200239000916 
 10/30  01:00:00,18.66270193597824,18.944141684539767 
 10/30  02:00:00,18.665633365932686,18.86199929366294 
 10/30  03:00:00,17.75383700776589,17.90085216756547 
 10/30  04:00:00,17.802548782687219,17.81767426156297 
 10/30  05:00:00,17.855767262889985,17.756611128413068 
 10/30  06:00:00,16.89736894810316,16.739244251322476 
 10/30  07:00:00,17.075933158938225,16.761415608086908 
 10/30  08:00:00,17.58416875773451,17.13721946992912 
 10/30  09:00:00,18.8492450269752,18.31574524128902 
 10/30  10:00:00,20.636186671874,19.99008725651902 
 10/30  11:00:00,21.91930898381882,21.104638021176866 
 10/30  12:00:00,22.719326095342077,21.811573980462535 
 10/30  13:00:00,23.439293398223997,22.481639238402104 
 10/30  14:00:00,24.037162318628249,23.1548109549138 
 10/30  15:00:00,24.72278579844943,24.058282824471215 
 10/30  16:00:00,24.746479386623279,24.2972410781026 
 10/30  17:00:00,23.845632735680469,23.7047997212087 
 10/30  18:00:00,22.17684770557302,22.283134696229138 
 10/30  19:00:00,21.169070442713254,21.50097610799349 
 10/30  20:00:00,20.563485799761844,21.03068299165544 
 10/30  21:00:00,20.146307827348659,20.680248767035516 
 10/30  22:00:00,19.64314693334986,20.239695722794744 
 10/30  23:00:00,19.362019176433877,19.936772310611674 
 10/30  24:00:00,19.06193740550282,19.59447401746194 
 10/31  01:00:00,18.787298871670879,19.249811180668318 
 10/31  02:00:00,18.511689148965489,18.885144523169048 
 10/31  03:00:00,18.247432802424585,18.52344666134345 
 10/31  04:00:00,17.996369581889078,18.16598834190721 
 10/31  05:00:00,17.75386351470148,17.816746693491348 
 10/31  06:00:00,17.532115239791815,17.483718315193305 
 10/31  07:00:00,17.456629777669723,17.303355410054185 
 10/31  08:00:00,17.654461138646196,17.386556121861994 
 10/31  09:00:00,19.140600572273159,18.813912331726184 
 10/31  10:00:00,20.945769933891815,20.51845285915443 
 10/31  11:00:00,22.302717825674468,21.712772349306804 
 10/31  12:00:00,23.171043120632257,22.442203171312884 
 10/31  13:00:00,23.897617008200059,23.169504998369825 
 10/31  14:00:00,24.553554953574737,23.94716422013606 
 10/31  15:00:00,25.12846786744532,24.750943426777238 
 10/31  16:00:00,25.19527393632242,25.075445471974747 
 10/31  17:00:00,24.249365076073198,24.34596844319593 
 10/31  18:00:00,22.663639778327494,23.02397911987878 
 10/31  19:00:00,21.592705984217426,22.14834016764514 
 10/31  20:00:00,20.94749716884214,21.68215206566027 
 10/31  21:00:00,20.558330162601118,21.37424376920257 
 10/31  22:00:00,20.129473001721587,21.029682667255409 
 10/31  23:00:00,19.926293038496924,20.8184176358071 
 10/31  24:00:00,19.81541504400459,20.648231412337475 
 11/01  01:00:00,19.88695454126091,20.64069489876291 
 11/01  02:00:00,19.836849516922013,20.501035050001954 
 11/01  03:00:00,19.55820605099965,20.175282760570715 
 11/01  04:00:00,19.420642638916666,19.961921757159496 
 11/01  05:00:00,19.34207245279318,19.778597200251669 
 11/01  06:00:00,19.218219840143328,19.561134891018864 
 11/01  07:00:00,19.101914290497715,19.35958519459062 
 11/01  08:00:00,19.1126622462893,19.28991582272586 
 11/01  09:00:00,20.337471904849143,20.504189853056454 
 11/01  10:00:00,21.764025674174368,21.84115363957778 
 11/01  11:00:00,22.934041120134397,22.94517980644103 
 11/01  12:00:00,23.860426819606916,23.81316923199374 
 11/01  13:00:00,24.602256622981757,24.57738157349365 
 11/01  14:00:00,25.25962440469764,25.410541726615525 
 11/01  15:00:00,25.066237965221629,25.410146816323633 
 11/01  16:00:00,25.266955251604708,25.857728881182525 
 11/01  17:00:00,24.740763382267077,25.60798097382 
 11/01  18:00:00,23.396746121794505,24.338342423347045 
 11/01  19:00:00,22.662846175246697,23.713476482324145 
 11/01  20:00:00,22.23673160749493,23.385979348699153 
 11/01  21:00:00,21.609585904332705,22.914128695158888 
 11/01  22:00:00,21.349149004951096,22.68470280612229 
 11/01  23:00:00,21.110176604710799,22.43107606670845 
 11/01  24:00:00,20.84423439968888,22.13401489841153 
 11/02  01:00:00,20.58176741352975,21.83929877160935 
 11/02  02:00:00,20.388516228734255,21.587568422915369 
 11/02  03:00:00,20.013361647071549,21.166764862674748 
 11/02  04:00:00,19.84844850472014,20.938711119709696 
 11/02  05:00:00,19.75997107939822,20.750529319485105 
 11/02  06:00:00,19.65634958334484,20.542455807117507 
 11/02  07:00:00,19.49652357258994,20.295407415044193 
 11/02  08:00:00,19.43425000652114,20.155708641102537 
 11/02  09:00:00,20.641910602973835,21.321133134683046 
 11/02  10:00:00,22.190429369319295,22.805452678001204 
 11/02  11:00:00,23.404796682023539,23.942285458534763 
 11/02  12:00:00,24.054547766996067,24.548451756150553 
 11/02  13:00:00,24.949933508008788,25.396716821906649 
 11/02  14:00:00,25.392555608472713,25.98193901073955 
 11/02  15:00:00,26.105736146522167,26.876418135867277 
 11/02  16:00:00,26.13612175324444,27.12070204235023 
 11/02  17:00:00,25.3041482256978,26.41711570316981 
 11/02  18:00:00,23.704297259956694,24.88263622041002 
 11/02  19:00:00,22.929536492884979,24.20448757407913 
 11/02  20:00:00,22.50473720035191,23.844477601779823 
 11/02  21:00:00,21.826142727357245,23.293784170105775 
 11/02  22:00:00,21.551415897502147,23.041977666125275 
 11/02  23:00:00,21.399380027089785,22.826311919280639 
 11/02  24:00:00,21.107907770779734,22.4801518363603 
 11/03  01:00:00,20.83131249535723,22.1459119163113 
 11/03  02:00:00,20.57305236305696,21.81105484860806 
 11/03  03:00:00,20.11158766757984,21.29720841709198 
 11/03  04:00:00,19.914057281047865,21.020669328181588 
 11/03  05:00:00,19.735666999341335,20.730531587360795 
 11/03  06:00:00,19.412273099261559,20.323634214406657 
 11/03  07:00:00,19.34768319726847,20.145044487486709 
 11/03  08:00:00,19.414290744669886,20.09709366232103 
 11/03  09:00:00,20.833525289301379,21.44453335344203 
 11/03  10:00:00,22.304731890677667,22.786059212324309 
 11/03  11:00:00,23.538721924547109,23.910636055146946 
 11/03  12:00:00,24.312792330310065,24.61500776284306 
 11/03  13:00:00,25.05657470297814,25.34778007723755 
 11/03  14:00:00,25.714771153961089,26.065874526433349 
 11/03  15:00:00,26.193312692101189,26.78709120730633 
 11/03  16:00:00,26.23270743448322,27.058041683051223 
 11/03  17:00:00,25.409236523730887,26.40032069738288 
 11/03  18:00:00,24.03521560979341,25.15729539321618 
 11/03  19:00:00,23.355679047556337,24.57431349174145 
 11/03  20:00:00,22.95075729189977,24.252057248127586 
 11/03  21:00:00,22.40219224048188,23.82587012723627 
 11/03  22:00:00,22.101420597061975,23.54617910237582 
 11/03  23:00:00,21.759823895108494,23.206773970795049 
 11/03  24:00:00,21.014718305414485,22.38949548127908 
 11/04  01:00:00,20.928154918874335,22.340363684586764 
 11/04  02:00:00,20.97136021072588,22.30111481563182 
 11/04  03:00:00,20.368217927701186,21.566019819857496 
 11/04  04:00:00,20.30545199935291,21.47239296882064 
 11/04  05:00:00,20.351576785110063,21.412168982865475 
 11/04  06:00:00,19.77154674120493,20.71593240955726 
 11/04  07:00:00,19.763312877765068,20.656899861256073 
 11/04  08:00:00,19.970600318274376,20.758933708465827 
 11/04  09:00:00,21.319179455872047,22.033246756883494 
 11/04  10:00:00,22.69773730092142,23.222277977184313 
 11/04  11:00:00,23.45470303769777,23.97208544964542 
 11/04  12:00:00,22.92232133399422,23.347730311382976 
 11/04  13:00:00,24.13782709175093,24.65469217280296 
 11/04  14:00:00,25.183438091753396,25.71273096798606 
 11/04  15:00:00,25.696685471193694,26.39648806468061 
 11/04  16:00:00,25.886220991707569,26.78719126467744 
 11/04  17:00:00,25.194866879721159,26.240214458115149 
 11/04  18:00:00,23.931842076496058,25.060954596090846 
 11/04  19:00:00,23.214916167421209,24.428248441754378 
 11/04  20:00:00,22.823373222592516,24.103366244625645 
 11/04  21:00:00,22.250616125313905,23.643845009294894 
 11/04  22:00:00,22.007316256110224,23.430046126941929 
 11/04  23:00:00,21.901401403631593,23.287206695273985 
 11/04  24:00:00,21.739773163443816,23.07832797816739 
 11/05  01:00:00,21.62508325748456,22.918272100856656 
 11/05  02:00:00,21.53921105503715,22.780112433861114 
 11/05  03:00:00,21.124205614143365,22.270268422113156 
 11/05  04:00:00,21.063506265495769,22.17077250393192 
 11/05  05:00:00,20.99195112440239,22.052116363541164 
 11/05  06:00:00,20.47326138027815,21.451504724643124 
 11/05  07:00:00,20.330649882836068,21.264872241382525 
 11/05  08:00:00,20.329118831229008,21.20981561715527 
 11/05  09:00:00,21.52497101142012,22.397964592515416 
 11/05  10:00:00,22.977817159550278,23.826294361006935 
 11/05  11:00:00,23.88838107074627,24.68425286711709 
 11/05  12:00:00,24.394101527717447,25.181099380820965 
 11/05  13:00:00,24.79786148975467,25.600740895695617 
 11/05  14:00:00,25.200841620021806,26.06289027514192 
 11/05  15:00:00,25.801839498694848,26.782288506573715 
 11/05  16:00:00,25.847769336553335,26.943313842356955 
 11/05  17:00:00,24.689208843833446,25.838825652213939 
 11/05  18:00:00,23.127289161654006,24.33066113017251 
 11/05  19:00:00,22.24384372102469,23.510401517529968 
 11/05  20:00:00,21.59137728779846,22.927716125218617 
 11/05  21:00:00,21.143175884719008,22.48243753905345 
 11/05  22:00:00,20.64301318012074,21.960235535868404 
 11/05  23:00:00,20.38711381438981,21.60656068842203 
 11/05  24:00:00,20.11247945372638,21.225910448779098 
 11/06  01:00:00,19.84018597151767,20.837324196334266 
 11/06  02:00:00,19.595669518117299,20.467188225996155 
 11/06  03:00:00,18.82257572371942,19.563483185016368 
 11/06  04:00:00,18.866706326073336,19.462671587843638 
 11/06  05:00:00,18.871358017913754,19.34086465169304 
 11/06  06:00:00,17.949094461256054,18.318579450296565 
 11/06  07:00:00,18.001644533718524,18.200258034996169 
 11/06  08:00:00,18.09965054080323,18.119597252011518 
 11/06  09:00:00,17.363302652189398,17.326504128435269 
 11/06  10:00:00,18.367906029784395,18.19499828746317 
 11/06  11:00:00,19.016033690030186,18.655577805165515 
 11/06  12:00:00,18.03835349982048,17.67671543377692 
 11/06  13:00:00,19.87236205933449,19.435665714999496 
 11/06  14:00:00,20.91604470253875,20.363754438083395 
 11/06  15:00:00,19.523997819137766,19.202144427967988 
 11/06  16:00:00,20.924454676959298,20.568309331354727 
 11/06  17:00:00,20.323623907115448,19.83013424866028 
 11/06  18:00:00,18.165205122881227,17.787963994937046 
 11/06  19:00:00,18.055632826000037,17.528051251967577 
 11/06  20:00:00,17.560464405849467,16.977721070861997 
 11/06  21:00:00,16.434540900553466,15.82061729923035 
 11/06  22:00:00,16.37044613380765,15.576049083649938 
 11/06  23:00:00,16.31049697399237,15.380032126922508 
 11/06  24:00:00,15.240446587266517,14.28747344437391 
 11/07  01:00:00,15.3574460351615,14.192666468061957 
 11/07  02:00:00,15.366794122433351,13.987957328726412 
 11/07  03:00:00,14.205767374983076,12.820448226862693 
 11/07  04:00:00,14.40537506669514,12.819162005998072 
 11/07  05:00:00,14.541859617627882,12.671970307331695 
 11/07  06:00:00,13.486454497253874,11.616346522561243 
 11/07  07:00:00,13.763073358542125,11.65530825881101 
 11/07  08:00:00,14.150866431925849,11.773337520657205 
 11/07  09:00:00,15.650776318310183,13.115642718455977 
 11/07  10:00:00,17.357285518428808,14.671122469558535 
 11/07  11:00:00,18.24481229535733,15.52647310449877 
 11/07  12:00:00,18.871906393101385,16.098881692218325 
 11/07  13:00:00,19.610276201035569,16.76966879541106 
 11/07  14:00:00,19.878260977673557,17.23279374042812 
 11/07  15:00:00,20.672015509010487,18.099181576629236 
 11/07  16:00:00,20.74589541783932,18.32457603199059 
 11/07  17:00:00,19.813670684633754,17.63076179338801 
 11/07  18:00:00,18.458279395377216,16.472807222950299 
 11/07  19:00:00,17.573121512282154,15.762309464011594 
 11/07  20:00:00,16.860831539202516,15.167348663616556 
 11/07  21:00:00,16.190342947395146,14.558586513920142 
 11/07  22:00:00,16.00798856357504,14.387747586168335 
 11/07  23:00:00,16.038866708398829,14.401137203827217 
 11/07  24:00:00,16.068450589645125,14.368756796524016 
 11/08  01:00:00,16.001467662256365,14.21917761597447 
 11/08  02:00:00,15.897017683485667,14.031618415527762 
 11/08  03:00:00,15.815858747262059,13.865082635803729 
 11/08  04:00:00,15.714224330352643,13.68174206805119 
 11/08  05:00:00,15.627616642104897,13.515776877296629 
 11/08  06:00:00,15.56988359875499,13.378883789509273 
 11/08  07:00:00,15.535191256960325,13.267166277313942 
 11/08  08:00:00,15.605926537722106,13.262738110176289 
 11/08  09:00:00,16.27325699084932,13.891345501025637 
 11/08  10:00:00,17.80288497393494,15.451812311918808 
 11/08  11:00:00,19.379359451379984,16.909523983430469 
 11/08  12:00:00,19.90841431736157,17.5306923470657 
 11/08  13:00:00,20.81380627844076,18.49184825868757 
 11/08  14:00:00,21.29870118315165,19.19355095693769 
 11/08  15:00:00,21.116052826015019,19.159814152233836 
 11/08  16:00:00,21.353257690933334,19.681880421063629 
 11/08  17:00:00,20.85409691719319,19.396987322236336 
 11/08  18:00:00,19.950327096835549,18.656728886104838 
 11/08  19:00:00,19.453925950021636,18.394785424674894 
 11/08  20:00:00,19.174919894468407,18.271792034960414 
 11/08  21:00:00,18.920086156192946,18.184958132922703 
 11/08  22:00:00,18.712542067530259,18.104919231760169 
 11/08  23:00:00,18.602743445933898,18.055829732534439 
 11/08  24:00:00,18.590567696639615,18.060673753186145 
 11/09  01:00:00,18.509736131206098,17.99702711046464 
 11/09  02:00:00,18.386250887956679,17.901454171393515 
 11/09  03:00:00,18.09156577651697,17.66324571537345 
 11/09  04:00:00,18.053292755048326,17.63935776321552 
 11/09  05:00:00,18.08977356148697,17.656239553401293 
 11/09  06:00:00,17.96638495821799,17.52723216088041 
 11/09  07:00:00,17.850056546827159,17.41192369678818 
 11/09  08:00:00,17.756907188618326,17.32672205271696 
 11/09  09:00:00,18.782406373596868,18.461847813126384 
 11/09  10:00:00,20.477099293477396,20.138883699245775 
 11/09  11:00:00,21.58024691782751,21.255206560224566 
 11/09  12:00:00,22.19016405959248,21.908359976167085 
 11/09  13:00:00,22.887206067397878,22.701530450516864 
 11/09  14:00:00,23.133846638590428,23.076490094048965 
 11/09  15:00:00,23.904236370653508,24.021322872176108 
 11/09  16:00:00,23.831367821553984,24.1101190824842 
 11/09  17:00:00,22.811081275788973,23.1631885064834 
 11/09  18:00:00,21.272476204018923,21.786391787726026 
 11/09  19:00:00,20.3845488704493,21.04342134143314 
 11/09  20:00:00,19.825908137350817,20.56727883637905 
 11/09  21:00:00,19.433883595896348,20.19310600846643 
 11/09  22:00:00,18.943316920954208,19.701090024175025 
 11/09  23:00:00,18.650541488191199,19.33996815410061 
 11/09  24:00:00,18.349102603298577,18.949065662540457 
 11/10  01:00:00,18.06270388346411,18.55568008145447 
 11/10  02:00:00,17.783413725386884,18.15592913418034 
 11/10  03:00:00,17.559338780378924,17.800458013392089 
 11/10  04:00:00,17.288015533811746,17.393386943831314 
 11/10  05:00:00,17.027830902015134,16.992346593362769 
 11/10  06:00:00,16.821988971324168,16.644164364975404 
 11/10  07:00:00,16.679815429697525,16.364102641502759 
 11/10  08:00:00,16.726527527774956,16.288645451222569 
 11/10  09:00:00,17.93251478061272,17.400385683727238 
 11/10  10:00:00,19.51793382683499,18.913853345893384 
 11/10  11:00:00,20.642380344197155,19.97651006603428 
 11/10  12:00:00,20.928453712548536,20.039379183710048 
 11/10  13:00:00,21.67497796273782,20.835201199086464 
 11/10  14:00:00,22.449855720715705,21.59780893747126 
 11/10  15:00:00,23.27068142246527,22.514072920462455 
 11/10  16:00:00,23.325779404440146,22.69652396487267 
 11/10  17:00:00,22.193327466081987,21.80908880083449 
 11/10  18:00:00,20.617539723891459,20.472704594621616 
 11/10  19:00:00,19.756445605835354,19.731130576540737 
 11/10  20:00:00,19.31045216685066,19.358093731958634 
 11/10  21:00:00,18.892193726360959,19.001217062639538 
 11/10  22:00:00,18.56983461541808,18.66080173411455 
 11/10  23:00:00,18.24614759388753,18.295393879767869 
 11/10  24:00:00,18.10877114095922,18.085509663043128 
 11/11  01:00:00,17.822583514079697,17.73198307252958 
 11/11  02:00:00,17.47590143455184,17.27505643926767 
 11/11  03:00:00,17.2681381331689,16.964361707867153 
 11/11  04:00:00,16.9506528731997,16.54351096438542 
 11/11  05:00:00,16.64974863096787,16.12788895942266 
 11/11  06:00:00,16.333888168289528,15.697657381518799 
 11/11  07:00:00,16.143651059660998,15.383143308752797 
 11/11  08:00:00,16.07672682186622,15.188100119786771 
 11/11  09:00:00,17.35979906362856,16.39504218658947 
 11/11  10:00:00,18.931387646547465,17.91827405431715 
 11/11  11:00:00,19.816185621419267,18.7517632079514 
 11/11  12:00:00,20.432890984752456,19.31417092668393 
 11/11  13:00:00,21.142921745053955,19.937603515496883 
 11/11  14:00:00,21.38873564895313,20.31346833053861 
 11/11  15:00:00,22.222804876398479,21.18769529078351 
 11/11  16:00:00,22.42598785834645,21.411877172829276 
 11/11  17:00:00,21.148486387447876,20.34733880365139 
 11/11  18:00:00,19.676481481016848,19.01301872290104 
 11/11  19:00:00,18.799953767907298,18.216218761876598 
 11/11  20:00:00,18.222524982080765,17.65970725826547 
 11/11  21:00:00,17.77179685623398,17.197892440085214 
 11/11  22:00:00,17.282834107880384,16.66618375380708 
 11/11  23:00:00,17.010735575908066,16.32792610905397 
 11/11  24:00:00,16.67058053448677,15.904355840768684 
 11/12  01:00:00,16.455836845095236,15.590090417452771 
 11/12  02:00:00,16.259920557391167,15.288809938301452 
 11/12  03:00:00,15.993242722040112,14.894474308593369 
 11/12  04:00:00,15.811042809966946,14.575435474241012 
 11/12  05:00:00,15.607009190841076,14.228505554483786 
 11/12  06:00:00,15.338614586371467,13.818306274074687 
 11/12  07:00:00,15.213561599540846,13.54416340887672 
 11/12  08:00:00,15.245302777618936,13.42623247946071 
 11/12  09:00:00,16.619060701587907,14.719120037491113 
 11/12  10:00:00,18.27975417963442,16.289684268115044 
 11/12  11:00:00,19.279970108361206,17.24868160302818 
 11/12  12:00:00,19.940278330132469,17.864645333271889 
 11/12  13:00:00,20.754895247262576,18.599340613137437 
 11/12  14:00:00,21.008640336348959,19.049310834386767 
 11/12  15:00:00,21.93286064031843,20.053419582846993 
 11/12  16:00:00,22.17447010850809,20.34961519867557 
 11/12  17:00:00,20.891970062753154,19.38590922604859 
 11/12  18:00:00,19.39003980289942,18.153393880552515 
 11/12  19:00:00,18.600137967786674,17.53801887045019 
 11/12  20:00:00,18.173910703379645,17.20377996627515 
 11/12  21:00:00,17.608942160629039,16.700964272966688 
 11/12  22:00:00,17.350575430345019,16.439478385979723 
 11/12  23:00:00,17.078858085717387,16.149174811483677 
 11/12  24:00:00,16.764775579049727,15.799962599281848 
 11/13  01:00:00,16.525249880393166,15.50028278526549 
 11/13  02:00:00,16.32588908666743,15.219147823396878 
 11/13  03:00:00,16.027424681888637,14.821777193046036 
 11/13  04:00:00,15.928869184234259,14.619084119320713 
 11/13  05:00:00,15.893189036902982,14.464078300120463 
 11/13  06:00:00,15.91105481984885,14.35215696437245 
 11/13  07:00:00,15.820208360724538,14.144483868630646 
 11/13  08:00:00,15.797900565370455,14.020327017282428 
 11/13  09:00:00,16.426630841235583,14.578785869947073 
 11/13  10:00:00,18.02950761031523,16.16561523699457 
 11/13  11:00:00,19.15094097631409,17.27058762896684 
 11/13  12:00:00,19.289013204016219,17.229838841116693 
 11/13  13:00:00,20.05139003980957,18.163649576789909 
 11/13  14:00:00,20.85273360897615,18.99659821762322 
 11/13  15:00:00,19.99195837669169,18.148764913042123 
 11/13  16:00:00,19.825337896743464,18.366371029755208 
 11/13  17:00:00,19.42384946432497,18.135366609386048 
 11/13  18:00:00,18.448821225606186,17.41454605653657 
 11/13  19:00:00,18.293830757213656,17.359371265618067 
 11/13  20:00:00,18.048107263426993,17.21244279273466 
 11/13  21:00:00,17.50201785020689,16.78034167306601 
 11/13  22:00:00,17.316706859371654,16.58458598225445 
 11/13  23:00:00,17.105938640365868,16.349126214444273 
 11/13  24:00:00,16.291088120225628,15.5329138173726 
 11/14  01:00:00,16.230741604632155,15.396118562696092 
 11/14  02:00:00,16.16042704851967,15.255913528931652 
 11/14  03:00:00,15.07753871140133,14.141393859679689 
 11/14  04:00:00,15.17344050652425,14.103237378099314 
 11/14  05:00:00,15.246797914568115,14.058226422628115 
 11/14  06:00:00,13.998106150423208,12.758948873550687 
 11/14  07:00:00,14.26587906779174,12.843393343868577 
 11/14  08:00:00,14.551534259785978,13.029441457324979 
 11/14  09:00:00,15.80256490070446,14.168831625047144 
 11/14  10:00:00,17.44444225911249,15.751793102672412 
 11/14  11:00:00,18.47232715786049,16.732761467118256 
 11/14  12:00:00,19.0489260173999,17.256837893454575 
 11/14  13:00:00,19.823956151113934,17.955794899181407 
 11/14  14:00:00,20.065124904826239,18.33224627271231 
 11/14  15:00:00,20.91992994692763,19.26108583789706 
 11/14  16:00:00,21.094580993749874,19.504102306313219 
 11/14  17:00:00,19.796613653766899,18.45587667126013 
 11/14  18:00:00,18.415417121319029,17.183943510326104 
 11/14  19:00:00,17.727365123621305,16.583703392032097 
 11/14  20:00:00,17.365201991876206,16.253029940849616 
 11/14  21:00:00,17.08013971022642,15.984272934778704 
 11/14  22:00:00,16.770573388654677,15.668632006998193 
 11/14  23:00:00,16.520889061136164,15.379510087229346 
 11/14  24:00:00,16.296390798067809,15.088883902621165 
 11/15  01:00:00,16.1441399696607,14.85815785216994 
 11/15  02:00:00,15.998908275205885,14.629041764303669 
 11/15  03:00:00,15.443102571019875,14.093739701404044 
 11/15  04:00:00,15.5391268027094,14.051881969304448 
 11/15  05:00:00,15.618921668936262,13.95863582275379 
 11/15  06:00:00,15.078193942798498,13.45907060823233 
 11/15  07:00:00,15.171014242356229,13.393323335383962 
 11/15  08:00:00,15.2626759110592,13.30751925230758 
 11/15  09:00:00,14.768650793647894,12.905676719930181 
 11/15  10:00:00,16.36269327814685,14.30577231869832 
 11/15  11:00:00,17.07835809451894,15.035761652130951 
 11/15  12:00:00,17.384489523591215,15.529992663867486 
 11/15  13:00:00,18.90634449510589,16.90967814290991 
 11/15  14:00:00,19.512478308187668,17.53565434272628 
 11/15  15:00:00,19.304291439370908,17.57721786732482 
 11/15  16:00:00,20.039113902995156,18.291289000152763 
 11/15  17:00:00,19.204218671947378,17.469987392904398 
 11/15  18:00:00,16.82137825233627,15.347224520121225 
 11/15  19:00:00,16.759943567177424,15.214376284552149 
 11/15  20:00:00,16.15557161540165,14.602601249616268 
 11/15  21:00:00,14.821641894934848,13.280883718912774 
 11/15  22:00:00,15.009461627813936,13.33643151298136 
 11/15  23:00:00,15.19638967543358,13.443853970657236 
 11/15  24:00:00,14.114239034169728,12.393417140806357 
 11/16  01:00:00,14.346618097370536,12.427322715417106 
 11/16  02:00:00,14.529796681356553,12.413262540489379 
 11/16  03:00:00,13.50169664309421,11.437968973142305 
 11/16  04:00:00,13.691974637698113,11.446635341581219 
 11/16  05:00:00,13.82243610686789,11.318567600631712 
 11/16  06:00:00,12.72859345502767,10.305334318734574 
 11/16  07:00:00,12.975462443669425,10.342933916088123 
 11/16  08:00:00,13.266454389166104,10.359929376728785 
 11/16  09:00:00,13.742310209610008,10.727008735600002 
 11/16  10:00:00,15.567628093048416,12.458207986780796 
 11/16  11:00:00,16.99753768547194,13.800244175862519 
 11/16  12:00:00,17.554378369001247,14.354270387909894 
 11/16  13:00:00,18.3317368305827,15.111515792260244 
 11/16  14:00:00,18.657997845567,15.596923298039404 
 11/16  15:00:00,19.55173149347507,16.604656605566146 
 11/16  16:00:00,19.700431024626974,16.898110497648287 
 11/16  17:00:00,18.548646114101904,15.967179153974211 
 11/16  18:00:00,17.245076909164128,14.881367029803882 
 11/16  19:00:00,16.47887369668105,14.277717750214672 
 11/16  20:00:00,16.092925227395509,14.000110080286362 
 11/16  21:00:00,15.657711855379452,13.65406213324623 
 11/16  22:00:00,15.396852366929004,13.395471754061969 
 11/16  23:00:00,15.16158882133939,13.134586154975823 
 11/16  24:00:00,14.958510636535147,12.88774189816264 
 11/17  01:00:00,14.729355046317224,12.600242319842627 
 11/17  02:00:00,14.513240183282456,12.313119638561961 
 11/17  03:00:00,14.30964933357508,12.029790548424926 
 11/17  04:00:00,14.120251309002438,11.761949789896587 
 11/17  05:00:00,13.866641032816082,11.4036969419234 
 11/17  06:00:00,13.616502200263867,11.055482447905373 
 11/17  07:00:00,13.568837255875465,10.889953317441317 
 11/17  08:00:00,13.631424623030345,10.816166379655556 
 11/17  09:00:00,15.0376274161082,12.180471551263239 
 11/17  10:00:00,16.825980413040616,13.9093747291445 
 11/17  11:00:00,18.024513757894665,15.081741555384629 
 11/17  12:00:00,18.729966204864938,15.777084388990277 
 11/17  13:00:00,19.50371500896925,16.5830670498431 
 11/17  14:00:00,19.739501969722427,17.010693608500334 
 11/17  15:00:00,20.480667797691245,17.918116766632676 
 11/17  16:00:00,20.59400543157717,18.199535366172584 
 11/17  17:00:00,19.47362805075747,17.284169265277634 
 11/17  18:00:00,18.088150528864234,16.136223930209544 
 11/17  19:00:00,17.36141036495766,15.579514776768932 
 11/17  20:00:00,16.968362604754114,15.295992417948554 
 11/17  21:00:00,16.397156779269964,14.79703959108027 
 11/17  22:00:00,16.13207050235375,14.552124436520647 
 11/17  23:00:00,15.890663450179666,14.309127119858874 
 11/17  24:00:00,15.578941270268884,13.978544918396765 
 11/18  01:00:00,15.368944807612852,13.71776781491446 
 11/18  02:00:00,15.147513868289043,13.434488183961408 
 11/18  03:00:00,14.886695502343123,13.112724562463067 
 11/18  04:00:00,14.7439760574404,12.882632229914372 
 11/18  05:00:00,14.596110784839035,12.627875365861217 
 11/18  06:00:00,14.406332005013308,12.353820277292197 
 11/18  07:00:00,14.32265774174241,12.158258891096592 
 11/18  08:00:00,14.311504277015134,12.02731151868937 
 11/18  09:00:00,15.529536423110202,13.17300291295868 
 11/18  10:00:00,17.243906796378658,14.86932473240409 
 11/18  11:00:00,18.564075358771633,16.129137450239278 
 11/18  12:00:00,19.290263122661757,16.859335939557785 
 11/18  13:00:00,20.196514698418239,17.753612543200597 
 11/18  14:00:00,20.624086213664027,18.33716079638919 
 11/18  15:00:00,21.408896930157554,19.27820411555676 
 11/18  16:00:00,21.506079295420205,19.513814615071355 
 11/18  17:00:00,20.383948200828607,18.583755261108 
 11/18  18:00:00,18.97904875043356,17.457729692177876 
 11/18  19:00:00,18.213327660405449,16.886449001259359 
 11/18  20:00:00,17.77055942252988,16.55667353616267 
 11/18  21:00:00,17.124810990114736,15.998781259394225 
 11/18  22:00:00,16.82970429105418,15.723918610587635 
 11/18  23:00:00,16.616197989810794,15.502201329845916 
 11/18  24:00:00,16.32566389715668,15.190314317976869 
 11/19  01:00:00,16.10876341219173,14.923421744808412 
 11/19  02:00:00,15.915420804232621,14.671203870675353 
 11/19  03:00:00,15.664236215390979,14.370104759837215 
 11/19  04:00:00,15.521514470019075,14.149522043719392 
 11/19  05:00:00,15.355869847576504,13.870311520627395 
 11/19  06:00:00,15.133465548893808,13.561695842854544 
 11/19  07:00:00,15.080366211769212,13.399547447234156 
 11/19  08:00:00,15.095785540130163,13.288381111841856 
 11/19  09:00:00,15.61793860058029,13.732736636763495 
 11/19  10:00:00,17.3836427502935,15.469938260587347 
 11/19  11:00:00,19.09680577242647,17.046499639715 
 11/19  12:00:00,19.388433076224368,17.190613228462899 
 11/19  13:00:00,20.184669784843164,18.148236617306695 
 11/19  14:00:00,20.901900483440156,18.963292479186838 
 11/19  15:00:00,21.669054561273833,19.853646330960026 
 11/19  16:00:00,21.800656027711903,20.15015522248772 
 11/19  17:00:00,20.75767877391135,19.278102609524976 
 11/19  18:00:00,19.407119753446368,18.222723393524267 
 11/19  19:00:00,18.68754676470812,17.700948720526779 
 11/19  20:00:00,18.29322916968431,17.420677363344518 
 11/19  21:00:00,17.871545607054867,17.10126963847189 
 11/19  22:00:00,17.572507087104034,16.837233024133238 
 11/19  23:00:00,17.341132320091249,16.60004581135741 
 11/19  24:00:00,17.17762411001143,16.41747329867903 
 11/20  01:00:00,16.9270130060002,16.13535038404904 
 11/20  02:00:00,16.681183437989188,15.838802690798797 
 11/20  03:00:00,16.413750615121559,15.52393069896036 
 11/20  04:00:00,16.216162066598977,15.246308729600145 
 11/20  05:00:00,16.020097783504928,14.965870711815916 
 11/20  06:00:00,15.726717262118598,14.602939222241496 
 11/20  07:00:00,15.649226883501124,14.449298575449973 
 11/20  08:00:00,15.614011685495314,14.287308029492538 
 11/20  09:00:00,16.856667044283236,15.483461168393596 
 11/20  10:00:00,18.28265534654471,16.871251439714905 
 11/20  11:00:00,19.48608153444223,18.05909711723898 
 11/20  12:00:00,20.293667666794407,18.814374190411326 
 11/20  13:00:00,21.083528287928936,19.57488851623631 
 11/20  14:00:00,21.45184694177489,20.033184802407633 
 11/20  15:00:00,22.296871119225004,20.984971130811155 
 11/20  16:00:00,22.421662099628496,21.208958854309878 
 11/20  17:00:00,21.247999837065426,20.211085235479776 
 11/20  18:00:00,19.787807022318768,19.045058336434484 
 11/20  19:00:00,19.01456398506052,18.397106244843405 
 11/20  20:00:00,18.59665302119296,18.051571027062367 
 11/20  21:00:00,17.982728786933586,17.50242875149432 
 11/20  22:00:00,17.75286908626454,17.275430615792673 
 11/20  23:00:00,17.611543551369789,17.108384879134918 
 11/20  24:00:00,17.336487942312,16.79665560234608 
 11/21  01:00:00,17.128552288535695,16.525074563852198 
 11/21  02:00:00,16.919405886768887,16.258870588201849 
 11/21  03:00:00,16.53690522547319,15.777123355227982 
 11/21  04:00:00,16.40042690793312,15.547943292263744 
 11/21  05:00:00,16.304292160792686,15.358947100847808 
 11/21  06:00:00,16.082134021202294,15.050222588151709 
 11/21  07:00:00,15.99003167071258,14.84643504441241 
 11/21  08:00:00,15.954308387901119,14.685587466281702 
 11/21  09:00:00,17.033018481602807,15.692439135252807 
 11/21  10:00:00,18.247887047277218,16.870131614601726 
 11/21  11:00:00,18.95336727554037,17.55172649967399 
 11/21  12:00:00,17.68740958893615,16.31280556843437 
 11/21  13:00:00,19.041607264040704,17.700543601619814 
 11/21  14:00:00,20.01670729680231,18.60354063896994 
 11/21  15:00:00,18.31482820048141,17.068555207420844 
 11/21  16:00:00,19.496368156078487,18.24244971062595 
 11/21  17:00:00,19.416868192258389,18.08598947214279 
 11/21  18:00:00,17.52596069912154,16.50718203401159 
 11/21  19:00:00,17.244568544781538,16.213321773595163 
 11/21  20:00:00,17.4575771783702,16.338271686936716 
 11/21  21:00:00,17.026324670084727,15.958676657848672 
 11/21  22:00:00,17.037759627331153,15.910022696435409 
 11/21  23:00:00,17.051020396355555,15.826914408554881 
 11/21  24:00:00,16.59718260435338,15.41899601685521 
 11/22  01:00:00,16.508248387333525,15.255727383871632 
 11/22  02:00:00,16.380925503988494,15.034669656439993 
 11/22  03:00:00,15.620906498425758,14.346495536573102 
 11/22  04:00:00,15.617373516528126,14.259403431507286 
 11/22  05:00:00,15.615286335419145,14.121121667540884 
 11/22  06:00:00,14.494310693095418,13.072011237373005 
 11/22  07:00:00,14.72488648721268,13.155411063559383 
 11/22  08:00:00,14.964270861881648,13.229332819131047 
 11/22  09:00:00,15.86639478368902,14.06436339358915 
 11/22  10:00:00,17.461385868594154,15.630977563735336 
 11/22  11:00:00,18.663083373043209,16.80407297610132 
 11/22  12:00:00,19.09597802148131,17.14706051591169 
 11/22  13:00:00,19.96432787048313,18.00103956055777 
 11/22  14:00:00,20.264357087894206,18.440934938005307 
 11/22  15:00:00,19.996121901991434,18.26788457366207 
 11/22  16:00:00,20.04945906357646,18.534131412457133 
 11/22  17:00:00,19.397094702451886,18.012113061143425 
 11/22  18:00:00,18.215523882446786,16.948140342519428 
 11/22  19:00:00,17.550636665150415,16.368172372243568 
 11/22  20:00:00,17.161926962906969,16.022134929708586 
 11/22  21:00:00,16.76653373689056,15.651211547362753 
 11/22  22:00:00,16.50908525328746,15.392524396644168 
 11/22  23:00:00,16.378894348181875,15.237440877973589 
 11/22  24:00:00,16.257023980687998,15.070047704592178 
 11/23  01:00:00,16.095942035029795,14.838228930579059 
 11/23  02:00:00,15.916536597460027,14.576204504684663 
 11/23  03:00:00,15.710396965608038,14.288887906565432 
 11/23  04:00:00,15.596147952247625,14.08265894472503 
 11/23  05:00:00,15.467726916276721,13.85972225244957 
 11/23  06:00:00,15.268510091323659,13.575625292751349 
 11/23  07:00:00,15.205543965873169,13.418940723485518 
 11/23  08:00:00,15.194738052176993,13.312457916250989 
 11/23  09:00:00,16.263214489408058,14.317958332782072 
 11/23  10:00:00,17.806860472140856,15.867336386031237 
 11/23  11:00:00,18.926296049992194,16.95430663644394 
 11/23  12:00:00,19.145358586171743,17.03653148342595 
 11/23  13:00:00,19.916639262212518,17.922918465454538 
 11/23  14:00:00,20.626396617670236,18.71080338787763 
 11/23  15:00:00,21.379881034091804,19.560841962481676 
 11/23  16:00:00,21.41588814071361,19.670186589572926 
 11/23  17:00:00,20.18455412636387,18.6414891122835 
 11/23  18:00:00,18.774549262003818,17.46779999896287 
 11/23  19:00:00,18.018750686369388,16.849164043068869 
 11/23  20:00:00,17.58794961146144,16.487039929676965 
 11/23  21:00:00,17.03851967146823,15.981110754994236 
 11/23  22:00:00,16.75981060727887,15.699146780391273 
 11/23  23:00:00,16.57955745568884,15.493084944407114 
 11/23  24:00:00,16.41987494190175,15.303648546709077 
 11/24  01:00:00,16.201099671719655,15.022236692365305 
 11/24  02:00:00,16.006487608420558,14.7510743977214 
 11/24  03:00:00,15.877815733924927,14.536205542034589 
 11/24  04:00:00,15.679036443797037,14.250170544983498 
 11/24  05:00:00,15.49962237554152,13.979506536022236 
 11/24  06:00:00,15.37075955499407,13.751354425739223 
 11/24  07:00:00,15.252870320618742,13.53756887619249 
 11/24  08:00:00,15.177697404102299,13.367746142991681 
 11/24  09:00:00,16.22759809604417,14.357170032174413 
 11/24  10:00:00,17.857493398195037,15.97387679655862 
 11/24  11:00:00,19.040086799416004,17.127889226753458 
 11/24  12:00:00,19.482517522708329,17.49243529181897 
 11/24  13:00:00,20.41114909021605,18.40299912981636 
 11/24  14:00:00,20.895787331558684,19.014573185467847 
 11/24  15:00:00,20.650893758418904,18.828233707755719 
 11/24  16:00:00,20.661979786257807,19.105674988040986 
 11/24  17:00:00,19.849998302778738,18.48680404349821 
 11/24  18:00:00,18.552991010147978,17.3514462254618 
 11/24  19:00:00,17.83093185384906,16.737150563282609 
 11/24  20:00:00,17.394699387168246,16.35112314466724 
 11/24  21:00:00,16.814020399679678,15.798678056974126 
 11/24  22:00:00,16.53247938613744,15.502659007067776 
 11/24  23:00:00,16.32214642176378,15.253874409774966 
 11/24  24:00:00,16.070543401284036,14.958172298071008 
 11/25  01:00:00,15.860471636126413,14.67459767412895 
 11/25  02:00:00,15.657879338429908,14.391011539185588 
 11/25  03:00:00,15.451419965659867,14.107742608293574 
 11/25  04:00:00,15.290316041699553,13.838348195557876 
 11/25  05:00:00,15.13278772678174,13.556049541313067 
 11/25  06:00:00,14.956823772941342,13.288185768393698 
 11/25  07:00:00,14.920711678096783,13.124046624341958 
 11/25  08:00:00,14.96197372811243,13.017133741530476 
 11/25  09:00:00,16.124460968460704,14.083142283680239 
 11/25  10:00:00,17.85516997583238,15.781095810432232 
 11/25  11:00:00,19.220753784910586,17.058501058741887 
 11/25  12:00:00,20.026902322885755,17.8538297300503 
 11/25  13:00:00,21.04604975656525,18.763612358513528 
 11/25  14:00:00,21.431336676835217,19.316555936057918 
 11/25  15:00:00,22.25140551515182,20.243840428707317 
 11/25  16:00:00,22.19865207592718,20.39260033744226 
 11/25  17:00:00,21.16887143178557,19.554349405849629 
 11/25  18:00:00,19.675227043517123,18.424332002896376 
 11/25  19:00:00,18.875447827933099,17.850990254620159 
 11/25  20:00:00,18.338069783479303,17.45662247622594 
 11/25  21:00:00,18.037315305423947,17.226828837211494 
 11/25  22:00:00,17.61058187684754,16.871268288931384 
 11/25  23:00:00,17.387916377975075,16.66262287446104 
 11/25  24:00:00,17.326598904982569,16.58559036539005 
 11/26  01:00:00,17.142366617411516,16.382001067334114 
 11/26  02:00:00,16.945267917501125,16.13832119969623 
 11/26  03:00:00,16.84966938491894,15.975776724564162 
 11/26  04:00:00,16.68337180081493,15.736473377459563 
 11/26  05:00:00,16.51879213535309,15.495559277215842 
 11/26  06:00:00,16.434654846731307,15.326718639960172 
 11/26  07:00:00,16.330242083516685,15.136083956074799 
 11/26  08:00:00,16.25451243539719,14.968961548142519 
 11/26  09:00:00,16.74780502022387,15.392846065357226 
 11/26  10:00:00,18.343388624742507,17.00857581122589 
 11/26  11:00:00,19.932206905369328,18.466258240838334 
 11/26  12:00:00,19.156587696103999,17.54789765429644 
 11/26  13:00:00,20.320140395378965,18.925472178586845 
 11/26  14:00:00,21.28934853420679,19.8714110492091 
 11/26  15:00:00,20.69534339991868,19.313140360150187 
 11/26  16:00:00,20.930170470402016,19.893671003739997 
 11/26  17:00:00,20.603426901056986,19.674686872382077 
 11/26  18:00:00,19.472739477601576,18.709909649373036 
 11/26  19:00:00,18.85773480758462,18.241969992172654 
 11/26  20:00:00,18.539172679203238,18.003980776274049 
 11/26  21:00:00,18.12930187373192,17.658955802134238 
 11/26  22:00:00,17.924387835588907,17.466873715226684 
 11/26  23:00:00,17.81381849832569,17.345394836542586 
 11/26  24:00:00,17.7461799881462,17.25165703655307 
 11/27  01:00:00,17.58878521896365,17.052093042977178 
 11/27  02:00:00,17.42957513101892,16.84083259488084 
 11/27  03:00:00,17.406452572587395,16.751762754068098 
 11/27  04:00:00,17.19399339078903,16.480507578088909 
 11/27  05:00:00,16.99122087353332,16.23013820930698 
 11/27  06:00:00,16.459441470793313,15.687922172749439 
 11/27  07:00:00,16.471516066702788,15.616525452466206 
 11/27  08:00:00,16.533499117073079,15.573370583196163 
 11/27  09:00:00,16.269015531519814,15.294153914128455 
 11/27  10:00:00,16.928121444554145,15.881919582149582 
 11/27  11:00:00,17.58532198339381,16.516685012570976 
 11/27  12:00:00,16.9059856380711,15.88423186011127 
 11/27  13:00:00,17.969840800235894,16.870961052781135 
 11/27  14:00:00,18.44709951098745,17.307778929135254 
 11/27  15:00:00,17.3056083972359,16.251644922630449 
 11/27  16:00:00,17.345969495998209,16.260124163801927 
 11/27  17:00:00,17.13103391956246,16.000660862762826 
 11/27  18:00:00,16.106182220345713,15.036543962104539 
 11/27  19:00:00,15.97101627672568,14.805821513728788 
 11/27  20:00:00,15.950995375868267,14.714031548585484 
 11/27  21:00:00,15.280513745921937,14.070953128823437 
 11/27  22:00:00,15.35216895892405,14.026769536546177 
 11/27  23:00:00,15.423129435176316,13.971450781548433 
 11/27  24:00:00,14.748370090074723,13.310281339957762 
 11/28  01:00:00,14.86997673399799,13.330326319919989 
 11/28  02:00:00,14.988727855768739,13.256859415448253 
 11/28  03:00:00,14.306772586359113,12.592639186960675 
 11/28  04:00:00,14.440278777319304,12.582790203108921 
 11/28  05:00:00,14.564775899611919,12.515693517777015 
 11/28  06:00:00,13.937039542530063,11.933327475935596 
 11/28  07:00:00,14.086796090355119,11.922107691418285 
 11/28  08:00:00,14.28294640758541,11.912592803473342 
 11/28  09:00:00,14.450668198879907,11.94188688141665 
 11/28  10:00:00,15.622770643815163,13.085864471460804 
 11/28  11:00:00,16.21749135987138,13.6660749308072 
 11/28  12:00:00,15.502853538310092,13.046100743374837 
 11/28  13:00:00,16.315492022003398,13.742191582387559 
 11/28  14:00:00,16.73549034168444,14.138808804265086 
 11/28  15:00:00,15.619377588035926,13.272676879372503 
 11/28  16:00:00,16.28198691024897,13.854430566795648 
 11/28  17:00:00,16.097069576497537,13.638977501711965 
 11/28  18:00:00,14.789227278780189,12.594849978967954 
 11/28  19:00:00,14.574472676107053,12.339156719669206 
 11/28  20:00:00,14.516812209659563,12.197478351809638 
 11/28  21:00:00,13.60557117014597,11.424610125896479 
 11/28  22:00:00,13.683931572417002,11.400212646181899 
 11/28  23:00:00,13.776876235988344,11.345796942853572 
 11/28  24:00:00,12.904996726832966,10.56724031354647 
 11/29  01:00:00,13.05749766567165,10.578490847514326 
 11/29  02:00:00,13.2042311238027,10.516963718220686 
 11/29  03:00:00,12.397404647383958,9.799132482223673 
 11/29  04:00:00,12.547573399522174,9.763515760249712 
 11/29  05:00:00,12.657539986146374,9.646872812521242 
 11/29  06:00:00,11.755700850695505,8.866312546007466 
 11/29  07:00:00,11.981622439865634,8.890567705183182 
 11/29  08:00:00,12.21547908730607,8.863270573616651 
 11/29  09:00:00,13.161199736860932,9.721910132077398 
 11/29  10:00:00,14.740477395119218,11.222231604973424 
 11/29  11:00:00,15.88644736304926,12.391355524363059 
 11/29  12:00:00,16.530389327587519,13.024948876485177 
 11/29  13:00:00,17.289585727191175,13.808392440896295 
 11/29  14:00:00,17.564343114896617,14.219945596449385 
 11/29  15:00:00,18.355937145864844,15.136814913252757 
 11/29  16:00:00,18.45543389969477,15.354655638173027 
 11/29  17:00:00,17.186823547659868,14.248158670204319 
 11/29  18:00:00,15.842248021432067,13.08688276245992 
 11/29  19:00:00,15.184261508447257,12.535967973014108 
 11/29  20:00:00,14.835476984222599,12.259182736688473 
 11/29  21:00:00,14.541962216929186,11.992581239834396 
 11/29  22:00:00,14.259800682598535,11.69779153273359 
 11/29  23:00:00,14.016233769397108,11.421778447276536 
 11/29  24:00:00,13.842427093767608,11.188037611533233 
 11/30  01:00:00,13.61981888241973,10.903385993220775 
 11/30  02:00:00,13.427050231268094,10.640663880782502 
 11/30  03:00:00,13.330238700444014,10.456855957535139 
 11/30  04:00:00,13.128935500468096,10.163431259291683 
 11/30  05:00:00,12.931826855012608,9.865861257259175 
 11/30  06:00:00,12.758602881750841,9.606574531692532 
 11/30  07:00:00,12.664500464576465,9.405396775520826 
 11/30  08:00:00,12.56760876442322,9.198761818910379 
 11/30  09:00:00,13.179782088121705,9.758485694806616 
 11/30  10:00:00,14.149951455603614,10.634848652490227 
 11/30  11:00:00,14.783992125041288,11.226606654346606 
 11/30  12:00:00,14.654612117216989,10.986470395809049 
 11/30  13:00:00,15.067343461228246,11.425463894259277 
 11/30  14:00:00,15.430120328308722,11.824956835231232 
 11/30  15:00:00,14.184287136954462,10.876928536452786 
 11/30  16:00:00,14.356372639440952,11.066769659517928 
 11/30  17:00:00,14.260900246553021,10.937309752706362 
 11/30  18:00:00,13.306779777408034,10.227845375946375 
 11/30  19:00:00,13.257957211287599,10.089752461721958 
 11/30  20:00:00,13.346848610374729,10.065180401048993 
 11/30  21:00:00,12.7169027636494,9.644015144753098 
 11/30  22:00:00,12.810018467480015,9.596109483726592 
 11/30  23:00:00,12.903540705595813,9.523898362719951 
 11/30  24:00:00,11.803155519881628,8.672940972443019 
 12/01  01:00:00,11.948647942138587,8.663770148613484 
 12/01  02:00:00,12.192833481024874,8.672432861668906 
 12/01  03:00:00,12.178234788780643,8.523864581397517 
 12/01  04:00:00,12.072277995751643,8.332138019395178 
 12/01  05:00:00,12.007991292300373,8.16699056101837 
 12/01  06:00:00,12.076581192372455,8.10745647410413 
 12/01  07:00:00,11.967430651948556,7.8919622191741729 
 12/01  08:00:00,11.847131308617307,7.681689392767004 
 12/01  09:00:00,12.313081791348724,8.070741374453453 
 12/01  10:00:00,14.130311498329025,9.906088793870289 
 12/01  11:00:00,15.710484597975997,11.597125321823502 
 12/01  12:00:00,16.67701186535498,12.615183785274868 
 12/01  13:00:00,17.547777162882406,13.62699504597239 
 12/01  14:00:00,17.92613040716412,14.206828536641823 
 12/01  15:00:00,18.64750033472729,15.126670783039268 
 12/01  16:00:00,18.672205661696205,15.420102234789 
 12/01  17:00:00,17.551043403007435,14.457146949750723 
 12/01  18:00:00,16.339925288511659,13.41182569769226 
 12/01  19:00:00,15.602090218751194,12.860837089582337 
 12/01  20:00:00,15.148824226951483,12.52930806087944 
 12/01  21:00:00,14.56196108626997,12.053443533752202 
 12/01  22:00:00,14.289889905201659,11.83134895711413 
 12/01  23:00:00,14.125291539550185,11.679640962534787 
 12/01  24:00:00,13.960800771111467,11.505077205800692 
 12/02  01:00:00,13.777434862558819,11.290770378536898 
 12/02  02:00:00,13.609275443653658,11.076659356238127 
 12/02  03:00:00,13.423068133242979,10.823802311180238 
 12/02  04:00:00,13.340286576410515,10.65716582920026 
 12/02  05:00:00,13.266330987613565,10.493961942489399 
 12/02  06:00:00,13.142355610866114,10.274069983316734 
 12/02  07:00:00,13.155736914241034,10.17209897981367 
 12/02  08:00:00,13.209370001947895,10.103892781445805 
 12/02  09:00:00,13.518783384606156,10.305467622858853 
 12/02  10:00:00,15.215227545164059,12.0226708392149 
 12/02  11:00:00,16.93367376817111,13.694096229057042 
 12/02  12:00:00,16.98879154857759,13.645784040702428 
 12/02  13:00:00,17.829839500995889,14.696142209111163 
 12/02  14:00:00,18.475041418452116,15.512789828440738 
 12/02  15:00:00,17.994710668063683,15.029532013136223 
 12/02  16:00:00,18.612137628597649,15.978359045188004 
 12/02  17:00:00,18.000556702513906,15.472455390492405 
 12/02  18:00:00,17.12255567361407,14.753877510527822 
 12/02  19:00:00,16.59663807979059,14.383902757316954 
 12/02  20:00:00,16.289582941678739,14.216219501971282 
 12/02  21:00:00,16.067904999487767,14.116823661918822 
 12/02  22:00:00,15.833556766127,13.962591776921455 
 12/02  23:00:00,15.67844210750067,13.834987270965778 
 12/02  24:00:00,15.666364528126323,13.808849119720462 
 12/03  01:00:00,15.566189665823128,13.6913001457292 
 12/03  02:00:00,15.45942422318511,13.56183418279522 
 12/03  03:00:00,15.490091828381681,13.53963293034802 
 12/03  04:00:00,15.391046079281793,13.396135826128221 
 12/03  05:00:00,15.244498770507969,13.214128840140639 
 12/03  06:00:00,14.83001582569235,12.895162592493197 
 12/03  07:00:00,14.924335744889696,12.895551767130513 
 12/03  08:00:00,15.076811789656017,12.907105854318388 
 12/03  09:00:00,15.24660910315252,12.971415066009726 
 12/03  10:00:00,15.638018810373092,13.339688502634079 
 12/03  11:00:00,16.130598066069497,13.779226105655884 
 12/03  12:00:00,16.06763977398694,13.838759151922389 
 12/03  13:00:00,16.241829512276206,13.989128456411559 
 12/03  14:00:00,16.45587264439978,14.178185572546333 
 12/03  15:00:00,16.29114113956909,14.161858730447483 
 12/03  16:00:00,16.242081777178666,14.132326996409534 
 12/03  17:00:00,16.17991695044681,14.059008527011056 
 12/03  18:00:00,16.02451665597711,13.988723502641088 
 12/03  19:00:00,15.933802840284736,13.934767841280266 
 12/03  20:00:00,15.891006361573942,13.907575590703612 
 12/03  21:00:00,15.770682391349848,13.877354483453397 
 12/03  22:00:00,15.721583447562717,13.834455720231754 
 12/03  23:00:00,15.663624216468845,13.773361411246557 
 12/03  24:00:00,15.486272686087265,13.68574563097136 
 12/04  01:00:00,15.428692309753178,13.616866418083245 
 12/04  02:00:00,15.383827265117015,13.541810835647816 
 12/04  03:00:00,15.15915807656322,13.394567965297192 
 12/04  04:00:00,15.088098695439758,13.298796407474383 
 12/04  05:00:00,15.04593117012497,13.203979216048165 
 12/04  06:00:00,14.746250321723787,12.98052376836378 
 12/04  07:00:00,14.711552261506889,12.893059280002286 
 12/04  08:00:00,14.748878167801756,12.843460782523492 
 12/04  09:00:00,14.571550318912099,12.722411698389135 
 12/04  10:00:00,14.965229170346982,13.02688842883315 
 12/04  11:00:00,15.4699165363293,13.47326191313051 
 12/04  12:00:00,15.30156227041162,13.403608653131139 
 12/04  13:00:00,16.373717023836993,14.451762377099549 
 12/04  14:00:00,17.416075254055316,15.617879585365474 
 12/04  15:00:00,17.556660800207739,15.910714129397789 
 12/04  16:00:00,18.098522041115076,16.41907410758056 
 12/04  17:00:00,17.177611336075328,15.488541353883435 
 12/04  18:00:00,15.329697716219562,13.738831205795885 
 12/04  19:00:00,15.29042980521253,13.600890192058456 
 12/04  20:00:00,14.745942517579137,13.006943748733495 
 12/04  21:00:00,13.512824478670034,11.804118977610799 
 12/04  22:00:00,13.622046800187082,11.771916264126953 
 12/04  23:00:00,13.72382262237327,11.740864177159958 
 12/04  24:00:00,12.579943686927275,10.606867549778116 
 12/05  01:00:00,12.77009703056778,10.576572035172353 
 12/05  02:00:00,12.85812551104097,10.49387846292724 
 12/05  03:00:00,11.631019622774602,9.299762113815259 
 12/05  04:00:00,11.893071897766726,9.289170062791693 
 12/05  05:00:00,12.101814469855498,9.293781555344325 
 12/05  06:00:00,10.934831764147497,8.179208729100053 
 12/05  07:00:00,11.564878038981716,8.512975402808735 
 12/05  08:00:00,11.73370526749708,8.378744495514074 
 12/05  09:00:00,11.857828477499828,8.299909609085088 
 12/05  10:00:00,13.790388721212118,10.095653795382122 
 12/05  11:00:00,15.391667914131237,11.594497762349974 
 12/05  12:00:00,16.058199537922936,12.215851764716258 
 12/05  13:00:00,16.802447058457586,12.935429059556555 
 12/05  14:00:00,16.977073183162465,13.227129427684123 
 12/05  15:00:00,16.50659830798096,12.787189866013645 
 12/05  16:00:00,16.734681765260626,13.193547664265008 
 12/05  17:00:00,16.19675199305099,12.801593433814795 
 12/05  18:00:00,15.143389342002284,11.864991595344378 
 12/05  19:00:00,14.442319486785366,11.280544881581092 
 12/05  20:00:00,14.08076078395804,10.984465433142639 
 12/05  21:00:00,13.877737416250346,10.815391168396666 
 12/05  22:00:00,13.55617469970872,10.49009918404985 
 12/05  23:00:00,13.335270413380906,10.237601909402093 
 12/05  24:00:00,13.354307289778192,10.187782791749724 
 12/06  01:00:00,13.143614456592019,9.90907041584972 
 12/06  02:00:00,12.94260533392032,9.643685027639613 
 12/06  03:00:00,12.91852700925842,9.523547642022067 
 12/06  04:00:00,12.716867019838432,9.226625416197278 
 12/06  05:00:00,12.53463124772375,8.956746239284941 
 12/06  06:00:00,12.481093152752985,8.805141440044619 
 12/06  07:00:00,12.338896273223906,8.580605199065298 
 12/06  08:00:00,12.17383987063452,8.350111604701587 
 12/06  09:00:00,12.28971670294613,8.391367719283949 
 12/06  10:00:00,14.085549401057563,10.132752051562694 
 12/06  11:00:00,15.682334816989965,11.735418474941377 
 12/06  12:00:00,15.972464193838752,11.930337278194625 
 12/06  13:00:00,16.681876801638198,12.833981525135869 
 12/06  14:00:00,17.272968648919439,13.591867219009672 
 12/06  15:00:00,17.391865695060426,13.777384812522606 
 12/06  16:00:00,17.613569149075425,14.180828601591469 
 12/06  17:00:00,16.65868765399152,13.390438175506734 
 12/06  18:00:00,15.581453371883294,12.46356348042748 
 12/06  19:00:00,14.786314312228502,11.838430976456499 
 12/06  20:00:00,14.364627015866042,11.518641807160327 
 12/06  21:00:00,13.888655071097503,11.113138893201067 
 12/06  22:00:00,13.5338127123713,10.764315621039618 
 12/06  23:00:00,13.169785792467536,10.370488062263167 
 12/06  24:00:00,12.872871113039829,10.02761792774684 
 12/07  01:00:00,12.456728578315925,9.549690656835324 
 12/07  02:00:00,12.02487380801255,9.028611865135904 
 12/07  03:00:00,11.597818498695535,8.503085271674534 
 12/07  04:00:00,11.225102107304151,8.01596085385059 
 12/07  05:00:00,10.876962905104933,7.544467622554743 
 12/07  06:00:00,10.537550895234493,7.06924325409071 
 12/07  07:00:00,10.2904811912355,6.684775328803628 
 12/07  08:00:00,10.102273190512449,6.3472242396467959 
 12/07  09:00:00,11.103016852007937,7.238988241761672 
 12/07  10:00:00,12.78632179246646,8.800749168024379 
 12/07  11:00:00,13.671330056598342,9.626074512410974 
 12/07  12:00:00,14.116454745328304,10.010518251723127 
 12/07  13:00:00,14.798790283528941,10.59347014376853 
 12/07  14:00:00,15.062544241507592,10.87768386813299 
 12/07  15:00:00,15.808609434333686,11.602795949703659 
 12/07  16:00:00,15.944592079502526,11.738945353274464 
 12/07  17:00:00,14.570644398216049,10.463834843602383 
 12/07  18:00:00,13.15969385581461,9.104951800264408 
 12/07  19:00:00,12.468277168260935,8.416760470366088 
 12/07  20:00:00,12.029879588517499,7.960930631335933 
 12/07  21:00:00,11.517208615039877,7.400816639168392 
 12/07  22:00:00,11.265616861830898,7.074217480670085 
 12/07  23:00:00,10.990295565982285,6.70075364651921 
 12/07  24:00:00,10.711173542510691,6.306423191154836 
 12/08  01:00:00,10.47102516408254,5.947797549375621 
 12/08  02:00:00,10.19400477824199,5.54297072323414 
 12/08  03:00:00,9.885847941452873,5.111723938375704 
 12/08  04:00:00,9.668729574943776,4.758537735066097 
 12/08  05:00:00,9.434753260289057,4.3797271135706989 
 12/08  06:00:00,9.167023583233228,3.9746222527653778 
 12/08  07:00:00,8.995016885915634,3.6488164555929369 
 12/08  08:00:00,8.833335625563916,3.3321271823872378 
 12/08  09:00:00,9.924530644755489,4.316038143162665 
 12/08  10:00:00,11.757591910300889,5.948382049946407 
 12/08  11:00:00,12.761958113140075,6.959653034291714 
 12/08  12:00:00,13.332248994692419,7.4934044450851629 
 12/08  13:00:00,14.003325623297054,8.133532909780798 
 12/08  14:00:00,14.2235306279386,8.472172781139431 
 12/08  15:00:00,13.934337843021018,8.223190148451666 
 12/08  16:00:00,14.073829177200678,8.488024803068149 
 12/08  17:00:00,13.241988552151913,7.804924830165454 
 12/08  18:00:00,12.00708281298924,6.690190490753137 
 12/08  19:00:00,11.320824045490103,6.107115821017582 
 12/08  20:00:00,10.905156446992909,5.745654449854319 
 12/08  21:00:00,10.376287092774874,5.259673853626828 
 12/08  22:00:00,10.076231777240825,4.929421013572309 
 12/08  23:00:00,9.769294586356067,4.569526947386365 
 12/08  24:00:00,9.45270636305869,4.1831915906399479 
 12/09  01:00:00,9.197294544231753,3.8322709294084698 
 12/09  02:00:00,8.975140220136858,3.50433010604087 
 12/09  03:00:00,8.753307857168938,3.165189895283832 
 12/09  04:00:00,8.523164826088394,2.816633821745799 
 12/09  05:00:00,8.27786612750582,2.4535862184501378 
 12/09  06:00:00,8.045015610773458,2.096240564351364 
 12/09  07:00:00,7.900717973052196,1.8090300596328859 
 12/09  08:00:00,7.786845757432669,1.5386359313116019 
 12/09  09:00:00,8.872365695274567,2.5271056978989425 
 12/09  10:00:00,10.814568376833528,4.223478608254541 
 12/09  11:00:00,11.861883249860967,5.390410061534903 
 12/09  12:00:00,12.55485672594229,6.043631877443176 
 12/09  13:00:00,13.312029043446558,6.8274861279016509 
 12/09  14:00:00,13.590677384616685,7.2353165853506049 
 12/09  15:00:00,13.401743946122564,7.08364182837325 
 12/09  16:00:00,13.702647707982603,7.498806116796121 
 12/09  17:00:00,12.91972459057757,6.888191650276175 
 12/09  18:00:00,11.882679021124675,5.940607167300383 
 12/09  19:00:00,11.192945746253703,5.392519759475816 
 12/09  20:00:00,10.813021420729744,5.103508584124274 
 12/09  21:00:00,10.387308131802236,4.768698533780882 
 12/09  22:00:00,10.088604683917583,4.496764330590144 
 12/09  23:00:00,9.858609507717507,4.245543988647511 
 12/09  24:00:00,9.629702530446636,3.9753265685832517 
 12/10  01:00:00,9.423976302339336,3.709789866716462 
 12/10  02:00:00,9.213060372476578,3.4262381587611898 
 12/10  03:00:00,9.024987920863307,3.151568316217852 
 12/10  04:00:00,8.855951458983484,2.887925675866771 
 12/10  05:00:00,8.716098189539356,2.642115274150699 
 12/10  06:00:00,8.6415668187933,2.4519194459891615 
 12/10  07:00:00,8.507277781386298,2.1997714406445825 
 12/10  08:00:00,8.413493885598486,1.9854392438687867 
 12/10  09:00:00,8.979822450475812,2.4567475498867017 
 12/10  10:00:00,10.795650239579464,4.172893242998499 
 12/10  11:00:00,12.387444466585525,5.937154155636065 
 12/10  12:00:00,13.123351251649162,6.7159829602642528 
 12/10  13:00:00,14.01194688451344,7.710278211070071 
 12/10  14:00:00,14.445237895246919,8.311942383633472 
 12/10  15:00:00,15.28311634144901,9.335120561161574 
 12/10  16:00:00,15.389017086092,9.625129208953693 
 12/10  17:00:00,14.259639552550418,8.695085880767028 
 12/10  18:00:00,13.097855712872225,7.7126693412834099 
 12/10  19:00:00,12.440505552965759,7.22573029664351 
 12/10  20:00:00,12.030522811419626,6.9337394711758419 
 12/10  21:00:00,11.511557153020778,6.550317737588505 
 12/10  22:00:00,11.221086670387903,6.336786371387899 
 12/10  23:00:00,11.015560508743457,6.156640024471483 
 12/10  24:00:00,10.932776114343508,6.055095902278231 
 12/11  01:00:00,10.725363247633329,5.816191866295787 
 12/11  02:00:00,10.54722101918575,5.585288695602603 
 12/11  03:00:00,10.55145340648296,5.509601688549583 
 12/11  04:00:00,10.39719814475117,5.275772746833504 
 12/11  05:00:00,10.242016038795918,5.042943122616644 
 12/11  06:00:00,10.281958616473805,4.978044749177004 
 12/11  07:00:00,10.151419443210152,4.763567661593085 
 12/11  08:00:00,10.035373101604181,4.567600884797694 
 12/11  09:00:00,10.231755595526498,4.658473766527877 
 12/11  10:00:00,11.933908209931975,6.358582441874216 
 12/11  11:00:00,13.36431498478262,8.0129463366654 
 12/11  12:00:00,12.602755622569824,7.091761754781601 
 12/11  13:00:00,13.851135651883597,8.601450121856882 
 12/11  14:00:00,14.65588565488941,9.538841301100609 
 12/11  15:00:00,13.704510763873622,8.521587402666647 
 12/11  16:00:00,14.36355011456288,9.34050772453972 
 12/11  17:00:00,14.130193574450998,9.307708212187654 
 12/11  18:00:00,13.012893047109838,8.261865689897004 
 12/11  19:00:00,12.550608060293122,7.92602434693587 
 12/11  20:00:00,12.23749733483178,7.71609920431888 
 12/11  21:00:00,12.022002410394285,7.584210171549988 
 12/11  22:00:00,11.709242247424954,7.315537564543276 
 12/11  23:00:00,11.41101820752273,7.047566852140324 
 12/11  24:00:00,11.156400003997499,6.793753679997637 
 12/12  01:00:00,10.953585520147746,6.563860598336785 
 12/12  02:00:00,10.755386577719426,6.324987489872551 
 12/12  03:00:00,10.500041100830427,6.027077503523281 
 12/12  04:00:00,10.326936633460218,5.7831146326411 
 12/12  05:00:00,10.174589145875065,5.5421422601489909 
 12/12  06:00:00,9.965710998865675,5.259597937050654 
 12/12  07:00:00,9.824675131248073,5.023346397406001 
 12/12  08:00:00,9.681363225804919,4.777331955603803 
 12/12  09:00:00,10.590445094564075,5.638153289348346 
 12/12  10:00:00,12.416216536812,7.371883215484129 
 12/12  11:00:00,13.588472209018331,8.678672640897659 
 12/12  12:00:00,14.341770760195619,9.43074098750011 
 12/12  13:00:00,15.081683504818571,10.240987674180321 
 12/12  14:00:00,15.342691261522305,10.627215617981062 
 12/12  15:00:00,16.030194274194295,11.447857595226776 
 12/12  16:00:00,16.169033061566606,11.681186591150766 
 12/12  17:00:00,14.964742382314757,10.626343951034054 
 12/12  18:00:00,13.660945289244042,9.428351265832414 
 12/12  19:00:00,12.97092596482245,8.882587605943869 
 12/12  20:00:00,12.546102782868755,8.540452590294603 
 12/12  21:00:00,12.049771061768335,8.100802721622572 
 12/12  22:00:00,11.751598771389985,7.801557850592061 
 12/12  23:00:00,11.532364739278409,7.538168347721215 
 12/12  24:00:00,11.308243909983663,7.2500555620985589 
 12/13  01:00:00,11.151410568122437,7.014976379226754 
 12/13  02:00:00,11.02305990611369,6.798872832826193 
 12/13  03:00:00,11.06870380746353,6.73081766638033 
 12/13  04:00:00,10.925250787623638,6.472300806191791 
 12/13  05:00:00,10.817850911019312,6.245001126499394 
 12/13  06:00:00,10.879248400962713,6.167368956612628 
 12/13  07:00:00,10.793325386675873,5.95933777189281 
 12/13  08:00:00,10.691005843935793,5.748941705373015 
 12/13  09:00:00,10.808293802859203,5.748073907081391 
 12/13  10:00:00,12.139973835661852,6.986682786748099 
 12/13  11:00:00,12.913053530700218,7.825500105252154 
 12/13  12:00:00,12.971822349558082,7.865114254465952 
 12/13  13:00:00,13.872986416993739,8.901288228176846 
 12/13  14:00:00,14.683653247850636,9.886095003271159 
 12/13  15:00:00,15.467532118158897,10.82117756796643 
 12/13  16:00:00,15.57675573986953,11.011306869440207 
 12/13  17:00:00,14.387840446736562,9.954035026635282 
 12/13  18:00:00,13.043154262392115,8.727724868308157 
 12/13  19:00:00,12.367074135359257,8.159437021524756 
 12/13  20:00:00,11.960575455227973,7.801283634878203 
 12/13  21:00:00,11.446716512632193,7.309333204814751 
 12/13  22:00:00,11.205569386313816,7.046889261480958 
 12/13  23:00:00,10.955413699662119,6.75287520757012 
 12/13  24:00:00,10.67805510439861,6.4144681171799509 
 12/14  01:00:00,10.466553579969647,6.1204037817989029 
 12/14  02:00:00,10.271254269891694,5.8228109968550909 
 12/14  03:00:00,10.070872551884684,5.530080388703123 
 12/14  04:00:00,9.89806791600761,5.24069178308966 
 12/14  05:00:00,9.720311899770156,4.950395458306923 
 12/14  06:00:00,9.467365821470107,4.570028924569066 
 12/14  07:00:00,9.344499765561709,4.318624747561597 
 12/14  08:00:00,9.232394083092802,4.083300885676187 
 12/14  09:00:00,10.111281271790077,4.888171188686336 
 12/14  10:00:00,11.959892140710302,6.537510109256586 
 12/14  11:00:00,13.047951443902433,7.726123595109863 
 12/14  12:00:00,13.747577999256244,8.400566487400493 
 12/14  13:00:00,14.553174335734515,9.213316052740604 
 12/14  14:00:00,14.871179619484245,9.648104765670834 
 12/14  15:00:00,15.64513158506351,10.527054772052763 
 12/14  16:00:00,15.799181683555786,10.752422901916609 
 12/14  17:00:00,14.571706019437262,9.68603319745132 
 12/14  18:00:00,13.222986639447626,8.464179045585967 
 12/14  19:00:00,12.515972585206848,7.897824119892618 
 12/14  20:00:00,12.088135340011402,7.55545119881079 
 12/14  21:00:00,11.589663883811856,7.127626011165315 
 12/14  22:00:00,11.29881845267615,6.845636439705597 
 12/14  23:00:00,11.055966366688438,6.5726221765369019 
 12/14  24:00:00,10.80925387346338,6.276654552563026 
 12/15  01:00:00,10.58584907038579,5.983239555146744 
 12/15  02:00:00,10.396805121932584,5.7146290208927159 
 12/15  03:00:00,10.115867826942332,5.335109716055039 
 12/15  04:00:00,9.95737279597629,5.0661502597098739 
 12/15  05:00:00,9.792257216590994,4.786899614289408 
 12/15  06:00:00,9.587333287919709,4.482220317709896 
 12/15  07:00:00,9.47012864655531,4.238191820656189 
 12/15  08:00:00,9.36922903379036,4.001094069137685 
 12/15  09:00:00,10.195900076450524,4.756269566481333 
 12/15  10:00:00,12.025890675398112,6.367814167817333 
 12/15  11:00:00,13.27855807151301,7.776695072624738 
 12/15  12:00:00,14.178898312961245,8.646105211825017 
 12/15  13:00:00,14.904639246404069,9.43103216554555 
 12/15  14:00:00,15.432963130625853,10.101662075697757 
 12/15  15:00:00,15.26521050771087,9.93022214490727 
 12/15  16:00:00,15.374832853876836,10.211468736808565 
 12/15  17:00:00,14.715504853529364,9.790391234405935 
 12/15  18:00:00,13.63844779503547,8.859979905342838 
 12/15  19:00:00,12.950873000884597,8.353437207537198 
 12/15  20:00:00,12.504339584365646,8.044791011008658 
 12/15  21:00:00,12.030741657156196,7.702196883665778 
 12/15  22:00:00,11.753592689426459,7.465596304810453 
 12/15  23:00:00,11.58379510037981,7.277598235813895 
 12/15  24:00:00,11.48334065553623,7.139554953136866 
 12/16  01:00:00,11.267563870848097,6.880280864216012 
 12/16  02:00:00,11.103454786227803,6.651353870233595 
 12/16  03:00:00,11.036871451581572,6.504486475460229 
 12/16  04:00:00,10.902841386353926,6.286280128854495 
 12/16  05:00:00,10.760298209245735,6.058571562498598 
 12/16  06:00:00,10.81211259053509,5.99948967700077 
 12/16  07:00:00,10.699618281815872,5.7903730527739569 
 12/16  08:00:00,10.618479945743529,5.613703613124634 
 12/16  09:00:00,10.774116814118882,5.655110994753536 
 12/16  10:00:00,12.339529420345617,7.210712461001386 
 12/16  11:00:00,13.428251395444317,8.374109516345689 
 12/16  12:00:00,13.299182418640159,8.205514061859186 
 12/16  13:00:00,13.977993580205542,9.020069617749915 
 12/16  14:00:00,14.654137927244595,9.840354795411966 
 12/16  15:00:00,14.47362823092483,9.693901460921556 
 12/16  16:00:00,14.952053329778924,10.32676805084869 
 12/16  17:00:00,14.446294043229706,10.013379084078306 
 12/16  18:00:00,13.438834895333577,9.078158295258968 
 12/16  19:00:00,12.895655835923,8.640595245280143 
 12/16  20:00:00,12.60070131834038,8.430484198049826 
 12/16  21:00:00,12.375354331878873,8.275763564131762 
 12/16  22:00:00,12.126003581876052,8.066450616004497 
 12/16  23:00:00,11.989744352019759,7.923483298394237 
 12/16  24:00:00,12.029124936853492,7.91103163572506 
 12/17  01:00:00,11.893966385353695,7.732548459651077 
 12/17  02:00:00,11.756850296509392,7.551034632367864 
 12/17  03:00:00,11.685657147355466,7.429251782052673 
 12/17  04:00:00,11.587293861715996,7.276623393004515 
 12/17  05:00:00,11.465434444021487,7.100572703350008 
 12/17  06:00:00,11.241137004348563,6.834651245973731 
 12/17  07:00:00,11.148032136665922,6.684644854949748 
 12/17  08:00:00,11.013623145591037,6.495046723335821 
 12/17  09:00:00,11.582595837740695,7.0584179785742349 
 12/17  10:00:00,13.105567472582962,8.542082334522643 
 12/17  11:00:00,14.21650963395637,9.844173396147428 
 12/17  12:00:00,14.951435410726342,10.64097945553984 
 12/17  13:00:00,15.721441211806365,11.4899908658311 
 12/17  14:00:00,16.2315276603287,12.151211980467615 
 12/17  15:00:00,16.974752365326503,13.037619476264025 
 12/17  16:00:00,17.087087230801637,13.232995606419129 
 12/17  17:00:00,16.01494118407944,12.27298609389577 
 12/17  18:00:00,14.84874822906837,11.180604200236694 
 12/17  19:00:00,14.149389271221809,10.616380685295527 
 12/17  20:00:00,13.749141234221434,10.309606726675629 
 12/17  21:00:00,13.188861030105784,9.829634802183542 
 12/17  22:00:00,12.89229636189248,9.539507355887216 
 12/17  23:00:00,12.6692590350198,9.2892426634736 
 12/17  24:00:00,12.393012179827455,8.97636088227503 
 12/18  01:00:00,12.201347622693844,8.730065524783504 
 12/18  02:00:00,12.024585714575414,8.476090956040436 
 12/18  03:00:00,11.808665551404939,8.185104730444671 
 12/18  04:00:00,11.674197173343272,7.953021890702523 
 12/18  05:00:00,11.539797831123347,7.706624934555534 
 12/18  06:00:00,11.341253616613035,7.4210601494190169 
 12/18  07:00:00,11.271046820085106,7.228024095229362 
 12/18  08:00:00,11.185369294206114,7.007865498486154 
 12/18  09:00:00,11.982455835869143,7.726111291518299 
 12/18  10:00:00,13.677394643184819,9.296892244688781 
 12/18  11:00:00,15.20886010660809,10.872491630402357 
 12/18  12:00:00,15.799428979165084,11.471671837717907 
 12/18  13:00:00,16.665298840629189,12.439143120899532 
 12/18  14:00:00,17.105555101580504,13.023097925556217 
 12/18  15:00:00,16.82348087767274,12.74979502389626 
 12/18  16:00:00,16.94659503927278,13.03428661323833 
 12/18  17:00:00,16.431399641435527,12.699796225363937 
 12/18  18:00:00,15.326834890302008,11.726301162402493 
 12/18  19:00:00,14.798287179551485,11.36643837511656 
 12/18  20:00:00,14.503844398132904,11.175170306928863 
 12/18  21:00:00,14.256162742529288,11.019161620971792 
 12/18  22:00:00,13.979835495817762,10.804091208997697 
 12/18  23:00:00,13.784943374766263,10.623445821432043 
 12/18  24:00:00,13.585430451782884,10.416710132098306 
 12/19  01:00:00,13.431396165542634,10.2320846169547 
 12/19  02:00:00,13.231281107637063,9.99300515481514 
 12/19  03:00:00,13.005898891179264,9.729344786676084 
 12/19  04:00:00,12.864294068943304,9.525620169610673 
 12/19  05:00:00,12.727599288647657,9.31228430601907 
 12/19  06:00:00,12.499568386095211,9.014918757577212 
 12/19  07:00:00,12.472080281647795,8.910632294458259 
 12/19  08:00:00,12.484786705942945,8.839825244797299 
 12/19  09:00:00,12.703506081493629,8.981057781004655 
 12/19  10:00:00,14.404776414346195,10.689715953425843 
 12/19  11:00:00,16.03022093191323,12.370726182232428 
 12/19  12:00:00,16.632846932359457,13.03685251526056 
 12/19  13:00:00,17.52072974195286,14.007559251090452 
 12/19  14:00:00,17.974054175360626,14.617917670676406 
 12/19  15:00:00,18.732169061240734,15.519546431015826 
 12/19  16:00:00,18.779679018451973,15.71835584298865 
 12/19  17:00:00,17.672125354798295,14.745212724211985 
 12/19  18:00:00,16.395354831542858,13.604661408199569 
 12/19  19:00:00,15.585731016858267,12.967717724548807 
 12/19  20:00:00,15.137915688896431,12.605920360108334 
 12/19  21:00:00,14.583280818490282,12.113670100456354 
 12/19  22:00:00,14.309493299401556,11.852176601623814 
 12/19  23:00:00,14.057139094797554,11.593672571267132 
 12/19  24:00:00,13.832155782163696,11.339204835746657 
 12/20  01:00:00,13.583554818025985,11.043179338758428 
 12/20  02:00:00,13.358283083909879,10.758420274249139 
 12/20  03:00:00,13.225688010148142,10.543301227896425 
 12/20  04:00:00,13.02648031684701,10.262844527473668 
 12/20  05:00:00,12.837220012558723,9.967428400037607 
 12/20  06:00:00,12.704632609595212,9.712789747314093 
 12/20  07:00:00,12.560655744931318,9.454158513638534 
 12/20  08:00:00,12.438662394190028,9.214337624646188 
 12/20  09:00:00,12.536230241553302,9.191546161718352 
 12/20  10:00:00,14.372659856179343,10.947849862587163 
 12/20  11:00:00,16.053994475786319,12.619127582108847 
 12/20  12:00:00,17.05375059945773,13.599343031933705 
 12/20  13:00:00,18.01842336007303,14.582898692797203 
 12/20  14:00:00,18.38337783721004,15.088272800548975 
 12/20  15:00:00,19.167521846475315,16.017622747787926 
 12/20  16:00:00,19.24698500249703,16.259666996253693 
 12/20  17:00:00,18.122277041958176,15.287367195427608 
 12/20  18:00:00,16.721509435690075,14.081176281120424 
 12/20  19:00:00,15.973739775802102,13.500866566718028 
 12/20  20:00:00,15.519492978201335,13.162418554964632 
 12/20  21:00:00,14.917338013429115,12.62761176581619 
 12/20  22:00:00,14.64888817618838,12.367736660510566 
 12/20  23:00:00,14.378733879644033,12.091968372872295 
 12/20  24:00:00,14.067978364355822,11.756736729571422 
 12/21  01:00:00,13.844522199260569,11.472744809504752 
 12/21  02:00:00,13.635670589826468,11.20382538150789 
 12/21  03:00:00,13.522260420206495,11.003018589543212 
 12/21  04:00:00,13.33111540544862,10.712338367287929 
 12/21  05:00:00,13.17994882468861,10.451769661367767 
 12/21  06:00:00,13.133560438789459,10.286612890484019 
 12/21  07:00:00,12.993250231701574,10.02909612243335 
 12/21  08:00:00,12.861264353177513,9.785767725199817 
 12/21  09:00:00,13.121999497526565,9.93234648397259 
 12/21  10:00:00,14.876431490915092,11.610911882946486 
 12/21  11:00:00,16.46614380060907,13.178175498233705 
 12/21  12:00:00,16.61686215119228,13.185919705447855 
 12/21  13:00:00,17.82563880136648,14.523036511280912 
 12/21  14:00:00,18.300457798883597,15.101388177389419 
 12/21  15:00:00,17.47800104957235,14.234159386883402 
 12/21  16:00:00,18.000848087781927,15.01109657162555 
 12/21  17:00:00,17.80085000410041,14.982985932225532 
 12/21  18:00:00,16.71679653473745,14.005153708104434 
 12/21  19:00:00,16.072467944392778,13.552162427563621 
 12/21  20:00:00,15.707642645233858,13.294430826367858 
 12/21  21:00:00,15.486504489113342,13.15665425692641 
 12/21  22:00:00,15.210437751619058,12.915060974207507 
 12/21  23:00:00,14.973272057403762,12.692858658043312 
 12/21  24:00:00,14.920979945882442,12.619399692065504 
 12/22  01:00:00,14.736266118752184,12.39965656920615 
 12/22  02:00:00,14.538661820313365,12.152484649019938 
 12/22  03:00:00,14.541838527720996,12.080272905181412 
 12/22  04:00:00,14.336759296508344,11.817808262711651 
 12/22  05:00:00,14.107934285070364,11.543766598551502 
 12/22  06:00:00,13.894036710732224,11.264562342902226 
 12/22  07:00:00,13.719159399903859,11.006087192309149 
 12/22  08:00:00,13.571524183380959,10.77530270699213 
 12/22  09:00:00,14.17828463390801,11.34060496622794 
 12/22  10:00:00,15.804295907372455,12.93640618807102 
 12/22  11:00:00,17.502096370344576,14.59953010957122 
 12/22  12:00:00,18.23575056021736,15.391010435734863 
 12/22  13:00:00,19.01852146730818,16.21660775126469 
 12/22  14:00:00,19.549858320340126,16.89731137553042 
 12/22  15:00:00,20.242808384105488,17.754384314070437 
 12/22  16:00:00,20.204512299577947,17.874288778937708 
 12/22  17:00:00,19.088498232502866,16.90542129608834 
 12/22  18:00:00,17.70988618907348,15.725471259876223 
 12/22  19:00:00,16.914487017094257,15.087891676601587 
 12/22  20:00:00,16.488228606353898,14.743400727134848 
 12/22  21:00:00,16.06494994486667,14.38467267705524 
 12/22  22:00:00,15.776655501456063,14.115654237870308 
 12/22  23:00:00,15.506827277302366,13.835743304411692 
 12/22  24:00:00,15.285471377294816,13.587332959992473 
 12/23  01:00:00,15.073508991760829,13.331940863657179 
 12/23  02:00:00,14.890884659769144,13.095886484192729 
 12/23  03:00:00,14.838952893031412,12.969308430137314 
 12/23  04:00:00,14.594018018693547,12.650832726136933 
 12/23  05:00:00,14.380491417407083,12.332913655064285 
 12/23  06:00:00,14.330481604015495,12.182456305629693 
 12/23  07:00:00,14.060599738440912,11.838593280842997 
 12/23  08:00:00,13.799447417297174,11.48335325873879 
 12/23  09:00:00,14.351311229591337,11.978886566140437 
 12/23  10:00:00,15.914835091108161,13.460183724109808 
 12/23  11:00:00,17.14384035794973,14.715896762212689 
 12/23  12:00:00,17.94707968964618,15.4572625945981 
 12/23  13:00:00,18.618856722948185,16.10748340801444 
 12/23  14:00:00,18.895317960820756,16.47956019303323 
 12/23  15:00:00,19.56703230658473,17.252894331178667 
 12/23  16:00:00,19.686513718613275,17.43943267594269 
 12/23  17:00:00,18.42052861502375,16.331995710639718 
 12/23  18:00:00,16.955266144000399,14.987106244746445 
 12/23  19:00:00,16.06675025238746,14.155336668368726 
 12/23  20:00:00,15.418180051314169,13.510445305336083 
 12/23  21:00:00,14.777841044264724,12.831824006483969 
 12/23  22:00:00,14.465034235896095,12.473063981526053 
 12/23  23:00:00,14.048460327245483,11.96283862134501 
 12/23  24:00:00,13.76632642638117,11.582253728608397 
 12/24  01:00:00,13.475740365066209,11.183323250986977 
 12/24  02:00:00,13.231454312483394,10.825526761739333 
 12/24  03:00:00,12.953354132197708,10.405404782018366 
 12/24  04:00:00,12.731701024534955,10.030825652689697 
 12/24  05:00:00,12.514596997904924,9.658824403857718 
 12/24  06:00:00,12.268277246072284,9.252587221088266 
 12/24  07:00:00,12.103522208633878,8.919205321330598 
 12/24  08:00:00,11.948484522514736,8.595936941844905 
 12/24  09:00:00,12.568073618593898,9.084409752524867 
 12/24  10:00:00,14.257385867436117,10.621837110711944 
 12/24  11:00:00,15.433390955203889,11.770976985488412 
 12/24  12:00:00,16.181795979854916,12.44046485384525 
 12/24  13:00:00,17.074091189133584,13.192931793317208 
 12/24  14:00:00,17.369769487769696,13.595577613358398 
 12/24  15:00:00,18.167416544107014,14.459482810689093 
 12/24  16:00:00,18.359263421540818,14.704593066767546 
 12/24  17:00:00,17.070696289126127,13.615913971988416 
 12/24  18:00:00,15.555675719320842,12.288376715008602 
 12/24  19:00:00,14.747219264058654,11.592498436629829 
 12/24  20:00:00,14.287155301448154,11.18834980084602 
 12/24  21:00:00,13.730978517369789,10.67153782486388 
 12/24  22:00:00,13.443786838357731,10.357444945690006 
 12/24  23:00:00,13.146670370851372,10.005684893098149 
 12/24  24:00:00,12.866238582480275,9.653809693714348 
 12/25  01:00:00,12.664582001960185,9.356399700489158 
 12/25  02:00:00,12.487116612022368,9.066657096612764 
 12/25  03:00:00,12.420647829672646,8.868130835738175 
 12/25  04:00:00,12.181976108830764,8.525588408516537 
 12/25  05:00:00,11.987401459740516,8.193972475638688 
 12/25  06:00:00,11.81456818089621,7.898291575297757 
 12/25  07:00:00,11.687347712441366,7.635790177598117 
 12/25  08:00:00,11.552703529523209,7.366268334221341 
 12/25  09:00:00,11.63871925055541,7.316943442674075 
 12/25  10:00:00,13.425487320188595,8.978062208993454 
 12/25  11:00:00,15.026725051292896,10.543217031666787 
 12/25  12:00:00,15.454463671970855,10.932444394317724 
 12/25  13:00:00,16.392084159053874,11.912750740296147 
 12/25  14:00:00,16.892321934017173,12.52267566266988 
 12/25  15:00:00,16.391652640211534,12.010454663474534 
 12/25  16:00:00,16.76785539599943,12.570429255527243 
 12/25  17:00:00,16.291803364962946,12.29568498010526 
 12/25  18:00:00,15.143528786746126,11.300443435140819 
 12/25  19:00:00,14.563142531068529,10.896528864229249 
 12/25  20:00:00,14.222030874018327,10.663970819503354 
 12/25  21:00:00,13.944823788274132,10.479534148020504 
 12/25  22:00:00,13.6717034415771,10.258890605579876 
 12/25  23:00:00,13.504809119656598,10.09248802800678 
 12/25  24:00:00,13.487559900704495,10.040854847185385 
 12/26  01:00:00,13.27535878347884,9.806209604655665 
 12/26  02:00:00,13.033934277270845,9.543601885810109 
 12/26  03:00:00,12.950423007113552,9.416978027527226 
 12/26  04:00:00,12.698274045265798,9.12537677374228 
 12/26  05:00:00,12.42850519494053,8.819695688404753 
 12/26  06:00:00,12.19438816370103,8.530622101982912 
 12/26  07:00:00,11.967683300080818,8.249770478478883 
 12/26  08:00:00,11.696583238401484,7.915396060952958 
 12/26  09:00:00,12.206585351887977,8.387899431704854 
 12/26  10:00:00,13.7813675143309,9.876528197119029 
 12/26  11:00:00,14.915262197989032,11.08102948007913 
 12/26  12:00:00,15.602173675046825,11.774058925950598 
 12/26  13:00:00,16.30102225167449,12.490371033364609 
 12/26  14:00:00,16.51332212407383,12.805570046927029 
 12/26  15:00:00,17.173721464488084,13.564908014158404 
 12/26  16:00:00,17.354156923000198,13.807839836358314 
 12/26  17:00:00,16.25683285194701,12.851183097776819 
 12/26  18:00:00,14.705203514485845,11.432621214176708 
 12/26  19:00:00,13.804898566051012,10.605620008507449 
 12/26  20:00:00,13.21269014346328,10.033926247330463 
 12/26  21:00:00,12.857908325507243,9.666949895306733 
 12/26  22:00:00,12.251658994867484,9.014522743120193 
 12/26  23:00:00,11.873774902504199,8.562317551740512 
 12/26  24:00:00,11.537583117147318,8.138545830879903 
 12/27  01:00:00,11.174088537386263,7.665262770867056 
 12/27  02:00:00,10.854582561885885,7.22523814236223 
 12/27  03:00:00,10.576572514186932,6.787317158747882 
 12/27  04:00:00,10.284350682562583,6.336535002333711 
 12/27  05:00:00,10.002114657989388,5.894178142316667 
 12/27  06:00:00,9.733948289709753,5.455393414658246 
 12/27  07:00:00,9.465472380948722,5.021706497352913 
 12/27  08:00:00,9.193370351151057,4.585245458646236 
 12/27  09:00:00,9.738277684731323,4.995486823633861 
 12/27  10:00:00,11.366235731110342,6.504036964346174 
 12/27  11:00:00,12.481658542187546,7.508720911152395 
 12/27  12:00:00,13.009414311065651,7.983797886716507 
 12/27  13:00:00,13.750412423907055,8.590835941815748 
 12/27  14:00:00,13.986316024307506,8.860233114855415 
 12/27  15:00:00,14.668555443793716,9.536698580036968 
 12/27  16:00:00,14.88824366505336,9.769488299741222 
 12/27  17:00:00,13.694734596246697,8.699520231820852 
 12/27  18:00:00,12.16795659559191,7.229829276097096 
 12/27  19:00:00,11.336777106187924,6.440788744755269 
 12/27  20:00:00,10.785134873010911,5.894550639419422 
 12/27  21:00:00,10.410962850455082,5.48435935355469 
 12/27  22:00:00,9.940027723063985,4.945826236529719 
 12/27  23:00:00,9.641420036983325,4.5502899552549709 
 12/27  24:00:00,9.325237988584615,4.119441386342015 
 12/28  01:00:00,9.053321170522639,3.722284220852657 
 12/28  02:00:00,8.80930112457413,3.3429566797593965 
 12/28  03:00:00,8.580649833980047,2.9770794166832914 
 12/28  04:00:00,8.31768666647907,2.56522515148358 
 12/28  05:00:00,8.10075493020559,2.188356407889712 
 12/28  06:00:00,7.912997408515748,1.8319482967363897 
 12/28  07:00:00,8.390397188334785,2.0807683647226158 
 12/28  08:00:00,9.064794172186165,2.48685511324966 
 12/28  09:00:00,8.39281468601683,1.9364680325088859 
 12/28  10:00:00,10.110713533077029,3.53588347450893 
 12/28  11:00:00,11.336356008721987,4.665822721302204 
 12/28  12:00:00,11.894864136802616,5.252651975509181 
 12/28  13:00:00,12.603014429497204,5.949354336501019 
 12/28  14:00:00,12.8918901797942,6.33835669124877 
 12/28  15:00:00,13.56551965413455,7.117169033546076 
 12/28  16:00:00,13.713097858577785,7.342214043799482 
 12/28  17:00:00,12.771058779003028,6.546105105253122 
 12/28  18:00:00,11.275697164830339,5.201405746227861 
 12/28  19:00:00,10.552790544785664,4.594567757695728 
 12/28  20:00:00,10.164816368291522,4.270003141818465 
 12/28  21:00:00,9.712115964709675,3.8714753899793648 
 12/28  22:00:00,9.426216097417221,3.582032297251599 
 12/28  23:00:00,9.124049146341474,3.2577433032018 
 12/28  24:00:00,8.841066231343597,2.932995793060969 
 12/29  01:00:00,8.628950606611396,2.6548092299107668 
 12/29  02:00:00,8.440127661333478,2.3804404012860425 
 12/29  03:00:00,8.264698681600147,2.1182348782101627 
 12/29  04:00:00,8.080021100991012,1.8205755510105759 
 12/29  05:00:00,7.92779647791513,1.553269405376584 
 12/29  06:00:00,7.737987932440135,1.2197351443442282 
 12/29  07:00:00,8.13192410870473,1.4364231349086559 
 12/29  08:00:00,8.780172519767712,1.7890634168436464 
 12/29  09:00:00,8.656864294889945,1.6713902512664816 
 12/29  10:00:00,10.154037685839976,3.163786021974186 
 12/29  11:00:00,11.298799445376496,4.490978623166452 
 12/29  12:00:00,11.817099601378562,5.082815793884635 
 12/29  13:00:00,12.583454668664452,5.912470822346071 
 12/29  14:00:00,13.036456093710222,6.491557361322192 
 12/29  15:00:00,13.764123951615577,7.3503896537680168 
 12/29  16:00:00,13.989800993701382,7.639537928051907 
 12/29  17:00:00,12.96563540999191,6.794238573742803 
 12/29  18:00:00,11.525087998406417,5.463845251591547 
 12/29  19:00:00,10.751478221149569,4.841473268842499 
 12/29  20:00:00,10.307745690714072,4.498990288963995 
 12/29  21:00:00,9.758532699651632,4.047218187370563 
 12/29  22:00:00,9.471640085260397,3.757664099685231 
 12/29  23:00:00,9.167254055846673,3.4234634105067549 
 12/29  24:00:00,8.90594860284924,3.1000870494895667 
 12/30  01:00:00,8.692411342429083,2.813560466196287 
 12/30  02:00:00,8.4990710080886,2.5266766936315827 
 12/30  03:00:00,8.304966065359454,2.243952559685395 
 12/30  04:00:00,8.120672945980172,1.9543248112271086 
 12/30  05:00:00,7.948170132322705,1.6745860966087954 
 12/30  06:00:00,7.713694233478035,1.3228091746751019 
 12/30  07:00:00,8.129147688706466,1.5499855046565743 
 12/30  08:00:00,8.719333970130183,1.9051348671353786 
 12/30  09:00:00,8.602419383308627,1.76465603124988 
 12/30  10:00:00,10.253195580728836,3.3408586603983507 
 12/30  11:00:00,11.427131632938164,4.731895384455507 
 12/30  12:00:00,12.2320762629293,5.564344171106413 
 12/30  13:00:00,12.980298965478206,6.387981358089155 
 12/30  14:00:00,13.48455581932555,7.058480782641684 
 12/30  15:00:00,14.19805234564398,7.952217352005306 
 12/30  16:00:00,14.397132116556321,8.23289428885597 
 12/30  17:00:00,13.46374433973152,7.5208077578731669 
 12/30  18:00:00,12.014738840079083,6.2003191302994999 
 12/30  19:00:00,11.222594985428574,5.558976752523241 
 12/30  20:00:00,10.763066502647228,5.224824800064308 
 12/30  21:00:00,10.24819546629702,4.830662969785777 
 12/30  22:00:00,9.946207280887034,4.556220052328929 
 12/30  23:00:00,9.677865437122625,4.275933253491687 
 12/30  24:00:00,9.45243120935623,4.014190910964625 
 12/31  01:00:00,9.215557403068372,3.72334872325087 
 12/31  02:00:00,9.012111586631768,3.4477213948234208 
 12/31  03:00:00,8.740960641493145,3.0833125472706479 
 12/31  04:00:00,8.559174158611699,2.8008738760926437 
 12/31  05:00:00,8.381033528204254,2.515198389732054 
 12/31  06:00:00,8.190518681527348,2.2256300800724695 
 12/31  07:00:00,8.539348895827367,2.382469420669241 
 12/31  08:00:00,9.156542633707503,2.7496709386522264 
 12/31  09:00:00,9.063487178776765,2.611100935762266 
 12/31  10:00:00,10.702254133208009,4.185637667828174 
 12/31  11:00:00,11.894577423674951,5.603673643857909 
 12/31  12:00:00,12.725080269898097,6.472383657704451 
 12/31  13:00:00,13.430056591902729,7.2570103632953 
 12/31  14:00:00,13.897852789739302,7.879918366060147 
 12/31  15:00:00,13.694995804982268,7.6901254588875009 
 12/31  16:00:00,14.016951865590859,8.144820747808446 
 12/31  17:00:00,13.549961199856903,7.925518861644292 
 12/31  18:00:00,12.250343262442975,6.7232763767396819 
 12/31  19:00:00,11.54028102204573,6.146821266712999 
 12/31  20:00:00,11.12278709179406,5.830988521397301 
 12/31  21:00:00,10.590784352115243,5.415288370928182 
 12/31  22:00:00,10.32537235140126,5.18222233126309 
 12/31  23:00:00,10.157370299016563,4.991035231009391 
 12/31  24:00:00,9.925809030567237,4.721668126659715 
